customer_id,full_name,email_address,phone_number,registration_date,purchase_amount,product_category,satisfaction_score_1-5,country,customer_age,gender,order_status,discount_applied,shipping_cost,registration_date_imputed
CUST_101181,Donald Brown,Unknown,4003496385,2024-10-20,385.2,Books,3,Australia,71,Female,Shipped,Yes,46.49,0
CUST_100069,David Garcia,david.35@yahoo.com,5538535544,2020-10-27,415.43,Electronics,1,Canada,77,Male,Cancelled,Yes,12.88,0
CUST_100351,Robert Wilson,robert.50@gmail.com,5438783553,2021-10-13,385.2,Automotive,1,United Kingdom,37,Male,Delivered,No,12.28,0
CUST_101163,Donna Moore,Unknown,1793424343,2019-03-23,341.33,Books,5,United Kingdom,43,Female,Unknown,No,35.68,0
CUST_100429,Carol Davis,carol.43@yahoo.com,8084404666,2023-11-06,129.95,Sports,3,France,45,Female,Pending,Yes,48.93,0
CUST_101930,Lisa Gonzalez,Unknown,8424251716,2019-12-27,595.05,Sports,1,Australia,33,Female,Cancelled,Yes,11.73,0
CUST_100239,Carol Garcia,carol.49@hotmail.com,4549017616,2020-10-14,449.46,Automotive,4,Australia,25,Female,Shipped,No,35.9,0
CUST_101749,Sandra Taylor,Unknown,7844194420,2018-09-28,569.65,Automotive,1,United Kingdom,60,Male,Pending,No,7.82,0
CUST_100855,Betty Williams,betty.11@yahoo.com,7756801515,2024-03-09,385.6,Automotive,3,France,60,Female,Cancelled,Yes,26.55,0
CUST_100464,Sarah Miller,sarah.92@gmail.com,9792517169,2023-01-17,385.2,Sports,3,Unknown,79,Male,Shipped,Yes,26.58,1
CUST_101936,Matthew Jones,Unknown,5491258217,2018-07-05,402.65,Sports,2,France,62,Female,Pending,No,11.11,0
CUST_101566,Matthew Hernandez,matthew.30@company.com,1147842060,2021-11-27,555.17,Clothing,2,Germany,77,Female,Pending,Yes,26.55,0
CUST_100701,Ruth Rodriguez,Unknown,Unknown,2018-02-04,163.92,Home & Garden,3,Australia,69,Male,Delivered,Yes,15.87,0
CUST_100602,Jennifer Martinez,jennifer.76@gmail.com,2141991223,2021-05-11,352.09,Clothing,5,United Kingdom,73,Male,Delivered,No,49.63,0
CUST_101787,John Miller,john.27@gmail.com,9075508548,2022-02-28,313.42,Electronics,3,Canada,54,Male,Pending,No,38.43,0
CUST_100231,Steven Johnson,Unknown,6136259956,2018-04-08,148.59,Books,1,United States,62,Female,Shipped,Yes,27.74,0
CUST_101713,James Gonzalez,Unknown,3562895933,2024-08-27,340.38,Toys,3,United Kingdom,51,Female,Shipped,Yes,24.68,0
CUST_100561,Jennifer Gonzalez,jennifer.71@yahoo.com,2905116808,2019-12-22,11.79,Unknown,1,United Kingdom,47,Female,Delivered,No,43.68,0
CUST_100433,Daniel Martin,Unknown,3283652895,2020-09-21,207.81,Toys,5,Japan,50,Female,Shipped,Yes,38.16,1
CUST_101712,William Gonzalez,william.70@hotmail.com,3897292724,2018-12-05,385.2,Electronics,4,Japan,78,Male,Cancelled,Yes,17.7,0
CUST_101329,Maria Moore,maria.53@gmail.com,1684584703,2022-06-21,724.16,Electronics,3,Unknown,69,Female,Delivered,Yes,26.55,0
CUST_100519,Anthony Anderson,anthony.90@gmail.com,3274872720,2021-06-09,106.12,Books,5,France,69,Male,Pending,No,26.55,1
CUST_100438,Robert Lopez,Unknown,7046484110,2021-06-16,123.81,Electronics,3,France,68,Male,Cancelled,No,14.78,0
CUST_101933,Maria Martinez,Unknown,1575007226,2021-12-21,12.02,Unknown,3,Canada,54,Female,Cancelled,Yes,39.03,0
CUST_100111,Anthony Martinez,Unknown,4257986613,2022-09-02,446.3,Electronics,5,Australia,43,Male,Delivered,Yes,21.78,0
CUST_100196,Steven Williams,Unknown,Unknown,2018-06-22,542.64,Sports,4,Germany,27,Male,Shipped,No,48.76,0
CUST_100056,Robert Thomas,robert.59@outlook.com,5971283340,2023-09-11,345.4,Automotive,4,France,19,Female,Delivered,No,33.67,0
CUST_101285,Nancy Thomas,nancy.34@company.com,6547193487,2021-09-15,459.01,Clothing,3,United States,66,Male,Delivered,Unknown,45.42,0
CUST_101573,Karen Garcia,karen.90@yahoo.com,6191685447,2021-02-18,705.27,Toys,2,Germany,64,Female,Cancelled,No,35.47,0
CUST_101351,Susan Hernandez,Unknown,9073562970,2023-11-08,466.58,Home & Garden,2,Unknown,39,Male,Shipped,No,18.03,0
CUST_100324,Thomas Jones,Unknown,7236998354,2020-02-22,385.2,Sports,3,Australia,37,Female,Shipped,No,26.55,0
CUST_101959,Betty Taylor,Unknown,2289606782,2024-06-16,342.74,Unknown,4,Germany,50,Female,Cancelled,No,24.63,0
CUST_101956,Jennifer Smith,jennifer.72@yahoo.com,4768571343,2019-07-18,445.0,Home & Garden,1,United States,63,Female,Cancelled,Yes,31.34,0
CUST_101487,Lisa Johnson,lisa.92@gmail.com,8058964042,2019-06-15,385.2,Automotive,1,Germany,21,Female,Cancelled,No,35.3,1
CUST_100727,Sarah Jones,sarah.28@yahoo.com,1876831735,2022-01-09,657.74,Clothing,3,United Kingdom,55,Male,Delivered,Unknown,48.81,0
CUST_101318,Thomas Moore,Unknown,7294803718,2019-05-24,505.14,Automotive,3,United States,76,Female,Delivered,No,32.67,1
CUST_101204,James Miller,james.88@company.com,8512879345,2021-03-07,360.43,Clothing,4,United States,43,Female,Shipped,No,32.76,0
CUST_100744,Thomas Davis,Unknown,Unknown,2021-05-24,532.86,Electronics,2,France,67,Female,Shipped,No,12.01,0
CUST_100543,John Williams,Unknown,7312941119,2020-11-30,133.95,Electronics,4,Germany,59,Female,Delivered,No,9.63,0
CUST_101053,Anthony Jones,anthony.20@company.com,Unknown,2020-06-04,402.11,Toys,3,Japan,44,Male,Pending,No,25.02,1
CUST_100070,Donna Wilson,donna.32@outlook.com,9862691406,2019-10-23,570.22,Books,1,United States,49,Female,Shipped,Yes,38.75,0
CUST_100029,Jennifer Martin,jennifer.52@gmail.com,7063644954,2018-12-14,304.19,Clothing,5,United Kingdom,79,Female,Pending,No,11.08,0
CUST_101326,Anthony Miller,anthony.55@outlook.com,1054194074,2021-10-11,568.55,Sports,5,Germany,55,Male,Cancelled,Yes,36.91,0
CUST_100210,Jennifer Martin,Unknown,8817304098,2019-09-16,568.62,Electronics,1,France,23,Male,Shipped,Yes,26.55,0
CUST_101361,Ruth Williams,Unknown,Unknown,2022-07-10,95.69,Home & Garden,3,France,49,Male,Cancelled,No,49.03,0
CUST_101463,Richard Williams,richard.27@outlook.com,9327298454,2021-05-06,578.07,Electronics,2,United States,67,Female,Cancelled,No,12.91,0
CUST_101915,Matthew Martinez,matthew.84@gmail.com,1428128358,2018-12-11,773.68,Automotive,4,Canada,75,Female,Pending,No,36.5,0
CUST_101629,John Miller,Unknown,6504788178,2022-01-27,272.79,Electronics,4,France,34,Male,Shipped,No,17.58,0
CUST_101992,Richard Jackson,Unknown,1998731645,2023-03-07,397.14,Automotive,5,Unknown,50,Female,Unknown,No,40.14,0
CUST_101303,Anthony Brown,anthony.95@outlook.com,Unknown,2020-07-23,358.91,Electronics,1,France,64,Male,Shipped,No,13.07,0
CUST_101575,Matthew Johnson,Unknown,9171578317,2020-07-30,642.86,Toys,3,France,64,Male,Shipped,No,9.28,1
CUST_101681,Sandra Moore,sandra.55@outlook.com,5099782639,2019-09-20,714.34,Sports,1,Canada,35,Female,Shipped,No,49.46,1
CUST_100630,Donna Rodriguez,Unknown,3981403427,2023-11-05,333.06,Electronics,1,Unknown,79,Female,Shipped,No,25.06,0
CUST_101635,Daniel Gonzalez,daniel.47@hotmail.com,9363981358,2023-02-01,385.2,Clothing,2,Germany,50,Female,Shipped,Yes,23.71,0
CUST_101347,Lisa Davis,lisa.96@company.com,4634199552,2021-02-17,242.9,Sports,3,Australia,44,Female,Cancelled,No,48.24,0
CUST_100128,Robert Moore,robert.94@outlook.com,1373879074,2024-06-02,573.55,Sports,2,Germany,34,Male,Shipped,Yes,31.27,0
CUST_100903,Richard Martinez,richard.58@gmail.com,2051294670,2024-05-18,56.21,Electronics,1,Canada,33,Female,Delivered,Yes,26.55,1
CUST_101315,Helen Thomas,helen.67@gmail.com,8669959963,2022-01-09,251.76,Toys,3,United States,43,Male,Cancelled,No,28.31,0
CUST_101129,Maria Lopez,Unknown,4936071308,2018-01-21,750.63,Home & Garden,4,United States,59,Male,Shipped,Yes,24.46,0
CUST_101686,James Martinez,james.64@outlook.com,Unknown,2024-03-20,451.44,Electronics,1,Germany,44,Female,Shipped,No,44.32,0
CUST_100976,Jennifer Garcia,jennifer.83@yahoo.com,3809989927,2021-10-29,44.75,Books,4,United Kingdom,50,Female,Shipped,Yes,46.87,0
CUST_100781,Betty Johnson,Unknown,7853654015,2022-09-06,339.18,Toys,5,United States,49,Male,Shipped,No,46.55,0
CUST_101375,Jennifer Anderson,Unknown,7008397000,2023-05-10,253.9,Home & Garden,3,Australia,50,Male,Delivered,Yes,33.75,1
CUST_100124,Carol Hernandez,Unknown,Unknown,2023-05-05,705.47,Books,5,Canada,44,Female,Delivered,Yes,6.06,0
CUST_100254,Lisa Smith,lisa.17@gmail.com,3095002043,2018-09-25,325.24,Clothing,2,United States,61,Male,Shipped,No,16.4,1
CUST_100930,Thomas Anderson,Unknown,2688026032,2018-02-26,385.2,Home & Garden,3,Unknown,79,Male,Delivered,No,6.55,0
CUST_100220,Emma Anderson,emma.45@outlook.com,7539091599,2020-04-18,165.83,Books,2,Canada,27,Female,Delivered,Yes,33.19,0
CUST_100100,Sandra Thomas,sandra.73@hotmail.com,5336688401,2022-06-08,127.56,Clothing,4,United States,26,Male,Shipped,Yes,26.55,1
CUST_101804,Ruth Martin,Unknown,8744914312,2021-03-08,385.2,Toys,5,Australia,19,Male,Shipped,Yes,29.43,1
CUST_100374,Michael Wilson,Unknown,7598287297,2024-07-18,254.43,Electronics,2,Australia,79,Female,Shipped,No,15.57,0
CUST_100420,Anthony Jones,anthony.35@company.com,1894089990,2020-12-11,197.1,Toys,3,Australia,24,Female,Shipped,Yes,39.87,0
CUST_101554,Maria Hernandez,maria.13@gmail.com,8332625992,2019-09-06,385.2,Automotive,5,Canada,65,Female,Delivered,No,47.69,0
CUST_101844,Nancy Johnson,Unknown,6839179322,2019-10-16,783.48,Electronics,1,Japan,68,Male,Delivered,No,34.49,1
CUST_100968,Anthony Williams,Unknown,8274419484,2020-09-27,616.69,Home & Garden,3,United States,31,Male,Shipped,Yes,33.48,0
CUST_101447,Sandra Smith,sandra.61@yahoo.com,7919408875,2018-02-19,487.42,Clothing,2,Japan,50,Male,Delivered,No,30.46,1
CUST_100649,Donna Johnson,donna.45@yahoo.com,1214173669,2022-04-12,554.74,Automotive,3,France,64,Male,Delivered,Yes,26.55,1
CUST_101944,Betty Anderson,betty.24@yahoo.com,8003391096,2021-04-08,367.08,Unknown,2,Germany,64,Female,Shipped,No,21.13,1
CUST_935650,Mark Taylor,Unknown,9286078144,2021-02-23,400.19,Clothing,5,United Kingdom,50,Male,Pending,Yes,49.79,0
CUST_101593,Sandra Rodriguez,sandra.38@yahoo.com,6047463892,2019-06-24,769.75,Electronics,4,United States,59,Female,Delivered,Yes,8.62,1
CUST_101968,Maria Hernandez,maria.94@hotmail.com,2116558410,2019-03-19,53.14,Books,3,United Kingdom,52,Female,Cancelled,Unknown,26.55,0
CUST_101555,Susan Johnson,Unknown,5507895831,2019-03-23,594.82,Books,4,Japan,65,Female,Cancelled,No,32.73,0
CUST_100548,Mark Garcia,mark.56@company.com,2791767013,2022-04-12,673.78,Automotive,5,Australia,20,Male,Cancelled,No,26.45,0
CUST_100233,Robert Davis,robert.48@yahoo.com,1734681627,2021-09-29,304.76,Sports,4,Germany,71,Male,Pending,Yes,7.31,0
CUST_101165,Steven Williams,steven.28@company.com,Unknown,2023-10-26,461.4,Home & Garden,2,Japan,74,Male,Unknown,No,26.55,0
CUST_101552,Mark Hernandez,mark.48@company.com,3951264621,2021-07-23,763.71,Unknown,5,Australia,57,Male,Cancelled,Yes,26.55,0
CUST_100680,James Smith,james.71@outlook.com,4995578838,2024-01-30,390.29,Books,2,France,18,Male,Shipped,No,40.69,0
CUST_100614,Daniel Gonzalez,Unknown,8283586690,2023-03-13,322.29,Clothing,4,Unknown,29,Female,Shipped,No,17.73,0
CUST_100861,Helen Wilson,Unknown,2173221483,2023-03-18,688.02,Toys,3,United States,50,Female,Pending,Yes,21.64,1
CUST_100414,Michael Taylor,michael.81@hotmail.com,3397218938,2019-08-19,517.08,Electronics,4,United States,70,Female,Pending,No,46.96,0
CUST_101169,Mark Wilson,mark.18@hotmail.com,4017361510,2021-10-24,400.93,Clothing,2,United States,60,Male,Unknown,Yes,26.55,0
CUST_101419,Anthony Moore,anthony.17@outlook.com,Unknown,2024-01-19,385.2,Sports,2,France,55,Male,Delivered,Yes,6.38,0
CUST_101132,Charles Lopez,Unknown,7764121512,2023-04-25,80.5,Sports,4,Australia,42,Female,Delivered,Yes,26.55,0
CUST_100065,Lisa Jones,Unknown,7835593440,2022-08-16,416.07,Sports,3,Germany,50,Female,Delivered,Unknown,34.12,0
CUST_101701,Richard Hernandez,richard.53@hotmail.com,1476527177,2024-06-02,776.66,Home & Garden,4,Japan,30,Male,Cancelled,Yes,30.71,1
CUST_101625,Helen Rodriguez,Unknown,8235985093,2018-12-23,463.85,Books,4,United States,37,Male,Cancelled,Yes,30.1,0
CUST_100297,Thomas Miller,thomas.76@yahoo.com,2575516866,2024-01-22,527.27,Electronics,3,France,48,Female,Pending,Yes,40.8,0
CUST_101726,Lisa Rodriguez,Unknown,2903616586,2022-11-14,682.58,Books,1,Germany,77,Female,Shipped,Yes,33.65,1
CUST_101619,Steven Taylor,steven.22@yahoo.com,4821246273,2023-10-30,685.42,Toys,2,Australia,33,Female,Delivered,No,19.66,0
CUST_100478,David Rodriguez,david.97@outlook.com,8631963967,2024-03-05,393.62,Home & Garden,2,Canada,29,Male,Pending,Yes,35.24,0
CUST_100529,Michael Johnson,Unknown,8533731866,2021-07-11,287.91,Books,5,Unknown,71,Female,Cancelled,No,26.55,0
CUST_101113,Jane Lopez,jane.31@company.com,1783569907,2018-07-20,720.6,Home & Garden,2,France,25,Male,Pending,Yes,42.14,0
CUST_100188,Thomas Hernandez,Unknown,1436074594,2022-06-10,235.04,Electronics,2,Japan,61,Male,Unknown,No,17.9,0
CUST_101128,Helen Anderson,Unknown,1861615572,2019-06-30,425.04,Automotive,5,Germany,48,Female,Cancelled,Yes,21.92,1
CUST_100654,Daniel Garcia,Unknown,2408441193,2020-10-05,328.36,Sports,1,Canada,45,Male,Cancelled,Yes,38.49,1
CUST_101424,Helen Martin,Unknown,6818693286,2023-01-16,654.52,Clothing,3,United States,19,Male,Pending,No,27.78,0
CUST_100298,Charles Thomas,charles.62@outlook.com,8311359721,2019-10-16,344.79,Toys,3,France,63,Female,Cancelled,No,22.89,0
CUST_100211,Robert Hernandez,robert.92@outlook.com,4019083434,2021-02-26,713.99,Automotive,3,Unknown,25,Female,Delivered,No,33.89,0
CUST_100904,Sandra Hernandez,sandra.52@outlook.com,Unknown,2022-07-29,794.87,Automotive,4,Unknown,68,Female,Cancelled,Yes,8.99,0
CUST_100480,Nancy Martinez,nancy.94@gmail.com,2282016328,2022-09-19,80.1,Automotive,4,United States,54,Female,Shipped,Yes,48.34,0
CUST_101460,Mark Wilson,Unknown,6448777282,2024-09-16,450.16,Unknown,5,Japan,43,Male,Delivered,Yes,21.62,0
CUST_101511,Emma Moore,emma.13@hotmail.com,3162135740,2024-06-03,308.28,Home & Garden,5,Japan,53,Female,Delivered,No,26.55,0
CUST_100819,Nancy Hernandez,nancy.97@company.com,3296195646,2019-04-10,576.62,Electronics,1,Australia,62,Male,Shipped,No,34.73,0
CUST_100212,Robert Rodriguez,robert.58@outlook.com,1547445588,2022-03-14,789.49,Home & Garden,2,United States,41,Female,Delivered,Yes,33.39,0
CUST_101870,David Wilson,david.97@gmail.com,9339388292,2022-11-25,767.53,Automotive,5,France,50,Male,Delivered,No,46.83,0
CUST_101407,Thomas Martinez,thomas.51@yahoo.com,7462908785,2018-11-04,764.72,Clothing,5,Germany,23,Male,Cancelled,Yes,13.9,0
CUST_100584,Jennifer Moore,jennifer.29@company.com,5393533498,2019-10-26,711.73,Sports,1,Germany,70,Male,Unknown,No,32.3,0
CUST_101615,Michael Thomas,michael.11@company.com,1565186793,2019-08-10,615.65,Books,3,Japan,71,Male,Delivered,Unknown,13.45,0
CUST_100780,Charles Davis,Unknown,8295627876,2018-09-15,499.2,Clothing,3,France,58,Male,Delivered,Unknown,37.84,0
CUST_101509,Susan Jones,susan.28@outlook.com,4846503157,2020-06-29,33.18,Home & Garden,2,Germany,29,Male,Delivered,Yes,33.67,0
CUST_101337,Jennifer Williams,Unknown,7017607274,2022-05-20,659.99,Books,3,United States,46,Male,Delivered,Yes,26.05,0
CUST_101461,Maria Gonzalez,maria.92@company.com,1812531113,2020-10-24,89.0,Toys,5,United Kingdom,43,Male,Shipped,Yes,25.45,0
CUST_101846,Nancy Miller,nancy.65@outlook.com,7004221111,2024-03-11,714.77,Home & Garden,4,France,70,Female,Shipped,No,26.53,0
CUST_101502,Daniel Garcia,Unknown,4531854400,2024-08-28,150.75,Sports,3,Germany,52,Female,Cancelled,No,37.98,0
CUST_101106,William Brown,Unknown,1103327767,2021-10-30,385.2,Electronics,1,United States,33,Male,Delivered,No,21.47,0
CUST_101000,Steven Miller,Unknown,4309233280,2022-08-03,239.07,Books,4,Australia,67,Male,Shipped,Yes,26.4,0
CUST_101247,Betty Thomas,Unknown,9603375786,2020-01-22,263.92,Home & Garden,5,United States,45,Male,Pending,No,7.48,0
CUST_101693,Maria Rodriguez,Unknown,2129053660,2024-01-01,283.92,Books,3,Germany,50,Male,Delivered,Yes,30.7,0
CUST_101919,John Miller,Unknown,2718575202,2022-10-01,669.54,Clothing,3,France,31,Male,Pending,Yes,7.92,0
CUST_100741,James Johnson,Unknown,6136289573,2023-05-27,179.7,Unknown,1,United Kingdom,39,Female,Delivered,No,12.75,0
CUST_101022,Steven Lopez,steven.64@outlook.com,4188361105,2020-01-05,648.57,Home & Garden,2,United States,38,Female,Shipped,Yes,43.52,0
CUST_101833,John Davis,john.15@gmail.com,6889561871,2019-07-21,547.38,Unknown,3,France,78,Female,Cancelled,No,24.08,0
CUST_100834,Donna Wilson,donna.86@company.com,3081952528,2022-11-07,717.87,Home & Garden,2,France,77,Male,Cancelled,Yes,24.06,0
CUST_100746,Sarah Lopez,Unknown,Unknown,2018-05-19,295.47,Unknown,3,Australia,23,Female,Cancelled,Yes,26.55,0
CUST_100532,Ruth Martinez,Unknown,4629178678,2022-04-04,23.22,Unknown,5,United Kingdom,34,Male,Cancelled,Yes,9.76,0
CUST_101055,John Martin,john.90@company.com,Unknown,2023-12-26,468.37,Sports,5,France,61,Female,Pending,Yes,44.23,0
CUST_101381,Robert Brown,robert.67@hotmail.com,8056177705,2023-03-17,101.88,Clothing,3,United States,76,Male,Shipped,Yes,8.55,0
CUST_101810,Maria Jones,Unknown,1773032529,2022-08-01,385.2,Books,3,Japan,36,Female,Cancelled,No,29.88,0
CUST_100099,Michael Williams,michael.63@yahoo.com,2729005016,2020-03-21,93.57,Unknown,1,United Kingdom,55,Male,Pending,Unknown,30.49,0
CUST_101617,Matthew Hernandez,Unknown,Unknown,2019-01-15,327.92,Electronics,1,Canada,77,Female,Delivered,Yes,49.63,0
CUST_100184,Robert Hernandez,robert.77@company.com,4492938794,2021-10-17,440.45,Clothing,4,Canada,59,Male,Pending,Yes,32.11,0
CUST_101455,Ruth Williams,ruth.97@gmail.com,7865117921,2019-10-11,266.28,Clothing,1,United States,34,Male,Cancelled,Yes,5.38,0
CUST_100544,Lisa Jackson,Unknown,8196476653,2019-11-22,642.16,Electronics,2,Canada,39,Male,Pending,No,36.77,0
CUST_100581,Matthew Martin,matthew.26@gmail.com,3421536605,2021-02-17,710.45,Home & Garden,5,Australia,50,Male,Delivered,No,27.61,0
CUST_101114,Betty Wilson,betty.33@company.com,Unknown,2019-11-29,272.3,Sports,1,Australia,34,Male,Cancelled,No,31.81,0
CUST_101170,Donald Jackson,Unknown,1453973458,2020-03-09,550.04,Books,4,United States,44,Male,Cancelled,Yes,42.7,1
CUST_100494,Donna Jackson,Unknown,6572757931,2020-09-12,385.2,Books,1,France,49,Male,Pending,No,34.02,0
CUST_100495,Jennifer Williams,Unknown,7731005068,2024-10-08,142.04,Home & Garden,1,United States,69,Male,Delivered,No,16.46,0
CUST_100555,Maria Wilson,Unknown,Unknown,2022-12-29,233.12,Toys,4,Australia,25,Female,Cancelled,Yes,14.81,1
CUST_100552,Emma Jackson,emma.87@gmail.com,9718842931,2023-08-09,744.24,Automotive,3,United Kingdom,52,Male,Delivered,No,47.02,1
CUST_101754,Thomas Jackson,thomas.50@outlook.com,7615297406,2024-07-17,543.35,Home & Garden,2,Germany,37,Female,Delivered,No,44.71,0
CUST_100450,Matthew Thomas,matthew.97@outlook.com,8333154687,2020-07-22,179.86,Books,1,Australia,80,Female,Cancelled,No,30.74,0
CUST_100289,Betty Jackson,Unknown,1103562878,2022-11-04,385.2,Toys,5,United States,22,Male,Cancelled,Yes,26.55,0
CUST_101664,John Martinez,john.73@hotmail.com,6534562134,2018-03-22,315.91,Sports,2,United States,22,Male,Delivered,No,26.55,0
CUST_100650,Jennifer Lopez,jennifer.34@hotmail.com,9375034077,2024-07-31,276.44,Automotive,1,Canada,80,Female,Shipped,No,7.21,1
CUST_100281,Charles Martinez,charles.14@hotmail.com,5218802986,2022-03-02,385.2,Sports,3,France,63,Male,Shipped,Yes,38.02,1
CUST_100247,Donna Brown,donna.16@yahoo.com,6919943102,2020-02-21,391.89,Clothing,3,Australia,69,Female,Cancelled,Yes,13.78,0
CUST_100990,Donald Martin,Unknown,1055406771,2018-10-02,149.52,Books,4,France,38,Male,Shipped,No,36.22,1
CUST_101084,Steven Johnson,Unknown,7331589944,2020-01-05,492.31,Books,4,Germany,21,Male,Cancelled,No,47.03,1
CUST_100932,Maria Martinez,Unknown,9972092805,2019-08-15,467.47,Clothing,3,France,29,Male,Delivered,Yes,49.62,0
CUST_100873,Jane Smith,jane.94@yahoo.com,9391658363,2023-11-21,467.97,Electronics,1,France,33,Male,Delivered,No,19.09,0
CUST_101401,William Martinez,william.78@yahoo.com,4942599813,2020-10-21,456.84,Electronics,4,United States,24,Male,Shipped,Yes,15.14,0
CUST_100733,Thomas Lopez,Unknown,8197902595,2019-09-02,519.96,Electronics,2,Germany,72,Female,Pending,No,28.83,0
CUST_100251,Donald Anderson,Unknown,8076505909,2019-05-07,435.74,Clothing,2,Unknown,47,Female,Shipped,Yes,22.47,0
CUST_100453,Lisa Gonzalez,lisa.57@company.com,7759683608,2023-03-23,730.12,Toys,4,United States,55,Male,Shipped,No,35.0,1
CUST_100237,Betty Jones,Unknown,2419759898,2023-07-07,790.66,Home & Garden,5,France,37,Male,Shipped,No,12.04,0
CUST_101637,William Gonzalez,Unknown,4698918304,2019-02-23,225.48,Books,2,Canada,72,Male,Pending,Yes,36.04,0
CUST_100381,James Wilson,james.80@hotmail.com,3758664432,2020-05-28,703.41,Sports,2,Australia,50,Female,Pending,Yes,37.57,1
CUST_100514,John Wilson,john.71@hotmail.com,8006617664,2019-02-16,106.43,Clothing,2,France,35,Unknown,Cancelled,Yes,26.55,0
CUST_101720,Anthony Miller,anthony.76@yahoo.com,9559134896,2019-07-26,564.36,Home & Garden,2,Australia,35,Male,Cancelled,No,18.55,0
CUST_100588,Thomas Brown,thomas.74@gmail.com,9292059230,2023-06-30,385.2,Toys,1,France,63,Male,Delivered,No,36.54,0
CUST_101523,Ruth Anderson,ruth.51@gmail.com,7346152319,2022-07-18,383.26,Electronics,4,United States,75,Female,Shipped,Yes,38.06,1
CUST_100620,Karen Johnson,Unknown,5076069723,2022-11-11,622.65,Sports,3,Australia,76,Female,Shipped,No,26.55,0
CUST_101067,Sandra Smith,Unknown,Unknown,2024-01-11,322.44,Sports,3,Germany,22,Female,Pending,Yes,16.45,0
CUST_101798,Betty Gonzalez,betty.60@hotmail.com,8585106710,2020-06-28,182.65,Home & Garden,2,Japan,40,Female,Shipped,No,27.53,1
CUST_100845,Daniel Gonzalez,daniel.51@hotmail.com,6939872694,2018-01-16,339.0,Clothing,4,United States,50,Male,Shipped,Yes,39.94,0
CUST_101078,Matthew Garcia,matthew.46@hotmail.com,1527159856,2021-10-15,391.05,Unknown,1,Canada,50,Male,Cancelled,No,49.84,0
CUST_101189,Unknown,james.49@hotmail.com,7812415264,2023-08-31,385.2,Toys,5,United States,43,Female,Delivered,No,26.55,0
CUST_100964,Daniel Jones,Unknown,8534438415,2022-07-12,228.99,Clothing,3,Germany,43,Male,Cancelled,No,35.05,0
CUST_100808,William Wilson,william.48@yahoo.com,8187352625,2024-09-27,31.26,Home & Garden,1,United States,46,Male,Delivered,No,15.96,1
CUST_100607,Karen Lopez,karen.78@hotmail.com,2082332971,2019-07-27,725.23,Home & Garden,5,Australia,63,Female,Delivered,Yes,48.41,0
CUST_100712,Donna Gonzalez,Unknown,9493649222,2018-12-04,429.64,Electronics,3,Japan,62,Unknown,Delivered,Yes,32.71,0
CUST_101004,Mark Gonzalez,mark.11@outlook.com,4849018158,2020-08-27,466.19,Home & Garden,3,Australia,50,Female,Unknown,No,47.68,0
CUST_101847,Susan Brown,susan.43@company.com,1548296871,2020-02-15,385.2,Books,2,Germany,31,Male,Delivered,No,44.3,1
CUST_100121,Anthony Johnson,anthony.64@gmail.com,4664963903,2020-10-05,576.75,Books,3,Germany,74,Male,Delivered,Yes,21.71,0
CUST_101679,Unknown,Unknown,3616202834,2023-10-27,779.77,Sports,5,United States,47,Female,Pending,Yes,37.23,0
CUST_100535,Anthony Gonzalez,Unknown,1894127660,2018-09-22,595.13,Toys,5,Japan,34,Male,Delivered,No,36.03,0
CUST_101331,Jennifer Brown,Unknown,9885366009,2021-06-26,225.16,Toys,3,France,57,Female,Pending,No,27.17,0
CUST_100367,Sandra Garcia,Unknown,7664947947,2022-04-06,385.2,Unknown,3,United States,72,Female,Cancelled,Yes,23.77,1
CUST_101290,Helen Brown,helen.77@gmail.com,7716908723,2020-02-19,178.13,Toys,5,United States,54,Female,Shipped,Yes,26.55,0
CUST_101584,Charles Anderson,charles.77@company.com,Unknown,2018-04-15,657.59,Books,4,Canada,79,Male,Pending,Yes,48.43,0
CUST_100998,Lisa Martinez,Unknown,2003675948,2019-02-01,385.2,Automotive,2,United Kingdom,49,Male,Shipped,Yes,32.47,0
CUST_100115,Lisa Davis,Unknown,2367611033,2024-09-19,678.2,Books,5,Unknown,22,Male,Cancelled,No,5.68,0
CUST_101607,Anthony Davis,anthony.22@gmail.com,9722613574,2023-10-12,610.28,Automotive,1,Australia,79,Male,Shipped,No,39.83,0
CUST_101314,Nancy Hernandez,Unknown,7419229594,2023-03-14,473.14,Books,1,France,38,Female,Cancelled,Yes,41.75,1
CUST_100361,Steven Davis,steven.38@hotmail.com,5255047113,2024-01-04,313.38,Electronics,4,Canada,80,Female,Pending,No,33.6,0
CUST_100856,Steven Johnson,steven.20@hotmail.com,4514558928,2021-10-27,385.2,Sports,1,France,20,Female,Pending,No,24.93,0
CUST_101742,Unknown,Unknown,9797334707,2024-06-19,349.09,Books,4,France,77,Male,Pending,Yes,6.33,0
CUST_100941,Karen Taylor,karen.12@outlook.com,2807085520,2021-01-26,18.03,Electronics,2,France,32,Female,Shipped,Yes,27.25,0
CUST_100321,Thomas Johnson,thomas.93@yahoo.com,8898103177,2022-07-22,252.13,Clothing,4,Germany,66,Male,Delivered,Yes,6.49,0
CUST_101893,Richard Miller,Unknown,2921916031,2018-04-02,795.95,Sports,2,United States,49,Male,Delivered,Yes,11.81,0
CUST_101708,Emma Gonzalez,emma.38@company.com,6524742579,2018-08-06,385.2,Sports,2,United States,30,Male,Delivered,Yes,6.77,1
CUST_101849,Jennifer Johnson,jennifer.31@outlook.com,8472654188,2021-07-14,693.23,Sports,4,United States,38,Female,Pending,No,32.58,0
CUST_100486,Thomas Hernandez,thomas.11@company.com,9097673033,2024-04-07,138.15,Home & Garden,3,Japan,41,Female,Delivered,Yes,16.72,1
CUST_100619,Richard Jones,richard.53@company.com,6791624116,2022-05-03,224.57,Books,5,United States,50,Male,Delivered,No,7.81,0
CUST_100576,Robert Rodriguez,robert.28@company.com,8312306322,2018-08-21,513.38,Books,1,United Kingdom,35,Male,Pending,Yes,33.66,0
CUST_101469,Sandra Davis,sandra.44@company.com,2834006847,2018-05-27,412.02,Electronics,4,Australia,20,Male,Cancelled,No,15.69,0
CUST_101317,William Garcia,Unknown,4018375441,2020-12-25,462.6,Automotive,3,Japan,77,Female,Pending,Yes,5.49,0
CUST_101902,Jane Brown,Unknown,6073111255,2021-12-29,385.2,Toys,1,Unknown,19,Female,Delivered,No,16.9,0
CUST_100554,Michael Thomas,Unknown,Unknown,2021-04-15,292.53,Automotive,4,Germany,29,Male,Shipped,Yes,23.39,0
CUST_100829,Lisa Brown,Unknown,7514993846,2019-10-27,350.53,Clothing,3,Australia,45,Female,Pending,No,7.96,0
CUST_100120,John Williams,Unknown,4619327166,2018-04-21,635.3,Toys,3,Australia,24,Male,Cancelled,Unknown,35.46,1
CUST_101820,David Garcia,david.62@yahoo.com,4033491340,2021-11-30,574.47,Books,1,United States,71,Female,Delivered,No,38.63,0
CUST_100275,Helen Miller,helen.31@hotmail.com,9439293869,2022-11-19,0.0,Books,2,Australia,65,Female,Unknown,Yes,40.55,0
CUST_101473,Helen Moore,helen.25@hotmail.com,1866472549,2022-05-19,189.88,Toys,4,Germany,30,Female,Shipped,Unknown,8.89,0
CUST_974311,Thomas Brown,thomas.27@outlook.com,7994526773,2018-09-10,675.45,Clothing,5,Australia,50,Female,Shipped,No,27.76,1
CUST_101268,Mark Jones,Unknown,8858842039,2024-05-01,247.69,Sports,1,United Kingdom,34,Male,Shipped,No,26.55,0
CUST_100530,Emma Martinez,Unknown,7544795081,2021-01-27,81.28,Clothing,2,Germany,65,Female,Delivered,Yes,24.35,0
CUST_100785,Jane Thomas,jane.12@yahoo.com,9022648156,2021-05-14,166.4,Sports,2,United States,31,Male,Delivered,Yes,19.91,0
CUST_100135,Maria Wilson,Unknown,1662305253,2019-08-31,661.55,Toys,1,Unknown,55,Female,Delivered,Yes,33.02,0
CUST_100382,James Williams,james.71@company.com,5078156047,2022-02-17,525.47,Home & Garden,4,Australia,67,Female,Cancelled,Yes,17.52,0
CUST_101456,Ruth Thomas,Unknown,4105355237,2022-07-10,365.67,Books,4,Japan,80,Male,Shipped,Yes,33.3,1
CUST_100483,Sarah Smith,sarah.79@outlook.com,8171207451,2023-05-06,442.73,Electronics,2,France,57,Female,Delivered,Yes,46.84,0
CUST_100617,Sandra Thomas,sandra.30@gmail.com,6159091358,2019-02-19,94.71,Sports,3,United Kingdom,39,Male,Cancelled,Yes,9.61,0
CUST_100368,Donald Anderson,Unknown,3485891565,2019-03-26,299.9,Books,1,Japan,73,Female,Cancelled,No,6.14,0
CUST_100692,Jennifer Anderson,jennifer.58@company.com,Unknown,2023-07-08,181.54,Books,1,Japan,75,Male,Pending,Yes,33.04,0
CUST_100788,Karen Anderson,karen.11@yahoo.com,Unknown,2020-12-22,385.2,Sports,1,Germany,69,Male,Cancelled,No,32.47,0
CUST_100366,Helen Gonzalez,helen.91@outlook.com,6007507032,2019-10-29,138.71,Clothing,1,United States,72,Male,Shipped,No,26.55,0
CUST_100909,Charles Taylor,Unknown,Unknown,2019-08-15,385.2,Toys,3,United States,54,Female,Unknown,Unknown,12.19,1
CUST_100109,Ruth Moore,ruth.88@hotmail.com,8426695578,2020-08-21,393.98,Toys,1,United Kingdom,63,Female,Shipped,Yes,18.1,0
CUST_101905,Ruth Garcia,ruth.92@company.com,Unknown,2022-03-12,785.11,Books,2,Australia,64,Female,Pending,Yes,22.85,0
CUST_100527,Ruth Rodriguez,ruth.27@hotmail.com,3651099414,2022-03-27,635.47,Books,3,United States,80,Male,Cancelled,No,31.73,0
CUST_101299,Matthew Martin,matthew.33@gmail.com,7451852562,2022-09-07,386.54,Toys,5,Germany,72,Unknown,Pending,No,26.55,0
CUST_100862,Karen Martin,karen.37@company.com,3251853073,2019-04-06,199.32,Toys,5,Japan,41,Female,Delivered,Yes,25.96,1
CUST_101705,William Martin,william.19@company.com,5259769793,2019-11-17,661.05,Automotive,1,France,64,Male,Delivered,No,49.82,0
CUST_100879,Karen Wilson,karen.79@yahoo.com,8984213003,2018-11-19,242.18,Automotive,3,United States,59,Male,Pending,Unknown,11.14,0
CUST_100921,Matthew Martin,matthew.99@yahoo.com,1766061987,2024-07-04,58.84,Electronics,3,United Kingdom,18,Female,Shipped,No,26.55,0
CUST_101395,Emma Jones,emma.97@hotmail.com,3042815832,2021-08-16,60.39,Automotive,1,France,80,Male,Cancelled,Yes,44.23,0
CUST_100063,Susan Jackson,susan.73@company.com,9537203175,2020-07-21,778.07,Clothing,3,United Kingdom,40,Female,Delivered,Yes,34.27,0
CUST_101040,Robert Jones,robert.31@outlook.com,1347608282,2023-12-15,580.46,Automotive,3,United Kingdom,36,Male,Cancelled,Yes,36.95,0
CUST_101824,John Thomas,john.92@hotmail.com,4968645284,2023-07-26,536.96,Books,2,Canada,65,Male,Pending,No,21.68,0
CUST_101547,Jennifer Rodriguez,jennifer.44@hotmail.com,Unknown,2023-07-15,744.89,Sports,4,Australia,79,Unknown,Cancelled,No,43.99,1
CUST_101061,Nancy Taylor,nancy.16@gmail.com,5301652014,2020-08-07,458.16,Sports,3,Germany,40,Female,Shipped,Yes,38.32,0
CUST_100723,Lisa Williams,lisa.46@outlook.com,Unknown,2020-03-09,575.3,Home & Garden,1,United Kingdom,31,Female,Shipped,Yes,11.35,1
CUST_101659,David Gonzalez,david.32@hotmail.com,8864349722,2020-12-28,385.2,Electronics,4,Canada,56,Male,Delivered,Yes,35.77,0
CUST_101255,Richard Johnson,richard.45@outlook.com,9846007750,2020-07-23,720.08,Sports,2,Unknown,22,Female,Shipped,No,5.29,1
CUST_101200,William Jackson,william.50@outlook.com,9444442765,2024-09-12,213.22,Toys,4,Australia,79,Female,Cancelled,Yes,32.11,0
CUST_100411,Donna Johnson,donna.14@outlook.com,7762921051,2024-01-27,385.2,Electronics,5,United Kingdom,44,Male,Pending,No,7.26,0
CUST_101368,Donald Gonzalez,donald.99@outlook.com,8302563898,2018-07-15,675.75,Home & Garden,3,Australia,71,Male,Pending,No,41.72,0
CUST_100427,Donald Jackson,donald.25@hotmail.com,7862263224,2023-09-19,385.2,Home & Garden,5,Japan,41,Male,Shipped,No,23.27,0
CUST_101857,Matthew Wilson,Unknown,6111924023,2023-12-08,61.66,Home & Garden,1,Canada,29,Female,Pending,No,37.4,0
CUST_100782,Sandra Taylor,sandra.67@outlook.com,1945386603,2024-10-29,511.73,Electronics,2,Australia,54,Male,Cancelled,No,8.0,0
CUST_100393,Karen Brown,Unknown,Unknown,2023-01-02,602.04,Books,4,France,39,Female,Pending,Yes,9.72,0
CUST_101102,Sandra Wilson,Unknown,5408187993,2021-08-30,529.69,Books,3,Canada,30,Female,Delivered,No,29.69,1
CUST_101735,Nancy Johnson,Unknown,9396234192,2021-05-19,244.56,Clothing,3,Japan,59,Male,Cancelled,No,30.94,0
CUST_100743,Robert Anderson,Unknown,4687388059,2024-03-11,385.2,Unknown,2,Canada,47,Male,Shipped,No,21.07,0
CUST_100942,David Johnson,Unknown,6056318103,2020-10-29,134.62,Books,4,United Kingdom,53,Female,Pending,Yes,14.43,0
CUST_101274,Donna Thomas,donna.59@hotmail.com,Unknown,2022-07-09,46.52,Home & Garden,5,United States,46,Male,Delivered,Yes,6.78,0
CUST_101776,Nancy Garcia,Unknown,1851132656,2019-03-15,360.14,Toys,1,United Kingdom,57,Female,Shipped,No,45.58,0
CUST_100978,Mark Thomas,mark.79@yahoo.com,7954576426,2021-06-08,684.77,Home & Garden,2,Canada,45,Female,Cancelled,No,31.28,0
CUST_100350,Susan Johnson,Unknown,5515329278,2019-01-21,768.93,Electronics,5,United Kingdom,61,Female,Shipped,Yes,23.23,0
CUST_100023,Betty Rodriguez,Unknown,4081861605,2022-10-05,49.37,Home & Garden,2,Canada,30,Male,Shipped,Yes,36.97,0
CUST_101784,Steven Miller,steven.51@hotmail.com,2208824909,2024-04-30,375.97,Sports,4,United States,47,Male,Delivered,No,48.53,0
CUST_101562,Robert Hernandez,robert.84@hotmail.com,2744523553,2019-06-24,522.98,Books,1,United States,50,Male,Delivered,No,16.7,0
CUST_100049,Donald Johnson,donald.38@gmail.com,8216259669,2018-11-22,270.53,Clothing,1,Australia,78,Female,Shipped,No,26.55,0
CUST_100173,Carol Garcia,carol.48@outlook.com,3624637897,2022-11-14,385.2,Electronics,2,Canada,42,Male,Shipped,Yes,43.28,0
CUST_101339,Matthew Rodriguez,matthew.40@hotmail.com,8549928756,2024-07-12,282.08,Clothing,5,France,37,Male,Pending,No,45.51,1
CUST_100307,David Smith,Unknown,9507803750,2019-11-06,725.31,Clothing,2,Unknown,42,Male,Delivered,No,16.14,0
CUST_100907,Michael Taylor,michael.87@gmail.com,Unknown,2020-02-08,636.18,Automotive,1,United Kingdom,46,Female,Cancelled,Unknown,15.51,0
CUST_101947,David Brown,david.84@yahoo.com,1366779938,2018-10-20,122.04,Clothing,3,Japan,32,Female,Pending,Yes,28.21,1
CUST_101134,Matthew Rodriguez,matthew.52@hotmail.com,3689294547,2022-03-29,580.06,Clothing,3,France,50,Male,Pending,Yes,46.64,0
CUST_101225,Lisa Anderson,lisa.64@company.com,8338232965,2021-04-19,551.91,Home & Garden,3,United Kingdom,74,Female,Pending,Unknown,5.64,0
CUST_100999,Donna Thomas,donna.27@company.com,2776778140,2024-10-15,160.42,Automotive,4,France,62,Male,Cancelled,No,16.25,1
CUST_101728,Anthony Wilson,anthony.48@hotmail.com,1987846609,2023-12-08,500.72,Automotive,3,Japan,78,Male,Delivered,No,23.18,0
CUST_100299,Donna Garcia,Unknown,Unknown,2024-06-07,39.68,Books,4,United Kingdom,23,Female,Unknown,Yes,13.42,0
CUST_100950,Charles Martin,Unknown,3948225718,2023-12-10,515.54,Clothing,2,Japan,21,Female,Cancelled,No,27.54,0
CUST_101835,James Davis,Unknown,Unknown,2020-07-07,200.5,Clothing,4,United Kingdom,30,Male,Pending,No,24.73,1
CUST_100342,Steven Moore,Unknown,2443093057,2024-08-01,309.19,Books,3,Japan,73,Female,Pending,No,8.47,0
CUST_101774,Ruth Davis,ruth.40@outlook.com,8503825123,2020-10-30,166.1,Automotive,3,United States,42,Female,Cancelled,Yes,26.79,1
CUST_101609,Matthew Johnson,Unknown,3753345306,2021-03-25,385.2,Electronics,3,Germany,52,Female,Delivered,Yes,12.63,0
CUST_100306,Lisa Miller,Unknown,1643252582,2024-03-04,385.2,Sports,5,Japan,68,Male,Pending,Yes,18.99,0
CUST_100256,Richard Hernandez,richard.30@hotmail.com,5627545991,2019-04-07,385.2,Home & Garden,1,United Kingdom,80,Female,Delivered,Yes,31.12,0
CUST_101802,Betty Garcia,Unknown,2038392481,2022-10-02,670.51,Unknown,1,United States,56,Male,Pending,Yes,38.2,0
CUST_101903,Matthew Anderson,Unknown,Unknown,2020-08-12,269.2,Sports,2,United States,73,Male,Pending,Yes,14.18,0
CUST_100507,Sandra Brown,Unknown,1727445413,2023-02-26,525.59,Clothing,1,Unknown,40,Female,Delivered,Yes,14.76,0
CUST_101926,Donald Brown,Unknown,2881852104,2018-12-29,211.47,Sports,3,United Kingdom,34,Female,Shipped,Yes,32.84,0
CUST_101334,Donald Lopez,Unknown,Unknown,2019-11-04,537.64,Electronics,5,Germany,79,Female,Unknown,Yes,42.37,0
CUST_100432,Lisa Anderson,lisa.29@gmail.com,9036758159,2024-04-19,173.95,Unknown,5,United Kingdom,56,Female,Delivered,No,26.55,0
CUST_101298,Emma Taylor,emma.92@company.com,7584186446,2024-03-03,59.31,Clothing,1,Germany,49,Male,Cancelled,Yes,48.69,1
CUST_100479,Jane Johnson,jane.46@hotmail.com,7608198105,2021-02-08,385.2,Clothing,1,United Kingdom,50,Male,Pending,No,15.13,0
CUST_100807,Unknown,Unknown,3919658167,2022-11-30,385.2,Clothing,1,France,50,Female,Shipped,No,11.05,1
CUST_100857,David Garcia,david.17@outlook.com,7146591082,2018-06-14,719.89,Automotive,4,Japan,79,Female,Cancelled,Yes,6.57,1
CUST_101342,Donald Moore,donald.12@gmail.com,5869951004,2021-01-13,385.2,Books,4,Germany,63,Male,Cancelled,Yes,14.54,1
CUST_100579,Thomas Thomas,thomas.53@hotmail.com,2109111346,2020-09-17,307.31,Toys,4,Unknown,43,Female,Pending,Yes,41.31,0
CUST_100678,Jennifer Martinez,Unknown,9308282251,2020-10-15,26.3,Automotive,1,Australia,20,Female,Cancelled,Unknown,45.94,0
CUST_100916,Mark Williams,mark.60@yahoo.com,7776015596,2020-11-10,113.35,Automotive,4,Unknown,39,Female,Shipped,Yes,38.56,0
CUST_100383,Karen Smith,Unknown,Unknown,2019-03-12,211.41,Books,4,France,55,Unknown,Delivered,No,16.7,0
CUST_100270,Richard Jackson,Unknown,Unknown,2020-12-30,750.79,Electronics,5,Unknown,53,Male,Cancelled,Yes,20.91,0
CUST_100806,Richard Wilson,richard.80@company.com,7092669892,2018-03-26,554.05,Books,3,Germany,75,Male,Unknown,Yes,49.06,0
CUST_100462,James Martinez,james.23@yahoo.com,Unknown,2023-03-11,644.26,Electronics,3,France,58,Female,Cancelled,No,48.52,0
CUST_101647,Mark Hernandez,mark.61@gmail.com,8521772509,2019-04-07,211.52,Home & Garden,2,Australia,50,Female,Cancelled,No,11.09,1
CUST_100316,Matthew Smith,matthew.89@outlook.com,5204089185,2024-01-31,226.83,Books,4,Canada,74,Female,Pending,Yes,39.1,1
CUST_100422,Sandra Taylor,sandra.92@outlook.com,5937789858,2023-09-13,574.74,Automotive,3,Germany,76,Female,Delivered,No,9.78,1
CUST_100025,Sandra Anderson,Unknown,6533904501,2020-08-10,522.81,Home & Garden,1,Germany,74,Male,Delivered,Yes,5.11,1
CUST_101323,James Moore,Unknown,8329498763,2019-02-07,445.51,Automotive,5,United States,65,Female,Delivered,Yes,25.21,0
CUST_100078,Mark Rodriguez,mark.91@hotmail.com,6467216249,2018-09-27,135.47,Home & Garden,1,United States,68,Male,Cancelled,No,17.16,0
CUST_101480,Jane Wilson,jane.46@gmail.com,8674097922,2023-12-20,319.74,Books,3,Australia,21,Female,Pending,No,35.64,0
CUST_100032,Anthony Williams,anthony.60@hotmail.com,3657429314,2021-10-13,350.75,Home & Garden,5,Unknown,76,Female,Delivered,Yes,17.8,1
CUST_101864,Betty Moore,betty.44@company.com,Unknown,2022-04-14,79.31,Books,2,Australia,39,Male,Shipped,No,29.45,0
CUST_100567,Carol Taylor,Unknown,2866495415,2020-01-03,331.69,Automotive,4,United Kingdom,34,Male,Delivered,Yes,46.9,0
CUST_101507,Donna Taylor,Unknown,5258831383,2024-06-17,142.05,Home & Garden,2,United States,63,Female,Cancelled,Yes,9.47,0
CUST_101232,Carol Garcia,carol.14@gmail.com,1395432645,2019-01-29,323.69,Toys,1,Germany,78,Female,Pending,No,47.73,0
CUST_100163,David Miller,david.78@outlook.com,5421672668,2024-08-29,634.92,Electronics,1,Japan,36,Male,Delivered,Yes,45.62,0
CUST_100203,John Moore,john.96@yahoo.com,4125674934,2018-06-14,668.1,Clothing,4,Germany,46,Female,Shipped,Yes,43.47,0
CUST_100721,Betty Moore,betty.87@yahoo.com,2112062274,2020-11-30,280.15,Toys,2,France,50,Male,Cancelled,No,18.62,0
CUST_100774,Charles Brown,charles.38@outlook.com,8924892022,2018-06-11,385.2,Books,1,United States,22,Male,Shipped,Yes,31.26,0
CUST_101808,Lisa Martinez,Unknown,4176185853,2018-09-07,93.3,Home & Garden,1,France,40,Female,Delivered,Yes,13.03,0
CUST_101576,Charles Johnson,Unknown,3533505195,2021-02-19,207.96,Electronics,5,France,50,Female,Pending,Yes,41.31,0
CUST_100305,Helen Martinez,Unknown,4459404148,2022-09-25,545.99,Sports,2,Canada,40,Female,Shipped,Unknown,38.46,1
CUST_101985,Nancy Martin,Unknown,4236978317,2023-06-07,606.2,Home & Garden,2,United States,68,Female,Cancelled,No,28.87,0
CUST_101193,Betty Moore,betty.94@gmail.com,9975641254,2024-03-13,290.06,Electronics,2,Unknown,62,Male,Delivered,Unknown,39.33,0
CUST_995126,Nancy Martinez,Unknown,5946265649,2023-05-23,180.83,Automotive,3,Unknown,66,Female,Pending,No,14.04,0
CUST_100192,Sarah Williams,sarah.69@company.com,Unknown,2020-12-04,627.52,Home & Garden,3,United Kingdom,31,Female,Delivered,No,28.67,0
CUST_100354,Carol Jackson,carol.81@company.com,4077099801,2023-01-23,722.34,Electronics,3,Germany,69,Male,Shipped,No,28.42,0
CUST_101335,Mark Jones,mark.72@gmail.com,8483215587,2020-07-05,468.36,Clothing,4,Canada,72,Male,Cancelled,No,27.6,0
CUST_101436,Thomas Brown,thomas.74@gmail.com,4258813187,2024-03-20,391.85,Toys,3,Germany,25,Male,Delivered,No,25.62,1
CUST_100218,William Jones,william.97@gmail.com,4826388918,2022-12-30,296.99,Clothing,5,Canada,63,Male,Cancelled,No,48.27,0
CUST_101244,Daniel Lopez,daniel.70@company.com,Unknown,2020-11-06,385.2,Sports,3,Canada,50,Female,Unknown,Yes,32.42,0
CUST_101789,Mark Williams,mark.20@gmail.com,7438628074,2022-10-08,548.58,Books,3,France,28,Female,Shipped,No,49.13,0
CUST_100937,Nancy Johnson,nancy.20@gmail.com,2545069227,2020-04-05,42.1,Toys,1,Germany,26,Female,Unknown,Yes,26.55,0
CUST_101689,Emma Wilson,Unknown,1627104437,2022-12-01,597.78,Automotive,4,Germany,47,Female,Shipped,No,26.55,0
CUST_101289,Maria Hernandez,Unknown,5693072633,2020-03-07,181.69,Electronics,2,Germany,48,Male,Delivered,No,19.23,0
CUST_963530,Sarah Davis,sarah.89@outlook.com,2537835940,2020-11-21,432.57,Automotive,5,United States,65,Female,Delivered,No,44.15,0
CUST_101564,Daniel Davis,daniel.98@gmail.com,9865963770,2019-06-16,776.56,Sports,5,Canada,62,Female,Delivered,No,14.47,0
CUST_100059,David Davis,david.99@outlook.com,8576001034,2018-06-30,492.55,Unknown,5,Canada,27,Male,Pending,No,14.87,1
CUST_100705,Sandra Hernandez,Unknown,2438669641,2018-01-09,677.03,Home & Garden,4,Unknown,80,Female,Delivered,Unknown,26.64,0
CUST_101333,Richard Gonzalez,Unknown,7567754319,2018-06-16,602.11,Automotive,3,Japan,59,Male,Delivered,Yes,19.74,0
CUST_101332,Daniel Moore,Unknown,8855125173,2021-01-18,622.3,Clothing,4,United States,75,Female,Pending,No,18.4,0
CUST_100073,Betty Anderson,betty.28@gmail.com,7336541866,2022-10-28,753.71,Sports,2,Canada,34,Female,Cancelled,No,28.06,0
CUST_101052,Daniel Davis,daniel.70@hotmail.com,6198949608,2024-07-09,385.2,Unknown,2,United Kingdom,39,Female,Shipped,Yes,37.05,0
CUST_100162,Helen Thomas,helen.82@gmail.com,Unknown,2022-04-14,419.56,Clothing,4,Australia,78,Male,Pending,No,10.3,0
CUST_100583,Anthony Garcia,Unknown,3963888961,2019-03-27,371.44,Automotive,4,Australia,75,Female,Unknown,No,15.6,0
CUST_100482,Matthew Thomas,Unknown,9146504029,2023-06-29,430.75,Books,4,United Kingdom,35,Male,Shipped,Yes,45.22,0
CUST_101699,Richard Hernandez,richard.83@gmail.com,Unknown,2024-06-08,731.19,Unknown,2,United States,49,Female,Delivered,Yes,28.41,0
CUST_101211,Donna Gonzalez,donna.58@hotmail.com,4934263923,2018-10-18,166.63,Toys,1,Germany,70,Male,Shipped,No,22.35,0
CUST_101986,David Rodriguez,Unknown,8202795747,2018-09-25,53.39,Sports,5,Germany,46,Male,Shipped,No,26.55,0
CUST_100767,Sarah Smith,sarah.78@gmail.com,5762112406,2019-03-05,249.45,Unknown,5,United States,50,Female,Shipped,Yes,24.24,0
CUST_101027,Richard Williams,richard.99@company.com,2244077628,2019-08-21,331.36,Home & Garden,1,United Kingdom,64,Male,Pending,Yes,21.78,1
CUST_100045,Emma Anderson,emma.55@hotmail.com,9923709172,2020-03-28,701.33,Clothing,1,France,45,Male,Delivered,Yes,24.41,0
CUST_101530,Carol Williams,carol.75@gmail.com,1661314391,2023-06-21,525.21,Books,3,Japan,29,Male,Delivered,Yes,18.15,0
CUST_101433,Nancy Jones,nancy.85@yahoo.com,2025827456,2018-03-05,450.37,Electronics,4,Germany,22,Male,Cancelled,Yes,27.87,0
CUST_100772,James Johnson,james.41@yahoo.com,6582598699,2024-08-15,455.28,Electronics,3,United Kingdom,31,Female,Delivered,Yes,29.45,0
CUST_100596,Robert Martin,Unknown,7591525985,2019-11-15,402.01,Books,3,United States,25,Male,Pending,Yes,45.94,0
CUST_100076,Helen Brown,helen.53@outlook.com,1193814371,2022-01-20,359.66,Sports,1,France,75,Male,Pending,No,21.52,0
CUST_101161,Nancy Jackson,nancy.99@hotmail.com,1457144845,2023-12-13,358.82,Electronics,1,France,42,Male,Cancelled,Yes,46.71,0
CUST_934937,Lisa Martinez,Unknown,2003675948,2019-02-01,184.47,Automotive,2,United Kingdom,49,Male,Shipped,Yes,32.47,0
CUST_100471,Mark Taylor,Unknown,2767687150,2019-08-23,184.39,Home & Garden,4,United States,42,Female,Cancelled,Yes,15.64,0
CUST_101972,Nancy Garcia,nancy.70@yahoo.com,5422848257,2022-06-21,68.91,Automotive,5,United States,39,Female,Shipped,Yes,26.55,1
CUST_100534,Unknown,Unknown,9333346000,2024-04-26,707.35,Unknown,2,Australia,50,Female,Delivered,No,33.48,0
CUST_100979,Robert Davis,Unknown,5273826067,2022-10-07,390.36,Automotive,4,United States,47,Male,Pending,No,24.76,0
CUST_100445,Michael Davis,michael.77@hotmail.com,7819691562,2018-06-23,385.2,Home & Garden,4,Canada,23,Male,Pending,No,8.39,1
CUST_101660,Anthony Jones,anthony.51@yahoo.com,7813056810,2023-06-27,126.0,Books,2,Australia,45,Male,Shipped,No,31.34,0
CUST_100893,Jennifer Brown,jennifer.29@yahoo.com,3912347599,2024-06-30,641.79,Clothing,2,United States,65,Male,Delivered,Yes,40.15,1
CUST_100030,Steven Lopez,Unknown,4118437926,2021-07-29,692.82,Clothing,1,United States,76,Male,Cancelled,No,16.29,0
CUST_101723,Donald Wilson,donald.78@company.com,3195645305,2019-11-04,385.2,Electronics,5,United States,40,Male,Shipped,Yes,26.55,1
CUST_101583,John Miller,john.34@company.com,Unknown,2022-10-20,411.38,Books,1,Germany,47,Male,Delivered,No,5.36,0
CUST_101649,Donna Anderson,donna.73@outlook.com,6259662437,2019-12-03,262.53,Unknown,1,Germany,50,Female,Cancelled,Yes,25.05,0
CUST_100923,David Anderson,Unknown,2925992712,2024-08-25,367.75,Clothing,3,Unknown,68,Female,Delivered,No,18.74,1
CUST_100730,Sarah Brown,sarah.19@gmail.com,4161086843,2020-08-21,197.58,Unknown,1,United Kingdom,39,Unknown,Shipped,No,32.55,0
CUST_101766,Sarah Anderson,sarah.87@gmail.com,1414905185,2022-06-27,642.71,Clothing,4,United States,47,Female,Shipped,No,8.61,1
CUST_101621,Lisa Miller,lisa.33@hotmail.com,7326158210,2020-04-15,126.05,Electronics,5,United States,41,Male,Pending,Yes,19.19,0
CUST_950804,Helen Taylor,Unknown,9748609175,2023-10-01,647.38,Automotive,4,Germany,40,Female,Shipped,No,47.48,1
CUST_100674,Carol Thomas,Unknown,4427143971,2019-07-05,385.2,Sports,2,France,54,Female,Cancelled,Yes,46.81,1
CUST_100693,Jane Jackson,Unknown,2362121976,2022-06-12,107.72,Electronics,1,Germany,33,Female,Pending,Yes,26.55,0
CUST_101644,William Martin,william.31@gmail.com,6244821265,2024-07-14,267.13,Electronics,2,Japan,26,Female,Cancelled,No,16.2,0
CUST_100344,David Davis,david.31@gmail.com,1805368652,2023-07-02,241.84,Electronics,5,United States,28,Female,Pending,Yes,10.88,0
CUST_100044,Nancy Davis,nancy.79@gmail.com,5127029502,2018-08-19,385.2,Automotive,5,Canada,46,Female,Cancelled,Yes,16.51,0
CUST_100651,Maria Wilson,maria.83@gmail.com,Unknown,2019-09-14,122.33,Clothing,4,Unknown,18,Male,Delivered,No,40.54,0
CUST_101687,James Thomas,james.62@outlook.com,2816781151,2023-03-23,369.33,Unknown,4,Australia,69,Male,Shipped,No,46.28,0
CUST_100168,Jane Johnson,jane.61@gmail.com,7342036564,2024-07-30,172.02,Automotive,3,Germany,38,Female,Delivered,Yes,18.56,0
CUST_100303,William Williams,william.24@company.com,3554834908,2023-08-16,385.2,Unknown,1,France,50,Male,Delivered,No,46.68,0
CUST_100715,Thomas Lopez,thomas.90@gmail.com,2288604471,2022-05-20,120.39,Toys,1,Japan,51,Female,Delivered,No,38.26,0
CUST_100582,Donna Davis,Unknown,7118551131,2023-02-07,770.11,Electronics,2,United States,72,Female,Delivered,Yes,32.31,0
CUST_100352,Richard Jackson,richard.93@gmail.com,9125931324,2023-04-07,12.74,Clothing,3,Canada,74,Female,Cancelled,No,43.83,0
CUST_101993,Matthew Williams,matthew.68@gmail.com,4905847215,2019-08-19,74.17,Sports,4,Australia,49,Male,Delivered,Yes,17.91,0
CUST_100812,Michael Williams,michael.51@gmail.com,5546151534,2021-03-28,780.17,Unknown,3,Japan,68,Male,Cancelled,No,19.18,0
CUST_101483,Michael Brown,michael.36@company.com,9122965275,2023-09-03,678.67,Unknown,3,United States,73,Male,Pending,Yes,39.71,0
CUST_101763,Donna Miller,donna.45@yahoo.com,7245653517,2018-04-21,149.49,Books,1,Unknown,44,Female,Pending,No,26.61,0
CUST_101951,Lisa Rodriguez,lisa.65@hotmail.com,3437999037,2018-02-24,775.13,Clothing,3,Australia,79,Male,Shipped,Unknown,26.55,1
CUST_101105,Nancy Martinez,Unknown,1593434801,2020-10-03,559.52,Automotive,5,United States,44,Unknown,Pending,No,29.61,0
CUST_101677,Carol Gonzalez,carol.83@hotmail.com,4245254129,2021-08-31,550.86,Clothing,3,United States,23,Female,Shipped,No,27.57,0
CUST_101085,William Martinez,william.34@gmail.com,2136968716,2019-02-07,423.84,Automotive,3,Germany,55,Male,Pending,No,27.19,0
CUST_100881,Richard Moore,richard.67@hotmail.com,8344364502,2024-03-03,72.29,Sports,1,Australia,57,Unknown,Delivered,No,22.49,0
CUST_101383,Sandra Anderson,Unknown,6744592928,2018-11-18,385.2,Electronics,4,United States,49,Female,Delivered,No,42.7,0
CUST_100353,Anthony Smith,Unknown,5379742363,2020-10-22,385.2,Books,1,Germany,75,Female,Pending,No,42.83,1
CUST_101608,Jennifer Williams,jennifer.36@company.com,6285857830,2019-11-18,385.2,Electronics,4,Japan,24,Female,Delivered,No,14.65,0
CUST_101568,Sandra Thomas,sandra.98@yahoo.com,7238962959,2024-04-02,109.47,Sports,4,United States,49,Female,Cancelled,Yes,26.55,0
CUST_100436,Karen Hernandez,karen.83@company.com,2309736134,2021-10-30,53.61,Clothing,4,Germany,59,Female,Delivered,No,21.42,0
CUST_100185,Lisa Rodriguez,Unknown,5787146425,2019-03-23,155.53,Automotive,4,Australia,50,Female,Shipped,Yes,18.81,1
CUST_101517,Nancy Wilson,Unknown,6068748600,2021-11-07,385.2,Home & Garden,3,United Kingdom,53,Male,Cancelled,Yes,15.39,0
CUST_100485,Karen Thomas,karen.92@outlook.com,6319579830,2024-07-09,373.68,Sports,3,Canada,66,Male,Shipped,No,8.83,1
CUST_100710,Carol Moore,carol.81@company.com,Unknown,2020-02-19,636.04,Toys,1,Canada,30,Male,Delivered,Yes,43.66,1
CUST_101258,Nancy Martinez,nancy.87@yahoo.com,Unknown,2021-11-04,757.47,Unknown,5,Australia,50,Male,Delivered,No,26.55,0
CUST_100300,Helen Williams,Unknown,8337752684,2019-07-01,757.87,Home & Garden,3,Japan,79,Female,Delivered,No,35.66,1
CUST_101330,Ruth Rodriguez,Unknown,1142975498,2020-09-12,0.0,Unknown,1,United States,50,Male,Pending,Yes,6.87,0
CUST_101216,Thomas Miller,Unknown,3953652738,2023-05-10,718.28,Clothing,3,Germany,72,Male,Cancelled,Yes,21.93,0
CUST_101532,Sandra Moore,Unknown,9152818559,2020-07-07,167.33,Toys,1,United Kingdom,33,Unknown,Pending,Yes,25.28,0
CUST_101671,Charles Wilson,Unknown,9748574417,2020-02-05,385.2,Books,3,Unknown,48,Male,Pending,Yes,11.08,0
CUST_100416,John Wilson,john.99@outlook.com,5877742645,2018-10-25,660.28,Electronics,5,France,54,Male,Shipped,Yes,34.93,0
CUST_101428,Michael Jackson,michael.37@company.com,7742514283,2019-05-03,713.86,Home & Garden,3,Canada,62,Female,Cancelled,No,45.87,0
CUST_100849,Robert Gonzalez,robert.35@gmail.com,9583127402,2018-01-31,420.3,Toys,3,Germany,63,Female,Cancelled,Yes,26.55,0
CUST_101043,Sarah Martinez,Unknown,2624669202,2023-01-30,682.08,Electronics,4,United States,23,Female,Pending,Yes,13.16,0
CUST_100175,Michael Davis,michael.39@yahoo.com,9161451991,2018-05-22,0.0,Clothing,1,United States,26,Female,Cancelled,Yes,29.81,0
CUST_101228,David Brown,david.33@hotmail.com,9221804644,2018-03-29,205.39,Books,2,Canada,52,Male,Delivered,Yes,28.59,0
CUST_100538,Thomas Williams,thomas.18@outlook.com,1952691940,2018-03-25,385.2,Electronics,4,Australia,56,Male,Shipped,Yes,44.76,0
CUST_948696,Steven Martinez,Unknown,6687673057,2024-04-01,317.03,Electronics,1,United Kingdom,29,Female,Shipped,Yes,10.77,1
CUST_101730,Michael Anderson,Unknown,1266563068,2022-05-08,464.65,Clothing,5,Australia,44,Female,Shipped,Yes,15.2,1
CUST_100123,Steven Johnson,steven.35@gmail.com,4792978283,2021-07-04,187.4,Automotive,2,United Kingdom,65,Male,Shipped,Yes,45.12,0
CUST_101690,James Wilson,Unknown,7764007089,2020-05-12,0.0,Toys,3,France,32,Female,Shipped,Yes,7.44,0
CUST_100394,Daniel Miller,Unknown,2273832052,2024-02-15,12.73,Electronics,4,Japan,64,Female,Cancelled,Yes,23.74,0
CUST_101278,David Hernandez,Unknown,3357465051,2021-04-29,612.93,Home & Garden,3,Australia,59,Female,Shipped,No,42.62,0
CUST_100613,Anthony Davis,Unknown,1442304140,2022-03-02,652.74,Books,1,United Kingdom,29,Female,Pending,No,45.96,0
CUST_100039,Emma Lopez,emma.73@hotmail.com,6286964154,2021-10-29,459.11,Automotive,3,Australia,39,Male,Cancelled,Yes,38.01,0
CUST_101773,Helen Garcia,helen.60@outlook.com,9858885590,2024-08-16,311.12,Automotive,1,Canada,26,Female,Cancelled,No,26.66,0
CUST_101900,Donna Hernandez,Unknown,2015684042,2019-10-21,262.83,Clothing,4,Unknown,25,Male,Unknown,Yes,5.96,0
CUST_100331,Thomas Garcia,thomas.18@outlook.com,4033063484,2023-07-22,612.33,Sports,2,Germany,71,Male,Cancelled,No,39.2,1
CUST_100605,Carol Jones,Unknown,7036417088,2019-08-26,622.65,Toys,4,France,38,Female,Cancelled,No,41.61,0
CUST_100408,Carol Martin,carol.30@outlook.com,Unknown,2023-04-29,290.54,Unknown,4,United States,68,Male,Shipped,No,13.08,0
CUST_100194,Charles Rodriguez,Unknown,2453978215,2024-04-03,385.2,Toys,4,Japan,27,Female,Shipped,No,18.31,0
CUST_101009,David Rodriguez,david.51@hotmail.com,5311903303,2018-01-27,282.74,Sports,2,Canada,56,Male,Delivered,No,49.94,0
CUST_101727,Helen Jones,helen.40@yahoo.com,5998909993,2021-11-05,685.73,Toys,3,Australia,20,Male,Shipped,No,20.09,0
CUST_101790,Daniel Brown,Unknown,1263213961,2020-10-05,602.25,Toys,1,Canada,19,Male,Shipped,No,5.06,0
CUST_100322,Nancy Davis,Unknown,7508796209,2020-05-07,174.51,Home & Garden,3,Australia,50,Male,Pending,Yes,23.65,0
CUST_101624,Jane Williams,Unknown,1478997390,2024-07-02,540.24,Electronics,5,Germany,50,Male,Pending,No,26.98,1
CUST_100266,Susan Lopez,susan.49@yahoo.com,9863113128,2018-02-24,385.2,Automotive,2,France,26,Female,Delivered,Yes,25.98,0
CUST_101684,Emma Gonzalez,Unknown,Unknown,2019-12-11,385.2,Clothing,4,Australia,55,Female,Cancelled,No,21.0,0
CUST_101498,Helen Taylor,Unknown,9748609175,2023-09-28,27.39,Automotive,4,Germany,40,Female,Cancelled,No,47.48,1
CUST_101387,Donna Martinez,donna.48@outlook.com,7057411329,2021-07-25,101.4,Toys,3,Australia,60,Female,Pending,Yes,25.82,0
CUST_100067,Michael Johnson,Unknown,5044479863,2020-10-24,783.65,Home & Garden,3,Australia,70,Female,Delivered,No,9.47,0
CUST_101029,John Hernandez,john.67@gmail.com,6593668194,2022-11-04,256.06,Automotive,1,France,32,Male,Delivered,Yes,28.82,0
CUST_100585,John Moore,Unknown,2913555606,2018-06-23,294.91,Toys,3,United States,57,Male,Delivered,No,36.67,0
CUST_101050,Betty Moore,betty.87@hotmail.com,1699598925,2019-08-19,729.8,Clothing,2,Germany,44,Female,Unknown,Yes,41.48,1
CUST_101614,Anthony Garcia,anthony.18@gmail.com,Unknown,2019-06-02,385.2,Electronics,1,Japan,74,Male,Shipped,Yes,15.54,0
CUST_101556,Daniel Davis,Unknown,9248113106,2018-12-23,674.84,Electronics,4,France,75,Male,Shipped,Unknown,43.68,0
CUST_101811,Charles Gonzalez,charles.65@hotmail.com,7129977629,2020-10-06,703.9,Sports,1,Canada,50,Female,Delivered,Yes,27.55,0
CUST_100142,Lisa Miller,Unknown,4305427666,2018-08-30,537.27,Toys,3,Germany,45,Male,Cancelled,Yes,40.14,0
CUST_101680,Mark Williams,mark.85@hotmail.com,1161077226,2019-09-04,19.23,Clothing,5,Germany,69,Male,Shipped,Yes,26.02,0
CUST_100593,Karen Davis,karen.99@company.com,9851527231,2024-10-16,217.33,Electronics,3,France,45,Female,Delivered,No,37.5,0
CUST_101304,Robert Smith,robert.19@outlook.com,5214186535,2020-06-21,264.74,Automotive,4,Australia,42,Female,Pending,No,25.83,0
CUST_101706,Anthony Miller,Unknown,9777171011,2024-07-31,385.2,Sports,3,Unknown,41,Male,Cancelled,No,46.21,0
CUST_100757,Robert Williams,Unknown,5105183113,2022-05-20,475.98,Sports,3,United States,66,Male,Cancelled,No,20.64,1
CUST_101942,Matthew Jones,Unknown,8414297068,2023-12-26,385.2,Toys,3,Germany,24,Female,Shipped,No,43.54,1
CUST_101262,James Martin,Unknown,4477511747,2021-01-18,373.33,Clothing,3,United States,32,Female,Shipped,Yes,47.48,1
CUST_101721,Thomas Martinez,Unknown,4301118877,2023-04-23,284.11,Unknown,5,Japan,61,Female,Delivered,Unknown,28.47,1
CUST_101830,Susan Anderson,susan.16@outlook.com,9036198794,2022-11-25,443.43,Automotive,3,France,28,Female,Pending,Unknown,38.26,0
CUST_100787,Susan Brown,Unknown,6749014253,2024-07-01,250.47,Sports,2,Unknown,65,Female,Shipped,No,24.11,0
CUST_101601,Betty Taylor,betty.65@gmail.com,8036513992,2023-07-03,122.69,Toys,2,Canada,46,Female,Pending,No,41.07,0
CUST_101650,Karen Davis,karen.84@company.com,5797244127,2022-10-16,333.23,Sports,2,Canada,50,Male,Shipped,Yes,21.5,0
CUST_101797,Betty Gonzalez,Unknown,2643149966,2021-06-20,168.8,Home & Garden,5,United States,70,Female,Delivered,Yes,14.87,1
CUST_101665,Thomas Lopez,thomas.79@outlook.com,4223354421,2020-12-05,385.2,Electronics,4,Japan,69,Female,Delivered,No,46.16,0
CUST_100792,David Rodriguez,david.73@outlook.com,2516116184,2018-11-08,385.2,Toys,4,France,50,Male,Shipped,Yes,5.3,0
CUST_101526,Sandra Miller,Unknown,4791237378,2023-06-29,452.65,Clothing,3,United States,56,Male,Shipped,Unknown,28.0,0
CUST_101378,Steven Jones,Unknown,8796133416,2019-12-03,616.2,Home & Garden,3,United States,22,Male,Unknown,No,26.68,0
CUST_100818,Daniel Moore,daniel.41@yahoo.com,Unknown,2021-01-11,557.3,Home & Garden,4,Germany,41,Unknown,Unknown,Yes,15.22,0
CUST_101239,Steven Martinez,Unknown,3037502453,2018-12-29,0.0,Automotive,2,Australia,33,Male,Pending,No,30.7,0
CUST_100261,William Smith,william.57@gmail.com,7756362146,2019-09-20,733.42,Home & Garden,5,United States,78,Female,Shipped,Yes,27.13,0
CUST_100572,Charles Lopez,charles.94@outlook.com,1412367464,2018-02-05,36.24,Electronics,1,Unknown,52,Male,Delivered,No,23.24,0
CUST_101234,Ruth Jackson,ruth.98@gmail.com,6717761583,2018-03-15,305.37,Clothing,3,United States,33,Male,Shipped,No,16.9,0
CUST_100240,Donna Garcia,donna.52@outlook.com,9416931194,2022-08-03,307.21,Automotive,3,Australia,51,Female,Cancelled,No,28.11,1
CUST_101087,Donald Moore,Unknown,Unknown,2018-08-23,589.61,Automotive,4,Germany,63,Female,Delivered,Yes,43.45,0
CUST_100887,Susan Smith,susan.37@outlook.com,4273024229,2018-06-16,159.95,Electronics,4,United Kingdom,65,Female,Cancelled,Yes,15.14,0
CUST_101341,Robert Miller,robert.78@hotmail.com,1939223400,2018-11-04,674.86,Sports,5,Germany,24,Female,Cancelled,Yes,25.95,0
CUST_101626,Steven Moore,Unknown,7217007144,2019-12-26,574.51,Toys,1,Japan,50,Female,Cancelled,No,39.12,0
CUST_101137,Karen Taylor,Unknown,6664975709,2020-09-19,685.76,Books,2,United States,67,Female,Cancelled,No,16.5,0
CUST_100599,James Wilson,james.79@hotmail.com,1001536269,2024-09-22,578.79,Automotive,4,Canada,48,Male,Delivered,Yes,26.55,0
CUST_100365,Richard Hernandez,richard.38@gmail.com,8898696711,2023-01-25,385.2,Sports,1,Australia,63,Female,Delivered,Yes,29.39,0
CUST_101073,David Johnson,Unknown,9523128761,2019-01-02,0.0,Unknown,5,Japan,80,Female,Pending,Yes,24.43,0
CUST_101422,Donna Miller,Unknown,5107071467,2021-07-28,145.79,Unknown,1,Canada,75,Male,Shipped,Yes,47.32,0
CUST_101755,Anthony Taylor,Unknown,3549546741,2018-03-11,402.85,Sports,4,United States,44,Male,Delivered,No,46.72,0
CUST_101838,Daniel Thomas,daniel.53@hotmail.com,2511656806,2021-09-15,117.92,Unknown,3,Germany,25,Male,Delivered,No,27.6,0
CUST_101531,Robert Jackson,robert.56@hotmail.com,5703508268,2021-03-22,0.0,Toys,5,Unknown,59,Female,Delivered,Yes,35.4,0
CUST_100720,Karen Smith,Unknown,9224807950,2018-06-23,237.17,Clothing,5,Japan,79,Female,Delivered,Yes,35.59,1
CUST_100071,Betty Williams,Unknown,9158906060,2018-08-15,106.64,Home & Garden,4,France,53,Female,Delivered,No,32.12,1
CUST_101117,Maria Taylor,maria.14@outlook.com,3506395383,2023-04-09,324.98,Sports,3,Canada,24,Female,Cancelled,No,7.37,0
CUST_100259,Maria Taylor,maria.71@hotmail.com,6001274058,2021-01-23,796.58,Clothing,3,Canada,31,Male,Pending,Yes,35.48,0
CUST_100051,Donna Hernandez,donna.70@company.com,Unknown,2022-07-20,385.2,Unknown,3,Unknown,28,Male,Shipped,No,46.91,1
CUST_100198,Maria Martinez,Unknown,2783245292,2019-07-18,795.7,Home & Garden,4,United States,20,Male,Delivered,No,45.32,0
CUST_100670,Matthew Wilson,matthew.37@company.com,2123292666,2018-04-02,634.45,Toys,2,United Kingdom,50,Female,Pending,Yes,21.93,0
CUST_100707,Thomas Williams,thomas.32@hotmail.com,5549001216,2023-12-08,448.83,Automotive,4,France,53,Female,Cancelled,Yes,22.28,1
CUST_100332,Sandra Thomas,Unknown,7571384900,2022-05-08,273.23,Unknown,4,United States,50,Female,Pending,Yes,44.25,0
CUST_101421,Mark Moore,mark.68@hotmail.com,5368925413,2019-12-27,277.78,Automotive,3,Australia,38,Female,Pending,Yes,22.17,0
CUST_101983,Susan Gonzalez,susan.74@gmail.com,4204654326,2024-05-12,9.24,Automotive,1,United States,58,Female,Shipped,No,26.55,0
CUST_101013,Anthony Taylor,anthony.83@company.com,5022287601,2021-08-06,320.82,Sports,3,United Kingdom,36,Male,Delivered,Yes,37.25,1
CUST_101652,Richard Wilson,richard.95@company.com,5765623493,2021-07-21,755.04,Books,4,Germany,39,Female,Delivered,No,44.45,1
CUST_100318,Mark Wilson,mark.33@gmail.com,9706823809,2023-07-22,75.03,Electronics,5,France,28,Female,Cancelled,No,31.42,0
CUST_101370,Emma Martinez,emma.15@yahoo.com,2221578264,2024-09-30,359.01,Electronics,1,United Kingdom,64,Male,Pending,Yes,45.57,0
CUST_100982,Carol Brown,carol.77@yahoo.com,9119116685,2024-09-30,472.27,Toys,4,United States,23,Male,Pending,Yes,26.55,0
CUST_101916,Sandra Davis,sandra.12@gmail.com,8063282155,2023-09-24,336.97,Electronics,3,France,63,Female,Pending,Yes,36.38,0
CUST_101491,David Taylor,david.92@outlook.com,Unknown,2020-08-30,176.0,Sports,4,United Kingdom,72,Male,Delivered,Yes,23.93,0
CUST_100426,Thomas Wilson,Unknown,Unknown,2019-06-06,183.9,Books,1,United Kingdom,49,Male,Shipped,No,42.97,0
CUST_100590,Karen Martinez,karen.87@company.com,Unknown,2022-07-13,295.85,Electronics,1,United States,70,Female,Shipped,Yes,19.05,0
CUST_101501,Jane Moore,Unknown,1807468971,2023-11-15,746.97,Books,1,Germany,50,Unknown,Cancelled,Yes,47.0,0
CUST_100704,Donna Martinez,donna.58@yahoo.com,5262533988,2019-09-15,320.16,Home & Garden,2,Unknown,50,Male,Pending,No,6.11,0
CUST_100764,Carol Jones,Unknown,9741744654,2018-02-07,385.2,Home & Garden,4,United Kingdom,44,Male,Shipped,No,18.68,0
CUST_101855,Anthony Lopez,Unknown,4512872570,2024-09-15,256.53,Clothing,5,France,70,Female,Cancelled,Yes,20.55,0
CUST_101612,Nancy Thomas,nancy.30@company.com,4225606046,2019-03-10,365.48,Home & Garden,2,Unknown,64,Male,Pending,Yes,9.19,0
CUST_100343,Michael Jones,michael.74@hotmail.com,7066624348,2021-12-08,726.66,Toys,3,United Kingdom,50,Male,Delivered,No,47.49,0
CUST_100398,Betty Brown,betty.32@company.com,1077811685,2020-08-09,465.29,Toys,1,United States,80,Female,Cancelled,Yes,30.26,0
CUST_101503,Matthew Wilson,matthew.30@yahoo.com,6424785981,2019-07-29,793.53,Electronics,4,Canada,31,Male,Pending,No,43.49,0
CUST_100292,Jennifer Martinez,jennifer.89@company.com,8305483297,2023-03-27,51.91,Electronics,4,Canada,41,Female,Pending,Yes,35.92,0
CUST_100777,Mark Lopez,mark.97@outlook.com,8768007929,2023-02-13,385.2,Automotive,3,United States,46,Female,Pending,Yes,30.23,0
CUST_101800,Maria Lopez,Unknown,4414609818,2021-02-05,385.2,Books,5,United States,50,Male,Cancelled,No,17.91,0
CUST_101442,Thomas Jones,Unknown,8695072265,2023-01-07,173.07,Clothing,4,United States,58,Female,Pending,Yes,5.42,0
CUST_100141,Donna Brown,donna.70@outlook.com,7897651849,2022-01-30,605.74,Sports,2,United States,34,Female,Delivered,No,19.14,0
CUST_101157,Sarah Miller,sarah.95@company.com,9815506199,2018-04-06,221.9,Books,1,Australia,54,Female,Pending,Yes,26.55,0
CUST_100002,Lisa Davis,lisa.39@gmail.com,4429383257,2023-07-20,780.33,Books,3,France,66,Female,Delivered,Yes,49.42,0
CUST_101605,Richard Anderson,Unknown,3156843532,2019-09-06,693.64,Electronics,2,Australia,31,Female,Cancelled,Yes,44.52,0
CUST_100339,Michael Martinez,michael.92@hotmail.com,4906336269,2023-04-24,435.84,Home & Garden,3,United Kingdom,80,Female,Delivered,No,10.13,0
CUST_101036,Mark Thomas,mark.56@gmail.com,8149192758,2019-09-22,65.42,Sports,3,Canada,77,Male,Shipped,No,21.63,0
CUST_100265,Sarah Martin,Unknown,8601707373,2022-08-17,407.11,Books,2,Germany,36,Male,Delivered,Yes,10.39,0
CUST_100376,Emma Johnson,emma.96@company.com,9975333716,2019-04-21,52.32,Books,3,United States,34,Male,Shipped,Yes,35.7,0
CUST_101112,Maria Anderson,maria.53@hotmail.com,5075903005,2021-08-10,175.52,Toys,2,Australia,52,Female,Shipped,No,26.36,0
CUST_100439,Donna Rodriguez,Unknown,5334276980,2023-04-09,249.63,Books,1,France,26,Male,Delivered,Yes,34.9,0
CUST_100271,Robert Rodriguez,Unknown,7199265044,2018-05-14,385.2,Automotive,5,Unknown,53,Female,Delivered,Yes,17.18,1
CUST_100244,Donna Wilson,donna.19@hotmail.com,5724482406,2022-04-12,752.89,Automotive,1,United States,65,Female,Delivered,No,49.61,0
CUST_101420,Ruth Thomas,Unknown,3398819306,2019-04-16,521.87,Home & Garden,2,United States,72,Female,Shipped,No,49.77,0
CUST_101582,Michael Jones,Unknown,2356355960,2019-05-02,253.01,Sports,5,Japan,50,Female,Pending,Yes,21.29,0
CUST_101840,Sarah Jackson,sarah.77@hotmail.com,6833581451,2019-04-23,716.25,Toys,5,Germany,38,Male,Pending,Yes,26.55,0
CUST_100139,Jane Gonzalez,Unknown,7976738437,2019-08-24,444.21,Clothing,5,Japan,50,Female,Delivered,Yes,24.93,1
CUST_100415,Matthew Hernandez,Unknown,7279132333,2018-10-06,345.64,Automotive,5,United States,58,Female,Shipped,No,21.27,0
CUST_100273,Unknown,john.97@yahoo.com,1408542492,2023-01-09,277.03,Home & Garden,2,United States,50,Male,Cancelled,Yes,6.48,0
CUST_100905,Lisa Hernandez,lisa.65@hotmail.com,Unknown,2023-07-02,673.97,Unknown,1,Unknown,51,Female,Shipped,No,35.98,1
CUST_100250,Lisa Miller,lisa.82@hotmail.com,Unknown,2021-05-03,151.98,Sports,1,Germany,44,Male,Shipped,Yes,6.88,0
CUST_100413,Susan Lopez,susan.81@yahoo.com,9941466333,2020-09-01,457.67,Books,3,United Kingdom,41,Male,Shipped,Yes,39.98,1
CUST_101952,Matthew Williams,matthew.84@company.com,4537518454,2020-06-28,135.68,Toys,3,United States,73,Male,Cancelled,No,39.66,0
CUST_100310,Carol Williams,carol.47@outlook.com,6545048010,2022-03-10,570.54,Electronics,3,France,31,Male,Cancelled,Yes,44.77,0
CUST_100637,Matthew Thomas,Unknown,5187265831,2022-11-11,68.12,Toys,2,Canada,50,Female,Pending,No,19.1,0
CUST_100745,Carol Lopez,carol.80@gmail.com,7994964917,2020-05-09,663.4,Clothing,3,Unknown,51,Female,Cancelled,Yes,7.51,0
CUST_100425,Mark Thomas,mark.97@gmail.com,4344925593,2020-07-09,770.73,Sports,1,Unknown,47,Female,Pending,No,20.35,0
CUST_101961,Jennifer Johnson,Unknown,5635547364,2018-09-17,147.44,Home & Garden,3,Canada,24,Female,Pending,No,38.44,0
CUST_101089,Jane Miller,jane.52@outlook.com,6609366400,2021-03-29,348.43,Home & Garden,1,Canada,29,Male,Unknown,No,29.07,1
CUST_100816,Donna Jones,donna.98@hotmail.com,9125757765,2018-01-14,114.2,Toys,3,United Kingdom,30,Female,Delivered,No,49.32,0
CUST_101939,Betty Garcia,betty.13@yahoo.com,4251582824,2022-03-22,66.19,Electronics,4,Canada,64,Female,Cancelled,Yes,44.29,0
CUST_100755,Lisa Jones,lisa.51@hotmail.com,2432268999,2024-05-09,18.44,Automotive,3,Germany,61,Female,Pending,Yes,43.4,0
CUST_101639,Donna Williams,donna.23@hotmail.com,5714706456,2022-12-06,579.79,Books,1,Australia,79,Male,Cancelled,Unknown,26.57,0
CUST_100936,Thomas Jackson,Unknown,6631866806,2021-01-31,734.73,Books,3,United States,80,Male,Pending,No,9.39,0
CUST_100526,Matthew Jones,Unknown,9705128812,2024-09-27,660.78,Electronics,3,Germany,55,Male,Delivered,No,39.63,0
CUST_101657,Anthony Williams,anthony.13@gmail.com,1191084690,2024-01-22,385.2,Home & Garden,3,Unknown,27,Female,Shipped,No,19.01,0
CUST_100182,Daniel Taylor,daniel.18@outlook.com,9556721894,2020-08-20,736.04,Home & Garden,5,France,58,Female,Shipped,No,7.72,0
CUST_100170,Charles Taylor,Unknown,4367014153,2020-03-24,739.7,Sports,1,Canada,68,Female,Delivered,Yes,18.61,1
CUST_100611,Ruth Hernandez,Unknown,7334515939,2020-11-01,671.82,Sports,3,United Kingdom,40,Male,Delivered,No,26.55,0
CUST_101449,Donald Smith,donald.91@gmail.com,5312833679,2023-02-14,142.64,Sports,4,Unknown,50,Male,Pending,Yes,36.66,0
CUST_101963,Karen Gonzalez,karen.65@gmail.com,6423105030,2019-04-08,333.5,Books,2,Germany,50,Female,Shipped,Yes,8.78,0
CUST_101975,John Jackson,Unknown,8637963553,2018-03-31,753.38,Clothing,3,France,63,Female,Cancelled,Yes,26.55,0
CUST_100926,Donna Rodriguez,donna.44@hotmail.com,7712579265,2019-06-29,489.92,Automotive,1,United Kingdom,42,Male,Delivered,Yes,27.09,0
CUST_100694,Maria Jones,maria.43@yahoo.com,4699693283,2022-07-19,74.25,Automotive,3,France,79,Female,Pending,Yes,26.55,0
CUST_100272,Jane Wilson,jane.77@outlook.com,6826028539,2020-02-10,179.55,Sports,1,United Kingdom,50,Male,Shipped,Yes,17.17,0
CUST_101620,Ruth Johnson,ruth.70@outlook.com,4914334267,2020-12-10,456.34,Clothing,3,Australia,37,Male,Pending,Unknown,38.52,0
CUST_100752,Matthew Martin,Unknown,4611912165,2021-08-18,577.7,Sports,2,Japan,39,Female,Pending,Yes,28.96,0
CUST_100985,Jane Hernandez,Unknown,7802665974,2020-09-30,718.43,Home & Garden,3,France,78,Female,Cancelled,No,42.65,0
CUST_100371,John Gonzalez,john.35@yahoo.com,7972505166,2023-01-11,145.82,Clothing,5,United Kingdom,55,Male,Shipped,Unknown,23.41,1
CUST_100222,Nancy Smith,Unknown,4135357178,2019-03-14,453.86,Automotive,2,Canada,34,Female,Shipped,No,7.35,0
CUST_101301,David Davis,Unknown,1852447605,2019-12-14,350.66,Toys,3,Japan,28,Female,Pending,No,34.29,0
CUST_100610,Richard Anderson,richard.81@hotmail.com,5562012226,2021-07-10,11.3,Unknown,3,United Kingdom,78,Female,Cancelled,Yes,5.02,1
CUST_101913,Maria Garcia,maria.22@hotmail.com,9622948998,2021-05-11,668.69,Sports,3,Australia,43,Female,Pending,Yes,31.5,0
CUST_100518,Jennifer Martinez,jennifer.35@outlook.com,Unknown,2022-04-07,400.93,Toys,3,United States,60,Male,Shipped,Yes,16.68,0
CUST_100334,Mark Davis,mark.82@yahoo.com,4257591648,2024-08-12,690.33,Home & Garden,5,Canada,77,Male,Delivered,Yes,19.41,0
CUST_100756,Donna Jackson,donna.79@outlook.com,Unknown,2020-01-24,77.6,Toys,5,Canada,18,Female,Shipped,Yes,21.4,0
CUST_101220,Sandra Lopez,Unknown,6526504197,2024-10-01,524.63,Toys,5,Japan,51,Male,Shipped,No,9.88,0
CUST_101103,Michael Wilson,michael.78@outlook.com,2185482933,2018-06-30,491.11,Toys,5,Canada,67,Female,Cancelled,Yes,25.3,0
CUST_101379,Carol Taylor,Unknown,1852768264,2022-07-02,160.15,Toys,2,France,66,Female,Delivered,No,26.55,0
CUST_100015,Mark Garcia,mark.55@hotmail.com,7562541947,2019-06-20,60.96,Unknown,1,United States,44,Male,Shipped,Yes,47.63,0
CUST_101518,Susan Moore,susan.66@outlook.com,5602603910,2024-06-15,634.98,Clothing,3,Germany,51,Female,Cancelled,Yes,10.51,0
CUST_100915,Betty Jones,Unknown,6346404940,2019-05-26,500.77,Sports,5,Germany,54,Male,Cancelled,No,32.08,0
CUST_101610,Michael Gonzalez,michael.21@yahoo.com,9769545974,2018-10-13,304.64,Sports,4,Germany,28,Female,Delivered,Yes,19.84,0
CUST_101761,Maria Martinez,maria.99@gmail.com,6362058718,2021-06-11,385.2,Toys,5,United States,49,Female,Shipped,No,39.51,0
CUST_100570,Thomas Wilson,Unknown,Unknown,2019-09-18,85.62,Home & Garden,1,Germany,27,Female,Delivered,Unknown,49.47,0
CUST_101037,Thomas Martin,Unknown,9335353427,2022-11-16,500.68,Unknown,1,United States,47,Male,Cancelled,Yes,7.74,0
CUST_100986,Steven Martin,steven.25@yahoo.com,1669185828,2021-10-08,86.11,Books,5,Germany,69,Male,Pending,Yes,30.61,0
CUST_100465,William Brown,william.29@gmail.com,5377953756,2020-04-22,368.77,Toys,4,United Kingdom,80,Female,Shipped,No,9.17,0
CUST_101865,Emma Hernandez,emma.84@yahoo.com,1289197141,2019-09-01,657.05,Clothing,5,France,28,Male,Delivered,Yes,37.97,0
CUST_100199,Emma Anderson,emma.21@outlook.com,4479675029,2021-08-15,602.52,Books,3,United States,50,Female,Shipped,No,15.91,0
CUST_101261,Mark Moore,mark.40@hotmail.com,1553748954,2023-12-06,513.87,Sports,4,United States,68,Female,Shipped,Yes,42.29,0
CUST_101107,Michael Hernandez,michael.81@company.com,9279129785,2018-11-12,199.03,Clothing,5,France,50,Male,Cancelled,No,26.55,1
CUST_101185,Ruth Davis,ruth.83@hotmail.com,6171786935,2021-08-16,385.2,Sports,2,France,50,Male,Pending,No,12.54,0
CUST_101360,Matthew Johnson,Unknown,1137215473,2019-10-11,602.83,Books,4,Unknown,54,Female,Cancelled,No,49.55,1
CUST_101717,Nancy Garcia,nancy.42@company.com,9711357308,2019-04-19,369.78,Electronics,3,United States,79,Female,Cancelled,Yes,40.4,0
CUST_100591,Charles Rodriguez,Unknown,2962497984,2023-03-27,402.11,Unknown,1,United States,50,Male,Shipped,No,10.34,0
CUST_101525,Michael Moore,michael.45@yahoo.com,3552708731,2018-04-16,113.57,Toys,3,Canada,23,Male,Delivered,Yes,8.53,0
CUST_101466,Sarah Garcia,Unknown,Unknown,2018-09-28,721.41,Electronics,5,Unknown,66,Male,Shipped,No,10.54,0
CUST_101481,Betty Smith,Unknown,2888645208,2024-01-29,631.08,Clothing,1,Germany,62,Female,Pending,Yes,7.54,0
CUST_101393,Michael Gonzalez,michael.94@yahoo.com,2823853300,2020-12-19,704.06,Books,3,Germany,69,Male,Pending,No,41.91,0
CUST_101799,Daniel Brown,daniel.83@yahoo.com,2769649189,2019-02-16,566.4,Automotive,5,Canada,70,Male,Cancelled,Yes,23.9,0
CUST_100618,Anthony Gonzalez,Unknown,3808133112,2018-08-06,15.77,Electronics,1,France,48,Male,Shipped,Yes,17.24,0
CUST_100043,Betty Garcia,betty.77@yahoo.com,5561797050,2019-03-10,385.2,Books,2,France,54,Male,Delivered,Yes,10.45,0
CUST_100274,Ruth Moore,ruth.72@outlook.com,5674555873,2018-06-30,47.01,Books,4,Japan,41,Female,Pending,Yes,45.59,0
CUST_101543,Nancy Hernandez,nancy.77@outlook.com,2272063391,2021-06-13,366.56,Electronics,2,United States,57,Male,Delivered,Yes,25.85,0
CUST_100101,Donald Williams,donald.58@gmail.com,Unknown,2024-07-10,360.72,Clothing,1,Australia,50,Male,Cancelled,Yes,45.1,1
CUST_100948,Anthony Anderson,Unknown,2033255395,2024-10-08,372.74,Sports,4,Germany,51,Female,Delivered,Yes,15.03,1
CUST_101897,William Moore,william.86@hotmail.com,6501538107,2023-01-02,17.68,Unknown,3,Australia,73,Female,Cancelled,No,10.0,1
CUST_101033,David Johnson,Unknown,8166594282,2018-05-24,142.03,Clothing,1,United Kingdom,26,Female,Cancelled,No,47.49,0
CUST_100107,Carol Martin,carol.58@yahoo.com,6466762145,2022-08-30,198.1,Home & Garden,2,Germany,70,Unknown,Pending,No,27.08,1
CUST_100988,Richard Jones,Unknown,Unknown,2023-07-13,756.55,Sports,5,Germany,33,Male,Pending,No,19.65,0
CUST_100497,Nancy Wilson,Unknown,5552439035,2021-12-19,693.65,Automotive,3,Japan,18,Female,Pending,No,28.05,0
CUST_912611,Matthew Garcia,Unknown,2299901558,2018-02-13,741.76,Clothing,1,Canada,72,Female,Pending,No,28.85,0
CUST_100962,Carol Jones,carol.12@gmail.com,6376153741,2019-02-09,470.02,Toys,5,France,39,Female,Cancelled,No,34.54,0
CUST_100966,Jennifer Gonzalez,jennifer.55@outlook.com,3594738516,2019-03-15,757.99,Books,1,United Kingdom,34,Male,Cancelled,Yes,10.23,0
CUST_101293,Betty Thomas,Unknown,8196469300,2022-10-27,735.16,Sports,3,Canada,37,Female,Pending,No,28.32,0
CUST_101116,Michael Gonzalez,Unknown,4758985795,2024-03-13,650.0,Clothing,5,Australia,58,Female,Delivered,Yes,47.98,0
CUST_101160,John Lopez,Unknown,1167946789,2021-04-05,465.57,Clothing,4,Japan,72,Female,Delivered,No,30.48,0
CUST_101356,Unknown,susan.31@company.com,2838651174,2021-01-11,420.84,Electronics,1,France,39,Male,Cancelled,No,18.51,0
CUST_100940,William Martin,william.24@outlook.com,5322985816,2020-09-21,638.74,Toys,3,Canada,32,Male,Delivered,No,33.21,0
CUST_100072,Richard Gonzalez,Unknown,2267592395,2018-09-05,142.45,Books,1,Japan,27,Male,Cancelled,Yes,26.55,0
CUST_100817,Nancy Johnson,nancy.29@outlook.com,7608207484,2018-09-28,182.08,Sports,3,United Kingdom,78,Female,Delivered,No,45.39,0
CUST_101270,Charles Gonzalez,charles.24@gmail.com,2609589776,2021-03-16,253.54,Books,2,Canada,53,Female,Shipped,Yes,31.46,0
CUST_101221,Richard Jones,Unknown,Unknown,2018-10-29,133.79,Home & Garden,4,Germany,57,Female,Cancelled,Yes,12.1,0
CUST_100832,Mark Rodriguez,Unknown,7466907422,2023-08-31,597.54,Books,5,Japan,60,Female,Shipped,No,10.51,1
CUST_100481,Anthony Jones,anthony.78@yahoo.com,Unknown,2024-08-20,94.09,Automotive,2,United States,80,Male,Shipped,No,48.36,1
CUST_101120,Carol Martin,carol.32@gmail.com,8227368966,2024-04-05,5.65,Clothing,4,Japan,21,Male,Pending,No,26.55,0
CUST_100506,Jane Martin,jane.67@outlook.com,7925353346,2019-02-16,226.6,Books,4,Canada,48,Female,Pending,No,23.82,1
CUST_100736,Sandra Jones,sandra.76@hotmail.com,4915881612,2019-08-28,192.87,Electronics,1,Japan,66,Male,Delivered,Yes,9.76,0
CUST_100836,Mark Martin,mark.67@outlook.com,Unknown,2022-07-07,473.33,Clothing,1,United States,66,Female,Pending,Yes,37.31,0
CUST_990951,Daniel Thomas,Unknown,7919011425,2021-11-07,633.64,Electronics,1,Canada,18,Female,Delivered,Yes,44.15,1
CUST_101357,Karen Miller,Unknown,4696384193,2020-05-28,421.08,Sports,4,United States,68,Female,Shipped,No,19.69,1
CUST_101544,Mark Martinez,Unknown,8769452831,2018-07-05,328.61,Books,4,Germany,43,Female,Delivered,No,22.09,1
CUST_100939,Matthew Miller,matthew.46@gmail.com,2001507267,2021-12-17,640.65,Home & Garden,3,Australia,29,Male,Unknown,No,47.58,0
CUST_100311,Thomas Wilson,thomas.50@hotmail.com,3182086842,2022-06-06,185.47,Sports,3,France,56,Male,Shipped,No,8.48,0
CUST_101604,Michael Lopez,Unknown,5832055916,2021-04-13,550.62,Home & Garden,5,United States,49,Female,Pending,No,26.55,0
CUST_100405,Michael Jackson,michael.13@hotmail.com,9944382641,2019-07-16,764.55,Electronics,2,United Kingdom,66,Male,Cancelled,Yes,16.65,0
CUST_101563,Lisa Gonzalez,Unknown,6134219574,2018-01-28,243.59,Automotive,1,Australia,44,Female,Delivered,Yes,28.42,0
CUST_100759,Robert Jackson,robert.91@company.com,7985239289,2019-09-23,289.41,Books,1,Germany,65,Female,Unknown,No,22.9,1
CUST_101548,Maria Taylor,Unknown,8266035009,2020-05-28,385.2,Sports,4,Canada,67,Male,Delivered,Yes,26.55,0
CUST_100309,Karen Martin,karen.22@yahoo.com,4344304105,2021-08-26,461.33,Sports,5,Australia,37,Male,Pending,Yes,26.55,0
CUST_100226,Donald Lopez,Unknown,5766246511,2020-05-27,718.68,Books,1,Australia,69,Female,Cancelled,No,33.56,0
CUST_101775,Charles Garcia,Unknown,4365295116,2022-03-10,560.6,Automotive,3,Canada,67,Male,Shipped,No,19.24,1
CUST_100771,John Garcia,john.62@company.com,5872175560,2022-05-20,519.58,Electronics,2,Australia,69,Male,Cancelled,No,18.15,0
CUST_101599,Charles Jones,charles.24@gmail.com,2831678078,2023-10-31,461.4,Home & Garden,5,Canada,79,Male,Cancelled,Yes,38.47,0
CUST_100900,Lisa Wilson,Unknown,6057271771,2019-03-02,126.63,Toys,5,Germany,61,Male,Pending,Yes,15.92,0
CUST_100865,Mark Taylor,Unknown,9286078144,2021-02-23,743.48,Clothing,5,United Kingdom,50,Male,Pending,Yes,49.79,0
CUST_100148,Thomas Moore,thomas.34@yahoo.com,1836851415,2024-10-13,424.52,Clothing,1,United Kingdom,80,Male,Cancelled,No,21.62,0
CUST_101860,Donald Miller,Unknown,1966365223,2022-12-04,236.19,Automotive,5,France,32,Male,Cancelled,No,16.23,0
CUST_101457,Jane Martinez,Unknown,2187188377,2018-05-19,103.01,Clothing,4,United States,50,Female,Shipped,Yes,20.59,0
CUST_100906,Mark Garcia,mark.25@yahoo.com,4309828138,2024-06-20,385.2,Clothing,5,France,62,Male,Delivered,No,8.93,0
CUST_100889,Carol Hernandez,carol.98@outlook.com,1473817901,2021-08-24,526.54,Clothing,1,Japan,26,Female,Delivered,Yes,26.55,1
CUST_101506,Matthew Gonzalez,matthew.57@yahoo.com,2707396761,2019-06-30,556.65,Automotive,2,Canada,79,Female,Delivered,No,41.97,0
CUST_100575,Mark Johnson,Unknown,6006639119,2023-08-14,500.11,Sports,1,United States,77,Female,Cancelled,No,21.69,0
CUST_100557,Helen Brown,Unknown,Unknown,2021-06-30,355.58,Toys,4,United States,80,Male,Shipped,Yes,28.53,0
CUST_101159,Lisa Thomas,lisa.69@company.com,1628315244,2022-08-12,591.85,Unknown,4,United States,19,Male,Shipped,Yes,20.45,0
CUST_101075,William Garcia,Unknown,5495377162,2020-09-19,41.15,Books,5,United States,54,Female,Shipped,Yes,43.31,1
CUST_101389,Emma Martin,Unknown,5711835042,2021-11-13,385.2,Sports,2,Australia,76,Female,Delivered,No,26.55,0
CUST_101852,Thomas Brown,thomas.16@yahoo.com,4391912542,2023-04-09,13.12,Home & Garden,3,Canada,57,Male,Pending,Yes,29.93,1
CUST_101803,Donald Martinez,Unknown,4207369146,2024-02-08,7.75,Clothing,3,Unknown,70,Male,Delivered,No,39.33,0
CUST_100679,John Gonzalez,john.10@company.com,9822523401,2019-09-20,462.61,Electronics,5,Canada,74,Female,Cancelled,No,11.32,0
CUST_100167,Jane Hernandez,jane.89@company.com,5759148014,2023-01-31,129.91,Sports,2,United States,42,Female,Shipped,Yes,23.03,0
CUST_101669,Susan Anderson,susan.50@hotmail.com,5502267145,2023-01-05,290.02,Electronics,4,United States,75,Male,Shipped,No,10.1,0
CUST_100286,Robert Wilson,Unknown,Unknown,2021-04-12,62.63,Automotive,2,United States,23,Unknown,Delivered,Yes,43.99,0
CUST_101676,Donna Hernandez,donna.94@company.com,8587196871,2019-04-06,385.2,Electronics,4,Australia,31,Male,Pending,Yes,21.18,0
CUST_100838,John Martin,john.91@company.com,1806857265,2023-06-04,686.89,Sports,4,United Kingdom,50,Male,Cancelled,No,17.68,0
CUST_100628,Susan Jones,Unknown,3254035399,2023-06-03,709.47,Clothing,4,Germany,34,Female,Pending,Yes,9.22,1
CUST_100598,Carol Williams,carol.39@gmail.com,3524271779,2023-03-13,577.84,Clothing,1,United Kingdom,55,Female,Delivered,No,6.48,1
CUST_101745,Donna Wilson,Unknown,5104037386,2018-03-12,141.79,Electronics,1,Canada,80,Male,Cancelled,No,16.32,0
CUST_100869,Karen Taylor,karen.96@hotmail.com,3108398992,2021-05-13,385.2,Automotive,2,Canada,50,Male,Cancelled,No,14.51,0
CUST_101709,William Martinez,Unknown,8669514215,2023-09-26,596.1,Automotive,2,United Kingdom,55,Female,Cancelled,Yes,23.32,0
CUST_101658,Michael Rodriguez,michael.18@hotmail.com,2543654651,2024-03-27,385.2,Sports,1,Japan,26,Female,Delivered,Yes,43.81,0
CUST_101091,Carol Johnson,Unknown,1749241579,2019-04-17,566.45,Sports,1,United Kingdom,51,Female,Cancelled,No,48.81,0
CUST_101286,Anthony Jackson,anthony.98@yahoo.com,7029117408,2021-04-20,235.06,Automotive,1,Canada,21,Male,Pending,Yes,44.04,0
CUST_101670,Nancy Moore,nancy.14@gmail.com,Unknown,2024-07-12,332.21,Sports,1,Japan,47,Male,Cancelled,Yes,13.91,0
CUST_100987,David Martin,Unknown,Unknown,2020-09-14,0.0,Automotive,5,France,41,Male,Cancelled,Yes,47.36,0
CUST_101472,Jennifer Anderson,jennifer.72@company.com,6448567491,2024-02-07,385.2,Automotive,5,Unknown,57,Male,Pending,No,33.44,0
CUST_101259,Michael Gonzalez,Unknown,3677916203,2023-05-08,59.05,Clothing,4,Germany,51,Male,Unknown,No,11.32,0
CUST_101558,John Rodriguez,john.63@yahoo.com,Unknown,2022-04-18,385.2,Home & Garden,2,Unknown,30,Female,Shipped,Yes,16.46,0
CUST_100609,Mark Moore,mark.60@yahoo.com,7709374120,2019-08-06,22.59,Books,2,Australia,72,Female,Shipped,Yes,19.42,0
CUST_101222,Mark Lopez,mark.27@gmail.com,1264784328,2021-01-31,643.9,Electronics,4,Australia,20,Male,Cancelled,Yes,48.65,0
CUST_100867,Susan Brown,Unknown,8039665605,2023-12-15,659.25,Electronics,1,Unknown,28,Male,Delivered,Yes,23.09,0
CUST_101490,Robert Johnson,robert.62@company.com,Unknown,2020-02-02,564.8,Home & Garden,1,France,50,Male,Cancelled,No,32.74,0
CUST_101146,Thomas Garcia,thomas.46@company.com,6827766259,2023-12-05,588.87,Books,4,Unknown,49,Female,Shipped,No,36.14,0
CUST_101960,Robert Gonzalez,robert.63@hotmail.com,Unknown,2018-09-16,169.83,Clothing,3,Germany,39,Male,Cancelled,Yes,13.17,1
CUST_100493,David Jones,david.92@company.com,2276185891,2021-02-09,488.88,Books,3,Australia,79,Male,Pending,Yes,29.27,0
CUST_101380,Thomas Rodriguez,Unknown,Unknown,2018-03-12,20.88,Books,2,France,65,Unknown,Delivered,Yes,44.45,1
CUST_100277,Michael Hernandez,Unknown,7742872565,2018-07-13,793.54,Sports,1,Unknown,28,Male,Shipped,Yes,12.58,0
CUST_101932,Sarah Hernandez,sarah.89@company.com,4585734287,2021-09-27,346.11,Clothing,5,France,55,Male,Cancelled,No,22.05,0
CUST_100358,Carol Wilson,carol.75@company.com,8325804206,2022-12-26,85.86,Toys,2,Germany,47,Female,Shipped,Yes,7.14,0
CUST_101164,David Martin,david.70@yahoo.com,4809497815,2024-03-27,247.09,Unknown,2,United Kingdom,18,Male,Cancelled,No,13.26,0
CUST_100236,Steven Wilson,steven.81@yahoo.com,9653814123,2024-10-01,348.13,Electronics,2,Germany,27,Male,Shipped,Yes,25.59,0
CUST_100551,Ruth Rodriguez,ruth.54@hotmail.com,4467955092,2018-02-23,309.62,Sports,5,United States,31,Female,Shipped,Yes,9.01,1
CUST_101953,Lisa Moore,lisa.47@gmail.com,2565659789,2022-06-27,130.3,Home & Garden,4,Australia,26,Male,Delivered,No,8.64,0
CUST_101818,Nancy Garcia,Unknown,Unknown,2020-03-16,385.2,Sports,2,Canada,34,Female,Cancelled,No,19.59,0
CUST_100208,Sandra Moore,Unknown,4878117131,2023-09-17,724.46,Automotive,5,United Kingdom,64,Male,Unknown,No,6.35,0
CUST_101452,Jane Wilson,Unknown,5149221200,2021-01-04,697.58,Clothing,4,Canada,52,Unknown,Cancelled,No,43.23,0
CUST_101831,Karen Garcia,karen.70@outlook.com,2079264732,2018-11-20,211.37,Clothing,4,Germany,45,Male,Cancelled,Yes,15.46,0
CUST_100058,David Rodriguez,Unknown,4123904532,2020-12-14,323.98,Books,2,Canada,56,Female,Delivered,No,26.55,0
CUST_100631,William Martin,william.17@yahoo.com,3842365430,2023-01-11,369.03,Home & Garden,4,Germany,61,Female,Pending,Yes,7.47,0
CUST_101655,Michael Martin,Unknown,5116885813,2022-01-29,348.39,Automotive,3,Germany,21,Male,Shipped,Yes,49.05,0
CUST_100667,Emma Williams,Unknown,1243327998,2024-08-12,678.11,Sports,5,Australia,78,Male,Shipped,No,5.76,0
CUST_101719,John Anderson,Unknown,Unknown,2023-03-01,409.96,Sports,3,Canada,47,Female,Shipped,No,37.33,0
CUST_100363,James Wilson,james.94@outlook.com,1392277304,2019-04-27,385.2,Automotive,2,United States,50,Female,Shipped,No,22.51,0
CUST_100505,Daniel Martin,daniel.18@yahoo.com,5095672364,2019-05-26,52.03,Electronics,2,Japan,39,Male,Unknown,Yes,18.61,0
CUST_101406,Jane Brown,Unknown,Unknown,2019-11-29,347.01,Books,2,United Kingdom,55,Female,Pending,No,28.68,0
CUST_101175,Maria Jones,maria.23@outlook.com,7641802266,2019-05-16,197.81,Clothing,3,Japan,22,Male,Cancelled,No,47.73,0
CUST_101738,Betty Williams,betty.65@hotmail.com,2556769692,2019-01-05,249.25,Clothing,4,France,66,Female,Unknown,No,49.32,0
CUST_101272,Jane Johnson,jane.48@hotmail.com,4824397773,2023-01-30,297.75,Clothing,3,France,55,Female,Pending,Yes,25.84,0
CUST_101010,Jane Thomas,jane.64@hotmail.com,4099054975,2023-06-29,700.59,Automotive,3,Japan,35,Male,Delivered,Yes,11.82,0
CUST_962429,William Smith,william.94@outlook.com,2928622902,2022-05-30,460.48,Sports,2,Australia,19,Female,Shipped,No,48.8,0
CUST_100888,Thomas Williams,Unknown,Unknown,2022-09-18,150.57,Sports,1,United Kingdom,74,Male,Cancelled,Yes,34.61,0
CUST_100118,Nancy Davis,Unknown,6511832270,2019-06-09,510.1,Books,3,France,51,Male,Cancelled,Yes,17.69,0
CUST_101305,Unknown,thomas.58@hotmail.com,1374297660,2024-10-03,741.63,Home & Garden,1,France,72,Female,Shipped,Yes,27.64,0
CUST_100706,Donna Brown,donna.29@hotmail.com,4065817742,2018-05-14,445.13,Toys,3,France,40,Male,Pending,Yes,46.39,0
CUST_101432,Robert Jackson,robert.84@yahoo.com,Unknown,2019-08-24,103.93,Unknown,1,Unknown,57,Male,Cancelled,Yes,44.47,0
CUST_100522,Donna Jackson,donna.85@yahoo.com,4578175620,2018-03-26,108.86,Home & Garden,2,Canada,34,Female,Pending,Yes,26.55,0
CUST_101242,Charles Anderson,charles.53@company.com,Unknown,2018-01-03,509.99,Books,3,Japan,29,Male,Delivered,No,8.8,1
CUST_100513,Michael Garcia,Unknown,1793763041,2023-01-02,589.9,Toys,1,United States,72,Female,Cancelled,Yes,25.37,0
CUST_100081,Susan Garcia,Unknown,4244915213,2021-05-14,385.2,Home & Garden,5,United Kingdom,21,Female,Cancelled,No,25.05,0
CUST_101641,Jane Brown,Unknown,1232432952,2023-02-16,421.1,Electronics,4,Canada,37,Male,Pending,No,20.28,0
CUST_100786,Carol Gonzalez,carol.46@outlook.com,8096847375,2018-06-08,505.82,Unknown,4,United States,27,Male,Unknown,Yes,5.13,0
CUST_100724,Matthew Anderson,matthew.75@hotmail.com,6542092070,2021-03-08,549.84,Electronics,2,United States,40,Female,Cancelled,Yes,7.56,0
CUST_100380,William Gonzalez,william.10@company.com,6868956642,2022-10-28,576.98,Home & Garden,3,Canada,72,Female,Unknown,Yes,11.47,0
CUST_101080,Michael Anderson,michael.89@outlook.com,3574996863,2018-04-10,561.51,Toys,1,Australia,64,Female,Cancelled,No,6.68,0
CUST_101765,Maria Thomas,Unknown,8374495458,2019-10-02,526.93,Books,3,Japan,80,Male,Cancelled,Yes,35.77,0
CUST_100084,Charles Garcia,Unknown,5177943772,2019-11-30,279.85,Sports,3,Germany,45,Female,Delivered,Unknown,46.59,0
CUST_101753,Maria Gonzalez,maria.21@yahoo.com,9263487410,2019-06-10,190.63,Automotive,5,France,19,Female,Shipped,Unknown,8.37,0
CUST_100672,Thomas Martinez,thomas.35@yahoo.com,2214692389,2023-09-16,645.87,Clothing,2,Germany,35,Male,Shipped,No,8.82,0
CUST_100329,Betty Taylor,betty.26@hotmail.com,8753492300,2022-09-25,705.91,Automotive,3,United States,22,Male,Shipped,Yes,19.65,0
CUST_100006,Susan Johnson,susan.50@hotmail.com,8328727799,2019-01-14,76.79,Books,5,Canada,68,Female,Cancelled,Yes,41.85,1
CUST_100809,William Rodriguez,Unknown,9259572700,2022-08-30,285.64,Clothing,3,Canada,34,Female,Shipped,Yes,9.32,0
CUST_101571,Emma Jones,Unknown,8593076956,2024-07-18,674.07,Automotive,1,Australia,77,Female,Pending,No,14.75,0
CUST_100997,Lisa Moore,Unknown,7947527328,2020-05-28,593.33,Clothing,1,United States,31,Male,Unknown,No,43.91,0
CUST_101374,Sarah Hernandez,Unknown,9684243772,2020-07-03,76.1,Toys,3,Australia,22,Female,Pending,No,15.47,1
CUST_100451,Thomas Smith,thomas.24@hotmail.com,1539863933,2021-08-20,385.2,Sports,3,United Kingdom,57,Female,Shipped,Yes,40.94,0
CUST_100490,Richard Thomas,richard.20@outlook.com,4212251641,2022-09-30,385.61,Electronics,2,Australia,25,Female,Delivered,Yes,41.04,0
CUST_101551,Donna Thomas,donna.72@gmail.com,7081363294,2019-06-10,219.55,Automotive,4,Unknown,55,Male,Shipped,Yes,35.32,1
CUST_100287,Helen Gonzalez,helen.25@company.com,7918678567,2021-10-13,436.08,Automotive,3,France,26,Male,Delivered,Yes,14.6,1
CUST_100993,Jane Wilson,Unknown,8876743540,2022-08-17,145.04,Sports,3,United Kingdom,71,Male,Shipped,Yes,19.32,0
CUST_100087,Donald Taylor,Unknown,2014273334,2022-07-10,779.09,Books,5,United Kingdom,45,Male,Delivered,No,20.74,0
CUST_101431,Steven Taylor,steven.41@yahoo.com,3502577131,2022-07-18,39.07,Unknown,3,Germany,43,Female,Delivered,Yes,40.57,0
CUST_101336,Jennifer Johnson,Unknown,6772043075,2024-09-30,451.03,Clothing,5,United States,55,Male,Pending,Yes,18.71,1
CUST_101791,Donna Moore,donna.93@yahoo.com,Unknown,2019-03-12,385.2,Clothing,4,United Kingdom,51,Female,Pending,Yes,24.73,0
CUST_101376,Matthew Moore,matthew.93@company.com,7805127821,2018-05-19,601.93,Toys,2,Canada,40,Male,Delivered,Yes,26.55,1
CUST_101778,Susan Anderson,susan.45@gmail.com,Unknown,2019-10-12,44.35,Automotive,3,Canada,56,Male,Shipped,No,39.66,0
CUST_101287,Jennifer Thomas,Unknown,7209796114,2021-10-30,166.52,Sports,3,Germany,79,Male,Shipped,Yes,19.7,1
CUST_101283,Daniel Hernandez,daniel.60@hotmail.com,8808507805,2024-06-30,371.69,Sports,5,Germany,64,Male,Pending,Yes,33.4,0
CUST_101917,Susan Williams,susan.69@yahoo.com,2182629004,2024-08-15,385.2,Sports,4,United Kingdom,30,Female,Cancelled,No,40.88,0
CUST_101465,David Lopez,Unknown,6015717014,2024-11-02,474.56,Clothing,2,Germany,77,Female,Unknown,No,42.81,0
CUST_101724,Helen Thomas,helen.65@company.com,2208625576,2019-06-15,765.33,Electronics,2,Australia,66,Male,Shipped,Yes,30.55,0
CUST_100327,Nancy Martin,nancy.55@company.com,Unknown,2018-10-20,549.26,Automotive,1,United Kingdom,40,Male,Pending,Yes,13.41,0
CUST_100442,Anthony Rodriguez,Unknown,6519728546,2024-10-14,385.2,Toys,3,United States,72,Male,Pending,Yes,38.18,0
CUST_101694,Lisa Thomas,Unknown,Unknown,2018-09-07,525.62,Home & Garden,4,United States,55,Female,Cancelled,No,5.93,0
CUST_101131,Daniel Jones,daniel.76@gmail.com,Unknown,2019-12-28,717.04,Books,3,Japan,51,Female,Delivered,No,47.85,0
CUST_101007,Donald Miller,Unknown,5375777889,2020-09-14,385.2,Home & Garden,1,Japan,20,Male,Cancelled,Yes,49.97,0
CUST_101510,Jennifer Gonzalez,jennifer.30@company.com,9702262588,2020-03-07,423.04,Sports,1,Canada,60,Male,Shipped,No,19.05,0
CUST_100177,Steven Jackson,steven.63@company.com,8724666098,2024-05-17,420.01,Electronics,4,United Kingdom,18,Female,Shipped,Unknown,21.06,0
CUST_101494,William Jackson,william.82@yahoo.com,Unknown,2022-05-18,499.0,Clothing,5,France,63,Female,Shipped,Yes,26.25,0
CUST_100765,David Moore,Unknown,5737852531,2021-11-05,523.36,Toys,1,United States,20,Female,Delivered,No,38.78,0
CUST_100086,Carol Martinez,carol.82@gmail.com,2851271958,2023-03-06,43.23,Clothing,3,Unknown,25,Male,Shipped,No,8.58,0
CUST_101476,Lisa Anderson,Unknown,3499459577,2022-12-09,753.95,Home & Garden,1,United States,52,Unknown,Delivered,Yes,8.15,1
CUST_101988,Michael Taylor,michael.55@gmail.com,2552677802,2024-09-01,789.38,Home & Garden,4,United States,67,Male,Cancelled,No,41.24,0
CUST_100457,Nancy Taylor,nancy.22@yahoo.com,2998179978,2020-02-11,152.92,Home & Garden,5,France,69,Male,Pending,No,24.34,0
CUST_101912,James Williams,Unknown,1105257777,2022-04-07,385.2,Clothing,5,Japan,46,Male,Delivered,Yes,6.22,0
CUST_100054,Ruth Jackson,ruth.44@company.com,3961419565,2024-08-21,0.0,Toys,2,Japan,79,Female,Cancelled,Unknown,37.15,0
CUST_101572,Sandra Moore,sandra.91@gmail.com,5087412619,2023-01-17,0.0,Electronics,3,Australia,43,Male,Delivered,Yes,10.48,0
CUST_100643,Susan Brown,susan.61@outlook.com,3254325403,2022-12-07,406.86,Electronics,4,Australia,19,Male,Shipped,Yes,37.86,0
CUST_100677,Maria Jackson,Unknown,6117777047,2020-06-15,315.66,Electronics,2,United Kingdom,29,Male,Cancelled,Yes,49.88,0
CUST_100221,Nancy Wilson,nancy.93@outlook.com,Unknown,2018-06-20,305.45,Sports,3,Unknown,55,Male,Delivered,No,25.15,0
CUST_100113,Thomas Taylor,Unknown,7784296597,2021-10-18,382.41,Home & Garden,3,France,40,Female,Cancelled,Yes,26.55,0
CUST_101047,Matthew Martin,matthew.10@company.com,4607716558,2022-12-29,385.2,Books,4,Australia,43,Male,Shipped,No,13.54,0
CUST_101284,Charles Taylor,Unknown,Unknown,2024-05-18,243.72,Unknown,2,Japan,46,Female,Shipped,Yes,25.07,0
CUST_101057,Daniel Wilson,Unknown,3371982740,2022-06-05,314.62,Sports,2,United States,65,Male,Cancelled,Yes,17.47,0
CUST_100174,Michael Martin,Unknown,7355554046,2022-06-09,152.17,Home & Garden,2,Japan,66,Female,Pending,Yes,41.56,0
CUST_101459,Mark Jones,mark.69@company.com,4732143930,2024-01-31,342.73,Toys,4,Japan,65,Male,Shipped,No,34.64,0
CUST_100589,Matthew Jones,Unknown,2939753436,2022-06-06,66.65,Automotive,3,United States,54,Female,Pending,Yes,18.46,0
CUST_101866,Anthony Martinez,anthony.10@company.com,2762939162,2021-03-20,224.53,Toys,3,United States,19,Male,Delivered,Yes,10.13,0
CUST_101630,Daniel Jones,daniel.46@company.com,2135833200,2020-12-24,674.9,Automotive,5,United States,22,Male,Cancelled,No,26.55,0
CUST_100018,David Miller,david.67@company.com,4214521129,2020-03-28,618.18,Automotive,3,Germany,50,Female,Shipped,Yes,20.71,0
CUST_100423,Matthew Rodriguez,Unknown,3162742465,2018-04-24,531.46,Automotive,1,Japan,39,Female,Delivered,Yes,24.14,0
CUST_101403,John Rodriguez,Unknown,7989155729,2019-03-20,564.93,Automotive,1,Japan,28,Male,Pending,No,30.46,0
CUST_100285,Nancy Jones,Unknown,Unknown,2023-03-30,76.62,Sports,1,United States,70,Female,Cancelled,No,36.09,0
CUST_101654,Helen Gonzalez,helen.68@gmail.com,8998098084,2024-03-27,564.72,Electronics,3,Germany,54,Female,Pending,No,45.14,1
CUST_100428,James Hernandez,Unknown,7488429060,2019-10-07,304.7,Clothing,4,Canada,41,Female,Pending,No,45.8,0
CUST_101580,Susan Jones,susan.57@hotmail.com,6653842496,2021-03-25,51.74,Electronics,3,France,26,Female,Pending,Yes,5.12,0
CUST_100892,Anthony Wilson,Unknown,7599021076,2024-08-06,406.03,Toys,5,Japan,29,Male,Cancelled,Yes,31.26,0
CUST_100669,Daniel Martinez,daniel.32@hotmail.com,Unknown,2020-10-01,185.23,Clothing,4,Canada,38,Male,Shipped,No,14.89,0
CUST_100031,Daniel Miller,daniel.31@company.com,2138491982,2019-04-10,593.75,Unknown,2,France,21,Male,Cancelled,No,5.38,0
CUST_101437,Helen Miller,helen.60@hotmail.com,4343897956,2021-12-01,111.79,Toys,3,Australia,42,Female,Delivered,Yes,47.42,0
CUST_100722,William Martin,Unknown,8979666496,2018-05-29,687.16,Sports,5,Australia,36,Male,Delivered,No,43.21,1
CUST_101882,Michael Williams,michael.80@company.com,Unknown,2019-03-09,185.53,Unknown,1,United States,68,Female,Shipped,Yes,26.7,0
CUST_100214,James Johnson,james.76@company.com,Unknown,2024-10-24,262.53,Clothing,2,Unknown,79,Female,Pending,Yes,26.55,0
CUST_100886,Carol Johnson,carol.10@outlook.com,7615318130,2019-02-16,112.91,Clothing,1,United Kingdom,45,Male,Delivered,No,5.87,0
CUST_101302,Jane Jackson,jane.45@hotmail.com,5846354808,2021-06-21,54.76,Home & Garden,3,France,50,Female,Shipped,Yes,14.69,0
CUST_101524,Carol Lopez,carol.34@company.com,8495181374,2021-12-21,52.65,Sports,5,United States,67,Male,Shipped,No,32.91,1
CUST_100326,Helen Taylor,helen.33@company.com,8211134811,2020-04-28,532.87,Clothing,5,Germany,63,Female,Shipped,Yes,15.69,0
CUST_100560,Anthony Thomas,anthony.24@hotmail.com,Unknown,2024-06-03,183.65,Clothing,5,Canada,19,Female,Shipped,No,28.03,0
CUST_101516,Ruth Johnson,Unknown,6455014688,2023-06-03,624.33,Automotive,3,United States,67,Female,Delivered,Yes,48.96,0
CUST_100700,Charles Taylor,charles.45@hotmail.com,7089913591,2019-09-20,646.51,Clothing,5,France,68,Female,Shipped,No,28.45,1
CUST_100859,Jane Williams,jane.17@company.com,1306481377,2024-01-09,628.57,Sports,2,France,52,Female,Delivered,Yes,10.44,0
CUST_101340,Sandra Thomas,Unknown,Unknown,2023-10-08,756.63,Sports,3,France,74,Male,Cancelled,Yes,20.51,1
CUST_100341,William Hernandez,william.88@gmail.com,1712971853,2019-02-06,0.0,Toys,3,France,75,Female,Cancelled,Yes,13.03,0
CUST_100629,Michael Thomas,michael.61@company.com,2753291747,2018-04-12,648.63,Electronics,3,Germany,59,Female,Cancelled,No,45.63,0
CUST_100147,Lisa Williams,lisa.32@yahoo.com,Unknown,2023-06-09,465.53,Automotive,2,Japan,50,Female,Cancelled,No,11.41,0
CUST_101251,Steven Rodriguez,steven.31@company.com,5574335053,2019-08-08,9.85,Sports,1,Germany,44,Male,Delivered,No,26.55,0
CUST_100360,Donna Martin,donna.53@outlook.com,8478427131,2024-05-03,372.85,Automotive,4,France,44,Female,Shipped,No,28.01,0
CUST_100083,Sandra Rodriguez,sandra.98@outlook.com,2873612468,2020-02-19,385.58,Books,1,Australia,41,Female,Pending,Yes,13.33,0
CUST_100048,Lisa Hernandez,lisa.33@gmail.com,2305968499,2018-10-23,48.08,Clothing,3,Unknown,59,Female,Unknown,No,38.76,1
CUST_100468,Robert Miller,Unknown,7075443434,2022-05-24,557.45,Electronics,3,France,50,Male,Shipped,No,14.18,0
CUST_100155,Robert Gonzalez,robert.60@company.com,4489521891,2022-03-21,189.88,Automotive,2,Canada,72,Male,Cancelled,Yes,43.82,0
CUST_100874,Robert Martinez,robert.86@hotmail.com,1346235146,2019-02-15,672.47,Books,2,Germany,20,Male,Delivered,No,21.2,0
CUST_985029,Daniel Jackson,Unknown,1248063735,2020-05-04,799.42,Automotive,5,Germany,21,Male,Pending,Yes,23.18,0
CUST_101468,Charles Jones,charles.38@outlook.com,4038851385,2024-02-14,523.26,Clothing,3,Germany,45,Female,Cancelled,No,25.02,0
CUST_101957,Carol Martinez,carol.77@gmail.com,4072471697,2022-06-07,385.2,Books,1,United Kingdom,50,Male,Cancelled,Yes,43.92,0
CUST_101702,Thomas Hernandez,thomas.95@outlook.com,8396373781,2024-05-25,146.27,Sports,3,Unknown,24,Female,Shipped,Unknown,5.8,0
CUST_100500,Lisa Taylor,lisa.18@outlook.com,2922455910,2020-06-19,385.2,Clothing,1,United Kingdom,53,Unknown,Pending,Yes,49.1,0
CUST_101843,Donald Lopez,Unknown,8137905991,2022-12-30,177.98,Automotive,5,Australia,65,Female,Delivered,No,17.28,1
CUST_100179,Betty Johnson,Unknown,4167176618,2023-07-07,385.2,Electronics,4,United States,26,Female,Delivered,No,26.55,1
CUST_101448,Richard Rodriguez,Unknown,Unknown,2022-09-12,736.29,Unknown,3,Australia,30,Male,Pending,No,6.41,1
CUST_101834,Jennifer Johnson,jennifer.89@hotmail.com,5486098146,2023-04-30,352.36,Clothing,4,United Kingdom,66,Male,Shipped,Yes,41.36,0
CUST_101809,Sarah Garcia,sarah.31@company.com,6512827520,2020-03-11,780.88,Books,4,France,69,Male,Shipped,Yes,31.16,0
CUST_101475,Richard Davis,richard.67@company.com,3814538504,2020-02-04,385.2,Clothing,1,Canada,60,Male,Cancelled,No,27.3,0
CUST_101210,Karen Davis,karen.85@hotmail.com,6936207990,2018-11-09,623.95,Clothing,1,Unknown,25,Male,Delivered,Yes,21.57,0
CUST_101691,Jennifer Thomas,Unknown,9432617868,2022-03-05,106.09,Books,4,Canada,52,Male,Cancelled,No,36.88,0
CUST_100528,Donald Jones,donald.21@hotmail.com,7732293337,2022-06-12,663.4,Clothing,2,Japan,23,Female,Pending,No,11.34,1
CUST_100346,Anthony Miller,anthony.45@gmail.com,7203545966,2019-01-25,47.19,Electronics,3,United States,38,Female,Delivered,Yes,29.58,1
CUST_101453,Maria Williams,Unknown,2316889306,2024-10-30,283.73,Clothing,4,France,74,Male,Delivered,No,30.49,0
CUST_951293,Sandra Martinez,sandra.22@outlook.com,1781759265,2024-01-02,697.93,Books,5,Canada,59,Male,Pending,Yes,31.55,0
CUST_101454,Nancy Johnson,nancy.79@company.com,5651118964,2024-02-18,193.52,Electronics,5,Japan,36,Male,Cancelled,No,46.69,0
CUST_100385,Jane Lopez,jane.86@company.com,Unknown,2024-04-01,385.2,Books,3,Japan,60,Female,Pending,Yes,32.48,0
CUST_101280,William Garcia,william.65@company.com,9329027190,2023-02-12,385.2,Home & Garden,5,Canada,77,Male,Cancelled,Yes,30.53,0
CUST_101404,Matthew Lopez,matthew.19@yahoo.com,Unknown,2023-03-13,437.92,Electronics,5,Germany,63,Male,Delivered,Yes,33.95,0
CUST_100601,James Smith,james.10@company.com,3586036956,2020-02-19,163.5,Toys,1,Germany,30,Male,Cancelled,Yes,26.82,1
CUST_101100,Maria Taylor,Unknown,4887981296,2018-06-23,552.84,Books,2,Germany,67,Female,Shipped,Yes,31.35,0
CUST_100243,Sandra Hernandez,sandra.84@company.com,6287018679,2018-01-01,459.45,Automotive,3,United Kingdom,73,Female,Cancelled,Yes,6.51,0
CUST_100973,Michael Wilson,Unknown,Unknown,2018-01-14,385.2,Books,5,Germany,40,Female,Delivered,Yes,31.55,0
CUST_100802,Susan Anderson,susan.22@company.com,7645667783,2021-09-07,460.05,Electronics,2,United States,68,Male,Shipped,Yes,39.47,0
CUST_101536,Robert Miller,Unknown,5169879515,2018-11-02,1125.0,Sports,1,United States,72,Male,Delivered,Yes,40.61,0
CUST_101545,Richard Anderson,richard.58@gmail.com,4755226567,2021-08-31,120.04,Toys,3,United Kingdom,40,Male,Shipped,Yes,25.39,0
CUST_100312,Steven Jackson,steven.22@gmail.com,1155116181,2022-05-28,638.97,Electronics,4,United Kingdom,72,Male,Delivered,Yes,42.32,0
CUST_100435,William Smith,william.94@outlook.com,2928622902,2022-05-30,432.1,Sports,2,Australia,19,Female,Delivered,No,48.8,0
CUST_101987,Michael Martinez,michael.72@outlook.com,9216753618,2019-06-04,494.55,Clothing,2,United States,31,Male,Pending,No,29.54,0
CUST_101018,Steven Taylor,Unknown,9851622989,2018-04-21,636.86,Books,3,France,50,Female,Shipped,Yes,11.58,0
CUST_100308,Jane Davis,jane.47@outlook.com,1455259396,2021-10-03,524.65,Sports,2,United States,40,Male,Cancelled,Yes,30.69,0
CUST_100430,Donald Williams,Unknown,8847152059,2018-11-04,178.28,Electronics,3,Unknown,50,Female,Cancelled,Yes,8.86,0
CUST_100660,David Davis,david.85@gmail.com,9374462392,2019-08-15,24.55,Home & Garden,3,Japan,21,Female,Delivered,No,47.09,1
CUST_100370,Betty Moore,betty.62@gmail.com,7602515281,2021-10-30,560.41,Electronics,1,Unknown,52,Female,Delivered,No,5.61,1
CUST_100566,Sarah Gonzalez,sarah.15@company.com,Unknown,2019-07-15,121.75,Books,1,United Kingdom,69,Male,Delivered,Yes,16.13,1
CUST_101873,Anthony Jones,Unknown,9122236106,2024-05-17,93.38,Automotive,4,Canada,69,Female,Delivered,No,7.59,0
CUST_101044,Lisa Martinez,lisa.16@hotmail.com,6153156715,2020-02-27,685.15,Automotive,5,United States,45,Male,Cancelled,No,41.81,1
CUST_100824,Jennifer Martin,Unknown,4839609502,2021-12-30,683.39,Toys,3,Canada,41,Female,Cancelled,No,34.03,0
CUST_100181,Susan Jackson,susan.17@company.com,Unknown,2023-03-11,479.51,Books,4,Australia,53,Female,Delivered,Yes,33.45,1
CUST_101023,Ruth Smith,Unknown,7388044288,2024-01-02,385.2,Clothing,2,Germany,50,Female,Pending,Yes,15.56,1
CUST_100621,David Taylor,Unknown,1762698172,2024-08-15,99.34,Toys,1,Germany,61,Female,Delivered,Yes,11.82,1
CUST_101898,Daniel Jones,Unknown,6369693921,2022-06-23,356.63,Toys,2,United Kingdom,69,Female,Pending,No,23.4,0
CUST_101386,John Hernandez,Unknown,2868472415,2020-09-01,518.82,Home & Garden,4,United States,39,Male,Delivered,No,26.55,0
CUST_101948,Daniel Gonzalez,Unknown,Unknown,2020-09-22,610.45,Toys,3,Japan,27,Female,Delivered,No,11.97,0
CUST_100813,Donald Williams,Unknown,9725304471,2024-01-31,495.08,Home & Garden,3,United Kingdom,67,Female,Unknown,No,35.28,0
CUST_101489,Lisa Moore,lisa.39@company.com,7943915467,2018-01-03,398.32,Books,1,Japan,62,Female,Shipped,Yes,11.94,0
CUST_101925,Anthony Hernandez,Unknown,2143341623,2019-04-28,625.24,Toys,4,Japan,50,Female,Delivered,Yes,49.61,0
CUST_101005,Charles Taylor,Unknown,6395526132,2019-01-19,220.41,Toys,3,Germany,57,Female,Pending,No,28.71,0
CUST_101125,Maria Gonzalez,Unknown,5507658434,2018-11-03,586.22,Sports,2,United Kingdom,32,Female,Shipped,Yes,43.2,1
CUST_100296,Thomas Anderson,Unknown,7878811183,2019-08-18,646.77,Books,3,Canada,60,Male,Pending,No,20.09,0
CUST_100984,Donald Taylor,donald.30@outlook.com,2536355747,2018-07-29,480.55,Toys,4,Unknown,51,Male,Shipped,Yes,10.65,1
CUST_100461,Anthony Anderson,Unknown,3982484436,2024-03-14,675.32,Sports,3,Australia,19,Female,Delivered,Yes,13.37,0
CUST_101362,Matthew Jackson,matthew.96@hotmail.com,5905071719,2022-08-14,200.38,Toys,5,Germany,23,Female,Pending,Yes,16.2,0
CUST_101230,Richard Martin,Unknown,5647459402,2022-06-08,223.04,Home & Garden,1,United States,49,Female,Cancelled,No,25.52,0
CUST_100377,James Gonzalez,Unknown,3588085951,2024-06-15,385.2,Sports,3,United Kingdom,26,Female,Shipped,Yes,26.25,1
CUST_100798,Betty Wilson,betty.42@hotmail.com,7154864541,2024-07-04,385.2,Electronics,2,France,77,Female,Delivered,Yes,19.86,0
CUST_101384,Matthew Rodriguez,Unknown,6819562410,2018-01-02,428.45,Automotive,4,Canada,22,Female,Cancelled,No,20.91,0
CUST_100105,Nancy Garcia,Unknown,4894594485,2018-09-02,72.47,Sports,5,Germany,62,Male,Cancelled,No,37.35,0
CUST_100126,Lisa Rodriguez,lisa.70@gmail.com,9357285967,2021-09-18,691.26,Home & Garden,3,France,22,Female,Cancelled,Yes,30.35,0
CUST_101178,Emma Jones,emma.89@yahoo.com,2249679646,2019-03-27,431.47,Automotive,1,Germany,50,Male,Pending,Yes,25.2,1
CUST_101922,Lisa Taylor,lisa.43@outlook.com,2225044311,2023-05-09,735.23,Automotive,2,United Kingdom,80,Male,Cancelled,No,37.44,0
CUST_101978,Jane Johnson,jane.36@company.com,2338808973,2023-07-23,733.87,Home & Garden,3,Japan,48,Male,Delivered,No,7.87,0
CUST_100914,Robert Garcia,robert.83@company.com,9705238320,2021-03-24,111.11,Toys,3,Canada,31,Male,Cancelled,No,27.04,0
CUST_100355,Richard Thomas,Unknown,8442795215,2022-08-09,38.79,Books,1,Unknown,47,Male,Cancelled,Yes,15.6,0
CUST_101688,David Williams,Unknown,2592438697,2023-09-04,385.2,Home & Garden,5,Australia,59,Male,Pending,Unknown,18.22,0
CUST_100682,Ruth Martin,ruth.72@yahoo.com,3852482481,2022-09-14,494.22,Electronics,1,Japan,45,Male,Pending,No,21.1,0
CUST_101001,Maria Jackson,maria.33@hotmail.com,3043563223,2022-03-26,724.35,Sports,3,France,31,Female,Delivered,Yes,11.99,1
CUST_101316,Charles Gonzalez,Unknown,1094032926,2019-08-24,319.86,Clothing,2,United Kingdom,35,Male,Pending,Yes,27.96,0
CUST_101816,Matthew Moore,matthew.58@yahoo.com,1413519978,2023-07-09,338.28,Electronics,3,Germany,27,Male,Cancelled,No,17.91,0
CUST_100209,David Rodriguez,Unknown,5397515006,2019-11-04,299.92,Automotive,3,Germany,39,Male,Delivered,Yes,40.27,0
CUST_100965,Ruth Lopez,Unknown,4596585216,2023-06-03,408.17,Clothing,3,France,48,Female,Delivered,Yes,11.86,1
CUST_100140,Sandra Hernandez,sandra.70@company.com,Unknown,2021-02-05,385.2,Unknown,1,United States,62,Female,Cancelled,No,32.72,0
CUST_101505,Jane Lopez,jane.83@yahoo.com,Unknown,2020-10-07,16.12,Clothing,1,Canada,45,Male,Delivered,No,18.11,0
CUST_101446,Thomas Martinez,thomas.68@hotmail.com,5352545668,2019-12-15,689.15,Toys,1,United States,59,Female,Pending,Yes,41.01,0
CUST_101111,Emma Anderson,Unknown,7703505790,2022-05-14,632.74,Toys,3,Japan,18,Female,Delivered,No,23.32,1
CUST_101645,Mark Martin,mark.35@outlook.com,1326166358,2018-04-30,385.2,Clothing,5,Japan,44,Male,Pending,No,8.93,0
CUST_101344,Anthony Rodriguez,Unknown,5357808728,2018-04-15,586.25,Sports,2,United States,47,Female,Cancelled,Yes,39.64,0
CUST_100925,Thomas Martinez,thomas.77@yahoo.com,4208786108,2018-10-23,117.89,Toys,3,France,78,Male,Unknown,Yes,43.77,0
CUST_100974,Charles Lopez,charles.96@company.com,8125416888,2022-05-20,786.1,Books,3,United Kingdom,34,Female,Delivered,Unknown,8.72,1
CUST_100711,Maria Williams,Unknown,7969968443,2018-06-09,738.82,Electronics,4,United Kingdom,50,Female,Pending,No,30.94,0
CUST_101355,Ruth Garcia,ruth.49@gmail.com,Unknown,2020-06-22,399.59,Automotive,2,Australia,25,Female,Pending,No,11.99,0
CUST_100943,Thomas Brown,thomas.36@company.com,1517615078,2020-12-05,385.2,Automotive,2,Canada,21,Female,Cancelled,Yes,26.55,1
CUST_101756,David Lopez,david.64@yahoo.com,Unknown,2020-07-26,646.0,Clothing,4,Australia,51,Male,Unknown,Yes,37.72,0
CUST_100931,Jane Johnson,jane.13@outlook.com,6917632672,2021-10-30,142.57,Sports,3,Australia,60,Female,Delivered,Yes,11.36,0
CUST_100938,Thomas Jackson,thomas.41@company.com,4411548230,2019-08-21,369.47,Books,1,United States,53,Unknown,Delivered,Yes,41.03,0
CUST_100010,John Moore,Unknown,9726286927,2020-12-13,545.22,Electronics,1,France,20,Male,Delivered,Unknown,7.33,0
CUST_101771,John Hernandez,john.97@gmail.com,9707809102,2024-10-01,399.85,Home & Garden,1,Unknown,32,Female,Pending,Yes,48.82,1
CUST_101177,Matthew Jackson,matthew.61@company.com,7456617849,2019-02-23,168.98,Electronics,1,Japan,73,Male,Pending,No,25.17,0
CUST_100282,Helen Wilson,helen.42@company.com,1788732723,2024-01-24,523.3,Sports,5,Canada,50,Male,Cancelled,No,18.19,0
CUST_100810,Maria Jones,Unknown,1167317738,2019-05-22,378.86,Home & Garden,2,Germany,68,Male,Shipped,Yes,28.02,1
CUST_101144,Robert Brown,robert.23@yahoo.com,4703755104,2022-05-30,201.33,Home & Garden,5,Australia,53,Female,Delivered,No,47.29,1
CUST_100291,Nancy Smith,Unknown,1691849985,2021-09-25,514.98,Toys,3,United States,76,Male,Cancelled,Yes,26.55,0
CUST_100754,Donna Hernandez,Unknown,3628818242,2022-09-26,277.07,Books,2,Unknown,47,Female,Pending,No,17.86,0
CUST_100626,Ruth Anderson,Unknown,9096258461,2020-06-16,130.14,Books,3,Canada,54,Female,Shipped,Unknown,35.97,1
CUST_101235,Sandra Hernandez,Unknown,7421085029,2020-03-01,105.21,Automotive,4,United States,57,Female,Shipped,Yes,31.6,0
CUST_100129,David Jackson,Unknown,8237204425,2020-07-26,381.97,Toys,2,United Kingdom,50,Male,Shipped,No,47.14,0
CUST_101229,Jane Martinez,jane.83@hotmail.com,4342609307,2021-10-14,750.82,Electronics,1,France,26,Female,Unknown,Yes,6.79,0
CUST_100843,Maria Smith,maria.34@company.com,7751525505,2022-02-19,451.28,Electronics,2,Japan,63,Female,Delivered,No,26.55,0
CUST_100323,Ruth Brown,ruth.17@yahoo.com,7825932106,2019-01-31,619.89,Automotive,3,Japan,37,Male,Cancelled,No,6.48,0
CUST_101263,Helen Martin,helen.53@gmail.com,5193263728,2022-03-14,385.2,Home & Garden,2,United States,71,Female,Delivered,Yes,26.55,0
CUST_101068,Maria Williams,maria.57@hotmail.com,9289084150,2018-03-02,597.56,Books,3,United States,80,Female,Shipped,No,42.76,1
CUST_101034,Jennifer Thomas,jennifer.25@gmail.com,3963962638,2022-09-18,240.84,Automotive,3,Australia,53,Male,Pending,Yes,8.94,0
CUST_101950,William Jones,Unknown,7304968367,2024-02-18,394.63,Clothing,3,Canada,28,Female,Pending,Yes,5.29,0
CUST_100944,Donna Hernandez,donna.43@company.com,3242171870,2022-11-30,705.46,Automotive,3,United Kingdom,61,Male,Cancelled,No,45.84,1
CUST_100952,Maria Martinez,maria.11@gmail.com,7375886002,2020-07-07,89.17,Electronics,1,Unknown,55,Female,Cancelled,Unknown,20.06,0
CUST_100695,Michael Martinez,michael.40@outlook.com,2479557898,2020-08-21,32.63,Clothing,5,Germany,34,Male,Cancelled,Yes,33.04,0
CUST_100215,Michael Wilson,michael.23@gmail.com,7291663743,2020-03-12,655.27,Sports,5,Australia,32,Male,Cancelled,No,26.55,0
CUST_101083,Donna Miller,donna.33@company.com,9736309192,2024-07-27,472.56,Electronics,2,France,39,Female,Pending,Yes,29.32,0
CUST_101353,Sarah Jones,sarah.93@yahoo.com,9864748636,2022-08-12,649.65,Home & Garden,2,Australia,28,Male,Shipped,Yes,34.14,0
CUST_101319,William Moore,william.60@company.com,6358014349,2022-03-30,777.48,Automotive,2,France,69,Male,Delivered,No,26.55,0
CUST_100158,John Gonzalez,john.76@hotmail.com,7405573045,2019-11-06,569.83,Books,2,Australia,66,Male,Pending,Unknown,26.9,1
CUST_101352,Anthony Thomas,anthony.89@gmail.com,5457676704,2020-06-05,772.56,Home & Garden,3,France,36,Male,Pending,Yes,18.74,1
CUST_101110,Betty Wilson,Unknown,3891446146,2021-01-25,489.48,Unknown,1,Canada,62,Unknown,Delivered,No,8.5,1
CUST_101815,Emma Thomas,emma.44@outlook.com,1844314683,2023-12-14,185.21,Home & Garden,3,United States,74,Female,Shipped,No,28.91,0
CUST_959946,Sarah Johnson,sarah.67@outlook.com,6374999405,2024-05-12,248.31,Toys,4,United States,43,Female,Pending,Yes,15.58,0
CUST_100841,James Martinez,Unknown,7683275864,2023-07-18,214.72,Automotive,2,United Kingdom,23,Male,Delivered,Yes,34.45,0
CUST_100634,Carol Hernandez,carol.76@outlook.com,Unknown,2018-07-28,586.04,Toys,1,Japan,49,Male,Cancelled,No,32.81,0
CUST_100516,Karen Martinez,Unknown,4714415476,2022-12-18,572.94,Automotive,2,Japan,30,Female,Shipped,No,22.21,0
CUST_101711,Daniel Davis,daniel.18@company.com,Unknown,2019-01-27,396.0,Home & Garden,3,Germany,38,Male,Delivered,No,20.18,1
CUST_101591,Susan Smith,susan.53@yahoo.com,2997038475,2020-04-20,659.98,Electronics,2,Japan,74,Male,Pending,No,49.42,1
CUST_100597,Unknown,Unknown,4723876751,2023-08-09,324.09,Clothing,5,United States,80,Female,Delivered,No,47.84,0
CUST_100195,Unknown,david.86@hotmail.com,6998836896,2018-11-23,786.04,Automotive,3,Germany,79,Female,Pending,No,17.97,1
CUST_101828,Matthew Thomas,Unknown,9478195045,2022-12-06,35.25,Sports,3,France,29,Female,Cancelled,No,5.14,0
CUST_100949,Thomas Taylor,Unknown,2759044335,2018-02-26,85.76,Clothing,1,Unknown,49,Female,Pending,Yes,28.43,0
CUST_100410,Donna Jackson,donna.47@yahoo.com,7338028785,2022-01-01,455.83,Sports,4,Japan,24,Female,Delivered,No,20.67,1
CUST_100096,Steven Martinez,Unknown,6687673057,2021-01-04,297.1,Electronics,1,United Kingdom,29,Female,Pending,Yes,10.77,1
CUST_100440,William Rodriguez,william.30@hotmail.com,9152299515,2022-05-01,60.45,Electronics,1,Japan,56,Female,Cancelled,No,49.86,0
CUST_100549,Karen Taylor,karen.19@company.com,6264611834,2020-07-25,726.39,Clothing,3,Unknown,48,Male,Cancelled,Yes,24.8,0
CUST_100156,Steven Johnson,steven.45@company.com,6329134878,2018-02-14,690.17,Home & Garden,1,France,66,Male,Pending,Yes,26.23,0
CUST_100419,Maria Anderson,maria.16@gmail.com,Unknown,2022-01-21,40.05,Sports,5,Canada,66,Female,Shipped,Yes,26.55,0
CUST_100922,William Hernandez,william.71@company.com,Unknown,2021-09-16,537.91,Clothing,4,Germany,58,Male,Delivered,Yes,11.38,1
CUST_101885,Anthony Lopez,anthony.61@gmail.com,6766889715,2020-11-28,792.67,Home & Garden,1,United Kingdom,21,Female,Shipped,Yes,16.91,0
CUST_100477,Anthony Moore,anthony.74@gmail.com,Unknown,2023-02-06,103.97,Home & Garden,3,United Kingdom,37,Male,Cancelled,Yes,24.19,0
CUST_101941,Sandra Miller,sandra.90@company.com,Unknown,2022-10-25,423.94,Electronics,2,France,64,Male,Cancelled,No,24.66,0
CUST_100668,Thomas Lopez,thomas.53@gmail.com,4617715699,2021-02-16,343.21,Sports,4,United States,49,Female,Delivered,Yes,13.48,0
CUST_101090,Jennifer Lopez,jennifer.91@yahoo.com,7799992021,2021-07-05,591.31,Clothing,2,Germany,34,Male,Pending,No,26.55,0
CUST_101958,Robert Taylor,robert.50@company.com,8276544718,2023-11-30,0.0,Electronics,3,Japan,80,Male,Pending,Yes,16.53,0
CUST_101359,William Martinez,william.88@yahoo.com,1964775157,2019-10-27,171.89,Clothing,1,Japan,27,Male,Cancelled,No,45.46,0
CUST_100447,Karen Moore,Unknown,9688238836,2018-09-15,410.8,Books,1,Australia,51,Female,Delivered,No,31.34,0
CUST_100553,Susan Thomas,susan.27@hotmail.com,5944005337,2020-11-11,412.16,Home & Garden,4,Unknown,43,Male,Pending,Yes,32.74,0
CUST_100178,Lisa Jackson,lisa.34@hotmail.com,6548943385,2021-10-18,306.62,Unknown,1,France,37,Female,Delivered,No,33.22,1
CUST_100390,Donald Smith,donald.27@hotmail.com,1608673993,2019-07-18,568.1,Automotive,5,France,32,Unknown,Delivered,No,12.82,0
CUST_100578,Ruth Martinez,ruth.43@yahoo.com,8599637370,2018-01-14,528.12,Clothing,2,Germany,68,Male,Delivered,Yes,32.25,1
CUST_101927,Carol Wilson,carol.10@hotmail.com,7304798177,2022-10-01,25.19,Sports,2,Japan,78,Female,Pending,No,37.21,0
CUST_101783,Sandra Martin,Unknown,9589122615,2022-07-20,599.29,Books,3,France,80,Female,Delivered,No,26.55,0
CUST_100963,William Williams,william.77@outlook.com,8931962638,2023-10-17,311.3,Toys,4,Germany,50,Female,Cancelled,No,37.36,0
CUST_101345,David Brown,Unknown,6128782921,2023-02-19,718.27,Home & Garden,1,Australia,21,Male,Shipped,Yes,40.23,1
CUST_101716,Robert Jackson,robert.50@yahoo.com,4837773379,2019-09-11,600.82,Electronics,4,Germany,21,Male,Shipped,Yes,49.72,0
CUST_101782,Richard Smith,richard.74@gmail.com,Unknown,2020-05-28,90.02,Books,1,Germany,79,Male,Shipped,No,10.53,1
CUST_100820,Helen Brown,helen.90@gmail.com,7743706036,2021-10-14,0.0,Toys,3,Australia,35,Male,Shipped,No,33.23,0
CUST_101622,Steven Jackson,steven.23@yahoo.com,2091764983,2023-03-13,549.98,Books,5,France,61,Male,Pending,No,29.25,0
CUST_101908,Robert Jones,Unknown,9575111733,2020-11-28,385.2,Clothing,2,Australia,50,Male,Delivered,Yes,46.79,0
CUST_101054,Jennifer Wilson,jennifer.41@company.com,6944567615,2020-07-30,715.44,Books,5,Canada,26,Female,Delivered,Yes,17.17,0
CUST_101946,Michael Brown,michael.70@gmail.com,2229774678,2020-12-24,0.0,Clothing,3,United Kingdom,64,Male,Shipped,Yes,5.44,1
CUST_100664,Steven Anderson,steven.76@company.com,2261211729,2024-02-23,389.66,Unknown,4,United States,68,Female,Cancelled,No,11.83,0
CUST_101587,Ruth Thomas,ruth.12@hotmail.com,5521858799,2018-09-27,497.67,Books,5,Australia,61,Female,Shipped,Yes,10.9,1
CUST_101546,Nancy Lopez,Unknown,3489148906,2020-04-08,244.72,Electronics,3,Canada,50,Female,Unknown,No,26.55,0
CUST_100864,James Miller,james.78@hotmail.com,6647675822,2022-04-04,349.11,Electronics,4,United States,56,Male,Shipped,No,24.93,0
CUST_100421,Susan Garcia,susan.66@yahoo.com,5782728311,2022-11-04,217.31,Home & Garden,4,France,72,Male,Pending,No,31.68,0
CUST_100636,Richard Hernandez,Unknown,8226625326,2019-01-09,137.77,Sports,2,France,39,Female,Shipped,No,26.6,1
CUST_101474,Susan Moore,susan.96@company.com,2487489084,2024-01-18,385.2,Clothing,3,Canada,58,Male,Unknown,No,18.91,0
CUST_100799,Sarah Brown,Unknown,2957951235,2024-03-12,385.2,Clothing,2,France,75,Male,Delivered,No,33.33,0
CUST_101118,Donna Garcia,donna.73@yahoo.com,6546152710,2020-09-14,88.28,Electronics,2,Canada,18,Female,Cancelled,Yes,15.46,1
CUST_100615,Lisa Wilson,Unknown,5597442923,2024-02-27,385.2,Home & Garden,4,United States,19,Female,Shipped,No,42.2,1
CUST_100294,Donna Jackson,donna.89@gmail.com,1187212646,2019-11-04,385.2,Toys,5,Japan,66,Male,Pending,No,21.38,0
CUST_101006,Susan Garcia,susan.35@yahoo.com,8018296858,2024-09-16,385.2,Books,2,Australia,65,Female,Shipped,Yes,26.95,0
CUST_101541,Anthony Miller,anthony.27@company.com,5079481653,2018-06-04,439.99,Home & Garden,1,Canada,37,Female,Cancelled,Yes,36.76,0
CUST_101991,Nancy Hernandez,Unknown,3552163402,2018-01-12,562.07,Home & Garden,4,United Kingdom,20,Male,Pending,Yes,48.28,0
CUST_100088,Betty Miller,betty.88@yahoo.com,4313647152,2023-03-18,297.95,Sports,2,Germany,50,Female,Delivered,No,44.12,0
CUST_100041,Helen Rodriguez,Unknown,5359487751,2023-01-07,180.48,Sports,4,Unknown,65,Female,Shipped,No,26.55,1
CUST_101884,Sandra Rodriguez,Unknown,1937796251,2018-04-23,350.93,Clothing,2,United States,36,Male,Pending,No,21.15,0
CUST_100131,Lisa Thomas,lisa.57@yahoo.com,7535052817,2020-10-17,279.55,Books,5,Australia,45,Female,Pending,No,24.62,0
CUST_101058,Emma Williams,emma.14@yahoo.com,7955876302,2024-07-06,601.31,Home & Garden,2,Germany,50,Male,Shipped,Unknown,33.2,0
CUST_100409,Donna Brown,donna.28@gmail.com,6433865072,2020-05-27,198.69,Books,2,Germany,58,Male,Pending,Yes,9.59,0
CUST_101121,Helen Anderson,helen.14@yahoo.com,3082409535,2021-12-25,128.27,Toys,2,Germany,29,Female,Cancelled,No,35.3,0
CUST_101940,Thomas Lopez,Unknown,5196309753,2020-10-15,26.96,Clothing,3,Australia,25,Male,Delivered,Yes,26.17,0
CUST_101405,Anthony Davis,anthony.85@company.com,8913155230,2023-08-09,781.37,Unknown,4,France,65,Male,Pending,Yes,29.91,0
CUST_101569,Thomas Garcia,thomas.16@outlook.com,4656108525,2022-10-20,535.59,Home & Garden,4,Australia,24,Female,Shipped,Yes,11.99,0
CUST_100164,Jennifer Miller,jennifer.43@hotmail.com,6721535831,2021-07-10,385.2,Books,5,Canada,51,Female,Pending,No,31.23,0
CUST_100290,Jennifer Gonzalez,jennifer.11@outlook.com,2394348606,2024-09-27,630.11,Home & Garden,2,United States,70,Male,Delivered,Yes,41.29,1
CUST_101196,Daniel Jackson,Unknown,1248063735,2020-05-04,700.57,Automotive,5,Germany,21,Male,Shipped,Yes,23.18,0
CUST_101606,Daniel Davis,daniel.18@outlook.com,2968847491,2019-06-16,266.44,Automotive,5,Germany,50,Male,Pending,No,38.91,0
CUST_101984,Michael Moore,michael.53@hotmail.com,3184142081,2018-09-16,452.44,Toys,4,France,47,Female,Cancelled,Yes,40.77,0
CUST_101938,Daniel Smith,Unknown,6413943639,2021-03-05,207.48,Automotive,3,United States,40,Male,Delivered,No,26.43,0
CUST_101423,Mark Davis,Unknown,2704079586,2021-10-18,646.75,Toys,5,Unknown,28,Male,Cancelled,No,14.08,0
CUST_100778,Charles Jackson,charles.78@outlook.com,7502802369,2019-12-28,371.0,Automotive,5,Germany,39,Unknown,Cancelled,Unknown,47.35,1
CUST_100839,Ruth Rodriguez,ruth.33@gmail.com,Unknown,2018-10-02,363.46,Electronics,3,United Kingdom,18,Female,Delivered,No,19.5,0
CUST_100348,Susan Hernandez,susan.40@gmail.com,9005922310,2024-02-06,317.81,Books,3,France,46,Female,Cancelled,No,40.58,0
CUST_100571,Jane Miller,Unknown,8263032813,2020-02-05,413.02,Clothing,3,Canada,51,Male,Pending,Yes,36.15,0
CUST_100917,Emma Thomas,Unknown,8485944700,2023-08-01,385.2,Clothing,1,Germany,69,Female,Delivered,Yes,41.58,0
CUST_101041,Nancy Martin,nancy.94@yahoo.com,Unknown,2024-08-20,432.96,Clothing,1,United Kingdom,57,Female,Shipped,Yes,10.51,0
CUST_101974,Unknown,mark.95@hotmail.com,Unknown,2022-03-14,711.1,Sports,3,France,77,Male,Shipped,No,21.62,1
CUST_101538,Sandra Thomas,sandra.66@outlook.com,3668339803,2024-09-19,569.41,Automotive,3,Australia,41,Female,Cancelled,No,16.0,0
CUST_101662,William Lopez,william.94@company.com,2513116054,2023-07-13,738.34,Books,3,Germany,60,Male,Delivered,No,28.39,0
CUST_100994,Maria Davis,maria.88@outlook.com,8303773337,2018-10-25,549.65,Toys,3,Japan,54,Female,Delivered,Yes,36.65,0
CUST_101592,John Taylor,Unknown,3578727671,2021-07-23,779.72,Automotive,3,Germany,51,Female,Cancelled,Yes,24.64,0
CUST_101929,Karen Williams,Unknown,6158854096,2024-11-02,382.04,Unknown,5,Japan,27,Female,Shipped,Yes,33.62,1
CUST_100136,Susan Anderson,susan.79@hotmail.com,9763339570,2018-11-30,430.39,Automotive,3,Canada,72,Male,Shipped,No,36.53,0
CUST_100458,Maria Wilson,maria.78@company.com,2344311886,2019-07-25,0.0,Books,3,United States,67,Female,Delivered,No,26.06,0
CUST_100375,David Anderson,david.63@gmail.com,7001829495,2020-07-25,454.88,Home & Garden,5,France,48,Female,Pending,Yes,41.08,0
CUST_101402,Daniel Jackson,Unknown,8195446683,2022-06-20,197.39,Electronics,4,United States,64,Male,Pending,No,35.48,0
CUST_100333,Thomas Rodriguez,Unknown,7125546385,2021-05-29,339.44,Automotive,3,United States,78,Female,Cancelled,Yes,31.69,0
CUST_101366,Susan Garcia,susan.25@outlook.com,5848679938,2023-07-09,23.02,Sports,3,Germany,76,Female,Cancelled,No,39.84,0
CUST_101429,Sarah Johnson,sarah.69@outlook.com,4084142316,2018-09-08,698.39,Clothing,2,Australia,57,Female,Shipped,Yes,21.01,0
CUST_101839,Nancy Taylor,Unknown,Unknown,2018-04-13,589.96,Unknown,4,Germany,24,Female,Delivered,Yes,8.16,0
CUST_100910,Robert Lopez,robert.50@company.com,4111765320,2022-05-11,227.86,Toys,4,United States,42,Female,Cancelled,Unknown,16.97,0
CUST_101179,Susan Taylor,susan.71@hotmail.com,7215839592,2023-03-26,797.81,Electronics,2,United States,56,Male,Pending,Yes,39.25,0
CUST_100328,William Anderson,Unknown,2274164873,2024-08-15,714.46,Books,5,Canada,63,Male,Pending,No,22.86,1
CUST_101600,Lisa Miller,Unknown,1969828261,2022-04-19,258.26,Clothing,3,France,22,Male,Shipped,Yes,24.2,0
CUST_100012,Susan Davis,susan.15@yahoo.com,6291712389,2021-01-22,384.82,Automotive,4,Unknown,51,Male,Unknown,No,33.91,0
CUST_100171,Emma Johnson,emma.44@outlook.com,1127092106,2022-02-19,447.85,Unknown,1,Canada,42,Female,Pending,No,29.2,0
CUST_100260,Richard Moore,Unknown,4953904373,2024-04-25,578.2,Home & Garden,5,United Kingdom,37,Female,Delivered,No,26.55,0
CUST_101269,Robert Martin,robert.54@gmail.com,6313156932,2018-09-23,280.29,Books,1,Canada,25,Female,Pending,Yes,13.82,0
CUST_101477,Maria Jones,maria.18@yahoo.com,1411786350,2018-11-16,412.56,Home & Garden,2,United Kingdom,63,Female,Delivered,Yes,15.39,0
CUST_100901,Daniel Gonzalez,daniel.22@company.com,8135659082,2018-03-10,76.29,Automotive,1,Canada,66,Male,Delivered,Yes,26.31,0
CUST_100258,Mark Rodriguez,mark.91@hotmail.com,Unknown,2024-07-02,47.45,Electronics,5,United States,73,Female,Pending,Yes,41.02,0
CUST_100844,Emma Jones,emma.80@yahoo.com,2477421379,2024-04-25,385.2,Sports,4,United Kingdom,50,Female,Cancelled,Yes,21.3,1
CUST_100138,Helen Brown,helen.59@company.com,8097949731,2020-12-25,177.87,Sports,4,Germany,50,Female,Shipped,Unknown,27.77,0
CUST_100319,Lisa Garcia,lisa.68@outlook.com,Unknown,2020-11-28,578.16,Sports,3,Australia,71,Female,Delivered,No,26.55,1
CUST_101869,Steven Brown,steven.52@gmail.com,5518233908,2019-12-15,470.24,Clothing,1,France,50,Unknown,Pending,Yes,23.17,0
CUST_101292,Jennifer Smith,jennifer.42@yahoo.com,6743858919,2019-08-02,195.52,Electronics,3,United States,76,Female,Shipped,Yes,45.55,0
CUST_101231,Susan Davis,susan.62@company.com,1758236157,2018-07-09,340.44,Sports,2,Japan,34,Male,Cancelled,Yes,44.81,0
CUST_100558,Carol Garcia,Unknown,Unknown,2021-06-08,783.86,Electronics,4,France,20,Female,Delivered,Yes,47.32,1
CUST_101813,David Jackson,Unknown,5062367311,2018-07-15,394.88,Sports,4,Canada,39,Male,Shipped,No,26.17,0
CUST_100531,Betty Jackson,Unknown,5288238500,2021-04-05,109.96,Electronics,2,Japan,72,Male,Pending,No,7.93,0
CUST_100224,Steven Jones,Unknown,2378692376,2024-05-24,17.26,Clothing,1,United Kingdom,68,Female,Cancelled,Yes,12.32,0
CUST_101794,Thomas Brown,thomas.27@outlook.com,7994526773,2024-01-31,658.07,Clothing,5,Australia,50,Female,Cancelled,No,27.76,1
CUST_100325,Donna Anderson,donna.71@company.com,7558594808,2022-05-30,127.21,Clothing,5,Japan,49,Male,Pending,No,40.03,1
CUST_101320,Maria Rodriguez,Unknown,8314809509,2018-10-26,489.63,Toys,5,United States,68,Male,Cancelled,Yes,18.47,0
CUST_101133,Richard Hernandez,richard.97@company.com,4561266508,2020-10-16,385.2,Clothing,3,France,41,Male,Delivered,No,15.14,0
CUST_100714,Nancy Brown,Unknown,1946347185,2020-02-27,356.88,Books,3,Canada,72,Male,Pending,No,29.65,0
CUST_100846,Michael Jones,michael.24@gmail.com,7102252754,2018-03-12,384.24,Automotive,2,Unknown,39,Female,Delivered,No,46.0,0
CUST_100193,Nancy Miller,Unknown,1754661491,2018-08-20,442.51,Sports,3,France,78,Male,Cancelled,No,37.26,0
CUST_100573,Betty Thomas,betty.37@hotmail.com,4391323626,2019-12-05,759.57,Home & Garden,3,United States,55,Male,Pending,No,9.36,0
CUST_100946,Charles Garcia,charles.12@hotmail.com,Unknown,2022-08-21,579.16,Clothing,2,United States,49,Female,Cancelled,No,12.68,0
CUST_100503,Jennifer Jackson,Unknown,Unknown,2019-01-09,741.66,Clothing,3,United States,22,Female,Shipped,Yes,21.61,0
CUST_101226,Sarah Rodriguez,Unknown,5426055309,2019-06-15,385.2,Home & Garden,1,Germany,51,Female,Delivered,Yes,37.4,1
CUST_101877,Mark Gonzalez,mark.67@outlook.com,7746617370,2024-01-18,613.24,Clothing,5,United Kingdom,35,Female,Pending,Yes,7.55,1
CUST_101867,Jennifer Jackson,jennifer.33@hotmail.com,3234532588,2023-06-10,211.36,Electronics,3,United Kingdom,77,Unknown,Shipped,No,6.13,0
CUST_100003,David Brown,david.27@company.com,3065497811,2018-08-22,496.74,Home & Garden,1,France,54,Male,Cancelled,Yes,46.02,1
CUST_101493,Donald Jackson,donald.80@hotmail.com,3301186318,2022-01-16,442.92,Automotive,4,Japan,69,Male,Shipped,Yes,18.2,0
CUST_100467,Mark Garcia,Unknown,1532209444,2023-07-29,786.73,Toys,2,Germany,77,Male,Pending,Yes,46.25,0
CUST_100005,Michael Jackson,Unknown,6172752396,2020-11-01,253.32,Books,4,Unknown,80,Male,Delivered,Yes,40.58,0
CUST_100547,Daniel Johnson,daniel.32@hotmail.com,7908829577,2020-03-12,447.96,Clothing,5,Japan,53,Male,Delivered,Yes,25.97,0
CUST_100228,David Wilson,david.61@hotmail.com,6094245473,2018-08-11,530.03,Sports,5,Germany,50,Female,Delivered,No,23.16,0
CUST_101063,Nancy Smith,Unknown,4837211482,2023-09-14,421.91,Unknown,4,Japan,61,Male,Shipped,No,14.97,0
CUST_100542,Betty Rodriguez,betty.68@gmail.com,7936453042,2022-02-10,58.17,Toys,3,Japan,38,Female,Delivered,No,5.05,0
CUST_100242,John Garcia,john.70@gmail.com,3333324438,2018-02-15,610.04,Sports,2,United States,57,Male,Shipped,Yes,15.43,0
CUST_100898,Michael Wilson,Unknown,8714547559,2023-07-06,457.42,Electronics,4,United Kingdom,34,Male,Shipped,No,44.0,1
CUST_101187,Steven Martinez,steven.51@company.com,3356833052,2018-05-23,29.96,Books,4,France,21,Unknown,Pending,No,49.08,0
CUST_101245,Jane Johnson,jane.63@outlook.com,7284894845,2021-12-28,386.92,Automotive,1,United Kingdom,30,Female,Cancelled,Yes,24.91,0
CUST_101138,Richard Moore,richard.51@yahoo.com,6475747944,2018-02-27,201.65,Unknown,3,United States,19,Male,Shipped,No,44.01,1
CUST_100842,Ruth Hernandez,ruth.94@company.com,9603517194,2023-02-19,542.44,Books,3,Japan,50,Male,Delivered,Yes,48.3,0
CUST_101486,Helen Johnson,helen.70@outlook.com,5843208158,2024-06-20,362.92,Toys,5,Germany,36,Female,Pending,Yes,24.1,0
CUST_101208,Karen Moore,karen.55@gmail.com,1993375871,2024-11-02,315.35,Books,5,Germany,41,Male,Cancelled,Yes,26.55,0
CUST_100276,Maria Wilson,Unknown,2837328079,2023-06-25,226.36,Clothing,4,Australia,50,Female,Cancelled,Yes,26.55,0
CUST_100661,Thomas Rodriguez,thomas.43@gmail.com,Unknown,2021-11-04,263.76,Toys,1,Australia,30,Female,Shipped,No,6.91,0
CUST_101875,Anthony Hernandez,anthony.44@company.com,2712029153,2018-03-02,396.68,Clothing,1,Canada,70,Female,Cancelled,Yes,23.37,0
CUST_100314,Karen Gonzalez,Unknown,Unknown,2019-03-12,174.6,Clothing,4,Australia,72,Male,Shipped,Yes,8.28,0
CUST_100691,Steven Johnson,Unknown,3404701046,2023-06-16,663.5,Home & Garden,1,Germany,79,Male,Shipped,Yes,27.6,0
CUST_101574,Ruth Moore,ruth.86@yahoo.com,6479669810,2019-11-18,563.98,Automotive,1,Australia,78,Male,Delivered,Yes,11.53,0
CUST_100424,Betty Moore,betty.34@outlook.com,8321293625,2018-03-24,234.74,Toys,3,France,29,Female,Cancelled,No,5.21,1
CUST_100594,Thomas Moore,thomas.71@hotmail.com,4138164791,2022-07-18,623.8,Home & Garden,3,United Kingdom,50,Female,Cancelled,Yes,6.49,0
CUST_912764,Richard Brown,Unknown,7399078244,2021-10-06,115.13,Electronics,3,Japan,28,Male,Delivered,Yes,26.55,0
CUST_100622,Daniel Hernandez,daniel.91@gmail.com,4936757393,2023-10-01,102.42,Automotive,5,United States,78,Male,Unknown,No,26.55,0
CUST_101281,Richard Martin,richard.44@outlook.com,2349375423,2023-03-07,595.96,Home & Garden,3,United States,50,Male,Delivered,No,11.08,1
CUST_101094,Donna Lopez,donna.80@outlook.com,2061369136,2018-12-15,437.46,Books,3,Japan,54,Female,Delivered,Unknown,15.0,0
CUST_100227,Daniel Moore,daniel.47@outlook.com,5785427700,2021-05-27,380.62,Automotive,4,United Kingdom,50,Female,Cancelled,Yes,19.43,0
CUST_101764,Charles Thomas,charles.57@outlook.com,Unknown,2018-11-03,385.2,Books,5,Australia,25,Male,Pending,No,5.89,0
CUST_101391,Donald Wilson,donald.79@company.com,8552356087,2018-11-01,685.19,Home & Garden,4,United States,61,Male,Pending,Yes,25.18,0
CUST_101151,Nancy Moore,Unknown,6931815529,2022-05-16,612.16,Toys,1,Australia,37,Male,Shipped,No,8.74,0
CUST_100066,Charles Thomas,Unknown,4331917711,2021-03-15,52.68,Electronics,5,Japan,50,Male,Pending,No,13.65,0
CUST_100024,Donna Johnson,Unknown,4998423064,2021-11-02,44.08,Clothing,4,United States,18,Female,Shipped,No,8.37,0
CUST_100144,Thomas Jones,thomas.76@company.com,6298771712,2021-09-02,385.2,Clothing,4,United States,58,Female,Unknown,No,11.48,0
CUST_100536,James Taylor,james.55@gmail.com,9651922302,2018-03-31,305.61,Sports,1,United Kingdom,50,Male,Shipped,Yes,36.06,0
CUST_100811,Helen Thomas,Unknown,8678699924,2019-11-03,385.2,Home & Garden,5,Canada,50,Female,Shipped,No,43.38,0
CUST_101173,Thomas Anderson,Unknown,8294524520,2021-12-25,488.57,Electronics,5,United Kingdom,60,Male,Cancelled,No,38.68,0
CUST_100085,Charles Brown,charles.99@company.com,Unknown,2019-08-18,311.77,Electronics,3,Canada,61,Male,Shipped,No,42.47,1
CUST_101427,Charles Lopez,charles.76@hotmail.com,5695053708,2022-10-22,767.33,Automotive,5,Unknown,50,Female,Cancelled,Yes,37.68,0
CUST_101237,Karen Taylor,karen.76@company.com,3715813481,2020-04-12,698.43,Books,5,United Kingdom,39,Male,Delivered,Yes,26.41,0
CUST_101249,John Brown,john.82@outlook.com,6565925840,2023-06-11,81.63,Sports,4,Australia,69,Male,Cancelled,Yes,36.01,0
CUST_101887,William Jackson,Unknown,2385584244,2018-12-09,117.37,Clothing,4,Japan,73,Male,Shipped,No,30.58,0
CUST_101901,Steven Johnson,steven.15@company.com,8294272195,2023-01-23,148.95,Sports,4,United States,50,Female,Unknown,Yes,21.39,0
CUST_101435,Carol Taylor,carol.15@hotmail.com,8233482569,2019-08-12,175.12,Home & Garden,3,Unknown,78,Male,Delivered,Yes,18.73,0
CUST_101198,Helen Martin,helen.59@company.com,5324623088,2021-10-02,652.77,Books,2,United Kingdom,26,Male,Cancelled,Unknown,31.79,0
CUST_100362,Karen Davis,karen.89@company.com,4157562167,2018-07-19,550.91,Electronics,2,Germany,43,Male,Shipped,No,33.55,0
CUST_101683,Daniel Taylor,Unknown,9687675926,2018-08-11,142.45,Clothing,3,Japan,50,Male,Shipped,Yes,27.12,0
CUST_101206,Susan Martin,Unknown,5644886250,2023-12-15,385.2,Home & Garden,3,Germany,46,Female,Pending,Yes,45.49,1
CUST_101026,Maria Davis,maria.24@yahoo.com,9526178271,2019-07-05,692.42,Books,1,Canada,50,Male,Delivered,No,25.52,0
CUST_101030,Ruth Brown,Unknown,7312268083,2021-11-27,467.34,Books,3,Germany,50,Male,Pending,No,25.7,1
CUST_101273,David Hernandez,david.78@yahoo.com,Unknown,2024-07-15,57.92,Electronics,5,United States,65,Female,Unknown,Yes,45.54,0
CUST_101542,Richard Davis,richard.28@yahoo.com,8336238209,2019-08-19,59.38,Toys,1,United Kingdom,60,Male,Pending,No,19.96,1
CUST_101124,Mark Lopez,mark.74@yahoo.com,Unknown,2018-09-22,385.2,Automotive,5,Australia,61,Female,Delivered,Yes,30.91,0
CUST_100665,Steven Martinez,Unknown,4032059381,2021-09-16,584.94,Clothing,1,Canada,42,Male,Delivered,Yes,33.15,0
CUST_100364,Karen Smith,karen.24@gmail.com,2662988148,2023-07-05,547.17,Books,1,United Kingdom,46,Male,Shipped,Yes,22.21,0
CUST_100077,Helen Moore,Unknown,8229598278,2024-10-16,329.8,Clothing,5,France,29,Male,Cancelled,No,45.66,0
CUST_100027,Ruth Gonzalez,Unknown,7502631383,2023-01-16,466.39,Books,5,United States,36,Female,Delivered,Yes,37.77,1
CUST_101668,Michael Garcia,michael.65@gmail.com,Unknown,2019-04-23,376.72,Sports,3,Australia,49,Female,Cancelled,Yes,13.24,0
CUST_100525,Nancy Davis,nancy.29@outlook.com,8597949711,2019-08-15,161.65,Books,1,United States,57,Male,Delivered,No,34.84,0
CUST_101918,Anthony Brown,anthony.60@gmail.com,Unknown,2019-11-09,425.57,Toys,2,United States,43,Male,Delivered,Yes,36.05,0
CUST_100055,Steven Hernandez,steven.17@yahoo.com,4804127135,2018-09-08,770.81,Clothing,4,France,77,Male,Cancelled,Yes,8.96,0
CUST_100638,Carol Moore,Unknown,1587401170,2018-05-29,360.07,Sports,4,Australia,18,Male,Pending,Yes,17.74,0
CUST_100302,Helen Martin,Unknown,1498907183,2022-07-09,113.25,Sports,4,United States,25,Female,Delivered,No,26.55,1
CUST_100718,Donald Lopez,donald.42@outlook.com,5795886131,2023-11-25,385.2,Sports,4,Australia,68,Male,Shipped,Yes,49.19,0
CUST_100624,Carol Anderson,carol.65@gmail.com,Unknown,2023-05-18,215.49,Clothing,5,France,64,Male,Delivered,Yes,14.48,0
CUST_100007,John Williams,Unknown,7803513483,2018-04-07,212.67,Sports,4,United Kingdom,50,Female,Pending,Yes,13.63,0
CUST_100803,Steven Davis,steven.36@hotmail.com,4609489887,2020-03-31,739.07,Automotive,1,United Kingdom,72,Male,Delivered,Yes,30.25,0
CUST_101049,Sarah Thomas,sarah.73@company.com,8807745963,2018-03-24,600.6,Home & Garden,4,France,39,Male,Cancelled,No,49.19,0
CUST_100336,Mark Taylor,Unknown,3349676427,2020-01-05,361.0,Home & Garden,5,Japan,54,Female,Cancelled,No,35.3,1
CUST_100047,Ruth Moore,ruth.74@outlook.com,5269433668,2019-01-11,337.89,Clothing,2,Canada,120,Female,Delivered,No,48.63,0
CUST_101550,Thomas Brown,Unknown,5618165225,2023-11-19,385.2,Clothing,1,Australia,69,Male,Pending,Yes,47.14,0
CUST_100106,James Taylor,james.23@gmail.com,6223881745,2019-03-11,619.98,Sports,5,Germany,56,Male,Shipped,No,19.06,0
CUST_100349,Nancy Anderson,nancy.83@hotmail.com,4685077188,2024-08-15,271.77,Toys,3,Canada,50,Female,Delivered,Yes,46.8,1
CUST_101079,Donna Jones,donna.50@outlook.com,3299415749,2019-10-16,704.58,Home & Garden,5,France,35,Female,Pending,Yes,33.06,1
CUST_100238,Ruth Davis,Unknown,1088885906,2024-09-10,770.9,Sports,5,Canada,50,Female,Pending,No,26.55,0
CUST_100213,Charles Thomas,charles.37@hotmail.com,9716209011,2019-10-17,385.2,Sports,1,United Kingdom,19,Female,Unknown,No,48.59,0
CUST_101310,Ruth Thomas,ruth.28@company.com,5358162269,2021-11-12,237.57,Automotive,2,Unknown,44,Male,Pending,Yes,14.29,0
CUST_101192,Matthew Martinez,matthew.58@outlook.com,7478914245,2023-08-13,220.09,Automotive,1,Japan,69,Male,Shipped,Yes,41.09,0
CUST_100793,Betty Jackson,betty.14@outlook.com,7905165305,2021-01-25,23.7,Sports,4,Germany,75,Female,Cancelled,No,22.54,0
CUST_101096,Sandra Anderson,Unknown,9009704731,2024-06-18,41.9,Electronics,5,Japan,37,Male,Cancelled,No,9.14,0
CUST_101233,Donald Hernandez,donald.57@gmail.com,9136336202,2019-03-01,136.04,Electronics,4,United States,49,Female,Delivered,No,32.86,1
CUST_101176,Steven Moore,steven.19@outlook.com,3296789249,2020-06-27,417.6,Toys,3,Canada,45,Female,Cancelled,Yes,19.43,0
CUST_101653,Emma Jackson,emma.72@company.com,1742866567,2024-03-05,204.05,Toys,4,Japan,79,Male,Pending,No,33.43,0
CUST_101747,Sarah Rodriguez,sarah.18@hotmail.com,8384071005,2023-11-17,230.03,Books,2,United Kingdom,36,Female,Cancelled,Yes,14.8,1
CUST_100523,Helen Miller,helen.80@outlook.com,7222011785,2022-05-08,271.69,Electronics,4,United Kingdom,51,Male,Delivered,Yes,40.52,0
CUST_100232,Steven Lopez,Unknown,9043834731,2020-06-05,66.64,Electronics,1,Japan,72,Female,Delivered,No,11.93,0
CUST_100644,Mark Brown,mark.61@company.com,Unknown,2020-12-30,217.31,Books,1,United Kingdom,35,Female,Cancelled,No,7.98,0
CUST_101578,Donald Johnson,donald.55@yahoo.com,Unknown,2022-09-25,413.39,Books,4,France,76,Female,Pending,Yes,29.04,0
CUST_100533,Thomas Brown,thomas.67@yahoo.com,3825389529,2023-04-08,385.2,Home & Garden,1,United States,59,Male,Delivered,Yes,24.97,0
CUST_101931,Michael Brown,Unknown,2564495109,2024-03-15,265.26,Automotive,2,Germany,68,Female,Unknown,Unknown,24.32,0
CUST_100603,Donald Jackson,Unknown,8889823134,2021-07-12,792.95,Clothing,1,Germany,45,Male,Delivered,No,14.05,0
CUST_101892,Donna Moore,Unknown,8151569643,2018-12-09,604.99,Home & Garden,2,Japan,41,Male,Shipped,No,26.55,0
CUST_101074,Maria Moore,Unknown,4657333258,2022-12-17,18.6,Automotive,3,Australia,69,Male,Pending,Yes,8.51,0
CUST_101364,Sandra Johnson,sandra.51@yahoo.com,6859431498,2019-01-05,223.71,Home & Garden,3,Australia,32,Female,Cancelled,No,20.71,1
CUST_100060,Sandra Moore,Unknown,4571691732,2020-02-15,87.41,Automotive,4,Japan,32,Male,Delivered,No,10.52,0
CUST_101923,Helen Anderson,helen.33@yahoo.com,6689669158,2018-07-24,317.74,Toys,3,Australia,55,Male,Shipped,No,17.29,0
CUST_100092,Ruth Smith,Unknown,3751626215,2021-07-21,703.53,Books,4,Germany,59,Female,Delivered,No,37.32,0
CUST_100666,Helen Moore,helen.41@outlook.com,5252451019,2021-08-30,153.12,Home & Garden,4,Australia,34,Female,Cancelled,Yes,9.14,0
CUST_100280,Sandra Martinez,sandra.25@outlook.com,1688144559,2024-02-09,227.6,Automotive,5,France,42,Female,Delivered,Yes,46.06,0
CUST_101394,Helen Brown,helen.34@gmail.com,5233314084,2019-11-22,573.13,Books,2,Unknown,50,Male,Shipped,No,40.35,0
CUST_100359,Nancy Moore,Unknown,2941041210,2024-05-19,761.08,Automotive,4,Unknown,50,Female,Delivered,No,41.61,1
CUST_101182,Charles Jones,charles.65@hotmail.com,8864704782,2020-09-14,12.85,Books,2,Canada,50,Female,Shipped,No,34.16,0
CUST_101223,Charles Moore,Unknown,6845368288,2022-09-10,385.2,Books,5,Unknown,50,Female,Pending,Yes,34.6,0
CUST_100847,Sandra Smith,sandra.18@gmail.com,3682842520,2022-03-06,790.72,Toys,2,Japan,53,Male,Pending,Yes,21.09,0
CUST_101441,Thomas Johnson,thomas.37@yahoo.com,4486131026,2022-11-16,187.78,Electronics,4,Australia,79,Female,Shipped,No,17.58,1
CUST_100110,Mark Miller,Unknown,3157259270,2023-07-18,385.2,Clothing,4,Canada,24,Male,Cancelled,Yes,43.85,0
CUST_100042,Anthony Williams,anthony.63@yahoo.com,1635353130,2021-09-17,645.19,Automotive,3,Germany,32,Female,Pending,No,32.55,0
CUST_100125,Michael Taylor,Unknown,8763876862,2024-03-23,385.2,Sports,3,United Kingdom,74,Female,Delivered,Yes,24.23,0
CUST_100204,Jennifer Brown,jennifer.62@company.com,4817763807,2018-05-28,722.84,Electronics,4,Canada,41,Male,Shipped,Yes,14.61,0
CUST_100052,Richard Rodriguez,richard.84@yahoo.com,6724782945,2024-10-15,541.84,Home & Garden,5,United States,78,Male,Cancelled,Yes,8.44,0
CUST_100545,Daniel Smith,daniel.91@outlook.com,8567779652,2024-07-26,99.22,Unknown,4,Australia,33,Male,Shipped,No,37.99,0
CUST_100068,Carol Brown,carol.10@outlook.com,Unknown,2020-09-13,385.2,Home & Garden,4,United States,73,Male,Delivered,Yes,17.67,0
CUST_101190,Matthew Moore,Unknown,4494212932,2021-09-03,444.54,Electronics,2,Australia,51,Male,Shipped,Yes,46.48,0
CUST_101618,Daniel Brown,Unknown,3137775193,2024-07-14,385.2,Electronics,3,Germany,50,Male,Cancelled,Yes,33.56,1
CUST_100183,William Rodriguez,william.61@yahoo.com,3003054297,2020-05-26,573.32,Books,4,United Kingdom,61,Female,Cancelled,Unknown,42.14,1
CUST_100137,Carol Johnson,carol.85@yahoo.com,3802961378,2023-03-11,57.44,Sports,3,Unknown,71,Female,Cancelled,Yes,13.55,0
CUST_100899,Carol Brown,carol.71@yahoo.com,Unknown,2024-05-19,603.84,Sports,5,Germany,53,Male,Pending,No,17.09,0
CUST_100796,Charles Martinez,charles.60@gmail.com,Unknown,2021-06-08,640.64,Automotive,2,Canada,62,Female,Shipped,Yes,26.55,0
CUST_100132,Donna Wilson,donna.43@hotmail.com,6826129093,2023-04-09,0.0,Books,3,United Kingdom,34,Female,Pending,No,8.5,0
CUST_100080,Sarah Martinez,sarah.98@company.com,2845241394,2023-05-22,736.02,Sports,5,Japan,59,Female,Shipped,No,22.88,0
CUST_101553,Ruth Miller,Unknown,6774715771,2020-08-12,533.13,Books,4,France,34,Male,Cancelled,No,37.03,1
CUST_101611,Richard Gonzalez,richard.45@company.com,4134416798,2019-12-10,596.3,Electronics,3,Unknown,21,Female,Delivered,No,13.74,0
CUST_100541,Sandra Hernandez,sandra.56@hotmail.com,2395919156,2021-11-27,594.79,Electronics,4,Unknown,51,Female,Cancelled,No,48.85,0
CUST_101666,Mark Rodriguez,mark.79@company.com,Unknown,2024-06-23,710.36,Automotive,5,Germany,75,Female,Unknown,Yes,26.55,0
CUST_100983,Charles Moore,Unknown,1086103410,2022-01-01,205.2,Toys,4,Unknown,23,Male,Delivered,Yes,40.41,0
CUST_100165,Jane Jackson,jane.83@company.com,5111987735,2019-04-20,442.02,Electronics,2,United States,43,Female,Cancelled,Yes,27.26,1
CUST_100248,Richard Johnson,Unknown,8551099188,2022-03-08,76.72,Home & Garden,3,United Kingdom,42,Female,Shipped,Unknown,21.85,0
CUST_100446,Sandra Wilson,sandra.93@gmail.com,4166143022,2023-12-23,435.11,Clothing,3,France,24,Male,Delivered,No,22.06,0
CUST_101202,Michael Johnson,Unknown,5187458368,2022-03-26,335.72,Home & Garden,2,Germany,59,Male,Shipped,Yes,17.75,0
CUST_100858,Mark Martin,mark.63@outlook.com,8593602992,2021-07-22,158.21,Clothing,2,Australia,51,Female,Pending,Unknown,10.37,0
CUST_100097,Lisa Johnson,lisa.54@outlook.com,5165562374,2018-03-09,274.14,Clothing,5,Canada,55,Male,Cancelled,No,16.9,0
CUST_100805,Donald Anderson,Unknown,5695387113,2020-07-23,311.6,Unknown,2,United States,55,Female,Pending,No,16.95,1
CUST_100737,Steven Wilson,steven.33@gmail.com,2557988587,2024-11-02,255.63,Clothing,2,Germany,26,Male,Pending,Yes,26.55,1
CUST_101313,Charles Miller,charles.14@gmail.com,2161397949,2021-10-30,134.26,Toys,4,United States,69,Male,Delivered,No,24.14,0
CUST_100102,Mark Moore,Unknown,9497355739,2020-02-18,493.75,Electronics,3,France,68,Female,Pending,Yes,33.96,0
CUST_100434,Helen Gonzalez,Unknown,2141916574,2018-06-13,151.0,Books,3,Japan,70,Female,Pending,No,36.94,0
CUST_100074,Charles Rodriguez,charles.56@gmail.com,6342938796,2024-01-19,629.55,Automotive,1,Australia,42,Female,Pending,Yes,37.87,1
CUST_101872,James Jones,james.29@gmail.com,Unknown,2024-09-03,596.85,Sports,3,Germany,58,Male,Cancelled,Yes,40.1,0
CUST_101309,Mark Martin,Unknown,5946262334,2021-03-12,342.76,Clothing,1,United Kingdom,30,Female,Delivered,No,26.55,0
CUST_100918,Thomas Jackson,Unknown,8844032356,2022-05-14,176.34,Sports,3,United States,69,Female,Cancelled,No,42.88,1
CUST_101788,Robert Rodriguez,robert.90@outlook.com,6351387532,2021-11-26,609.64,Clothing,5,Japan,43,Male,Pending,No,26.55,0
CUST_101746,Sarah Smith,sarah.50@company.com,5315878667,2024-08-19,529.64,Books,5,Canada,50,Unknown,Cancelled,No,40.92,0
CUST_101692,Donna Williams,donna.53@yahoo.com,6312553975,2022-01-03,740.56,Books,4,Japan,61,Female,Delivered,No,41.0,0
CUST_100762,Donna Martin,donna.21@hotmail.com,6741083532,2021-02-12,385.2,Automotive,1,France,50,Female,Unknown,Yes,19.68,0
CUST_100989,Emma Garcia,emma.62@hotmail.com,7072261871,2024-04-22,203.57,Unknown,4,Germany,74,Female,Delivered,No,18.55,0
CUST_100388,Mark Smith,mark.45@hotmail.com,2373028970,2022-01-04,676.4,Toys,1,France,20,Female,Pending,Unknown,27.98,0
CUST_100235,Maria Moore,maria.70@yahoo.com,Unknown,2023-02-19,385.2,Home & Garden,2,France,55,Female,Pending,No,45.7,0
CUST_101729,Donna Gonzalez,Unknown,3691646987,2020-10-15,664.75,Sports,5,Australia,63,Unknown,Cancelled,Yes,26.55,0
CUST_100267,Unknown,Unknown,4175428778,2018-06-30,105.43,Books,3,Japan,30,Male,Delivered,No,21.93,0
CUST_101909,Steven Martinez,steven.41@company.com,7133525230,2022-09-12,204.28,Home & Garden,1,United Kingdom,70,Male,Delivered,Yes,42.96,0
CUST_100117,John Jackson,john.48@yahoo.com,8138209011,2022-03-10,38.15,Electronics,2,United States,68,Male,Pending,Yes,42.48,0
CUST_101883,Richard Taylor,richard.61@outlook.com,5919302618,2022-10-02,127.04,Automotive,3,Japan,20,Female,Pending,No,8.04,1
CUST_100673,Robert Gonzalez,robert.43@yahoo.com,7192543917,2022-07-16,398.03,Unknown,3,Japan,53,Female,Delivered,Yes,6.23,0
CUST_100249,Carol Thomas,Unknown,9544636567,2021-01-18,393.18,Home & Garden,2,United States,37,Male,Cancelled,No,26.55,1
CUST_101521,James Miller,james.49@gmail.com,7685287852,2024-10-26,330.37,Books,3,United States,35,Male,Delivered,No,22.95,0
CUST_916351,Michael Johnson,michael.70@yahoo.com,3846886150,2024-06-13,26.39,Clothing,4,France,70,Female,Pending,No,26.86,0
CUST_100094,Karen Smith,karen.52@hotmail.com,Unknown,2018-02-27,42.48,Home & Garden,3,United States,72,Female,Delivered,No,16.11,0
CUST_100033,Jane Davis,Unknown,1488743043,2019-03-15,44.75,Clothing,1,United Kingdom,23,Female,Delivered,No,19.32,0
CUST_101822,Betty Johnson,betty.40@company.com,6646814149,2023-01-05,402.9,Electronics,1,Germany,19,Female,Shipped,Yes,10.02,0
CUST_101743,Matthew Gonzalez,matthew.92@gmail.com,8698333491,2019-07-06,591.91,Home & Garden,4,United Kingdom,67,Female,Pending,Yes,9.68,0
CUST_100448,Mark Davis,Unknown,3206065775,2021-01-03,125.42,Toys,5,Australia,37,Female,Delivered,Yes,38.33,0
CUST_100716,Helen Rodriguez,helen.52@outlook.com,1573247427,2023-07-02,771.52,Home & Garden,3,Germany,76,Female,Cancelled,No,26.55,0
CUST_101322,Robert Davis,robert.18@company.com,8648373217,2018-12-29,94.17,Books,1,France,72,Unknown,Delivered,Yes,22.4,1
CUST_101588,Helen Thomas,helen.98@outlook.com,6557034522,2020-07-29,73.17,Home & Garden,3,Canada,58,Female,Delivered,No,8.89,0
CUST_100000,Matthew Brown,Unknown,5528809288,2021-08-06,495.09,Home & Garden,2,Germany,29,Female,Pending,Yes,6.47,0
CUST_101752,Lisa Anderson,lisa.84@company.com,2475923625,2024-05-19,7.0,Automotive,4,Germany,24,Female,Cancelled,No,42.19,0
CUST_101101,James Williams,Unknown,1534967180,2023-04-05,674.75,Toys,4,Germany,21,Female,Shipped,No,26.37,0
CUST_101108,Helen Martinez,Unknown,9211155094,2019-09-07,675.85,Automotive,3,United States,67,Male,Cancelled,Yes,43.74,0
CUST_101307,Susan Miller,susan.43@yahoo.com,9136009938,2023-11-01,411.93,Electronics,4,United Kingdom,44,Female,Shipped,Yes,13.74,0
CUST_100082,Thomas Smith,thomas.32@hotmail.com,2016543755,2021-07-07,186.9,Clothing,1,Australia,55,Female,Cancelled,No,6.18,0
CUST_101627,Daniel Johnson,daniel.25@hotmail.com,Unknown,2021-12-04,385.2,Books,1,France,50,Female,Cancelled,No,45.75,0
CUST_100676,Richard Jackson,Unknown,3934562702,2021-04-29,568.8,Unknown,2,Japan,19,Female,Pending,Yes,30.07,1
CUST_101519,Charles Jones,charles.71@gmail.com,1036456473,2024-08-10,643.06,Toys,3,Japan,50,Female,Pending,No,12.73,0
CUST_101046,Lisa Wilson,lisa.25@yahoo.com,Unknown,2023-01-14,0.0,Unknown,1,Germany,29,Female,Delivered,Yes,33.91,0
CUST_100770,Daniel Hernandez,daniel.10@company.com,7185974483,2023-08-31,325.81,Home & Garden,5,Germany,40,Female,Delivered,No,20.7,0
CUST_101271,Charles Johnson,Unknown,8353345754,2018-03-06,782.11,Clothing,2,France,55,Female,Delivered,Yes,26.55,0
CUST_101338,Maria Anderson,Unknown,8909735542,2022-05-14,266.23,Electronics,1,France,38,Male,Unknown,Yes,10.31,0
CUST_101651,Maria Moore,maria.92@hotmail.com,8858008060,2024-07-24,385.2,Electronics,4,France,30,Male,Pending,No,47.72,0
CUST_101559,Nancy Jackson,Unknown,6974103430,2019-05-15,339.43,Electronics,4,United States,70,Male,Unknown,No,9.83,0
CUST_100404,Richard Miller,richard.64@gmail.com,4877251937,2018-02-06,503.35,Automotive,3,United Kingdom,61,Female,Cancelled,Yes,13.36,0
CUST_101805,Daniel Williams,Unknown,8245976744,2022-02-09,573.47,Unknown,3,Australia,33,Male,Cancelled,No,42.45,0
CUST_101358,Mark Martinez,mark.24@hotmail.com,Unknown,2024-09-18,582.26,Automotive,3,United States,63,Female,Cancelled,Yes,48.42,0
CUST_101851,Maria Williams,Unknown,1307649109,2019-12-07,405.19,Unknown,3,Australia,26,Male,Pending,Yes,28.71,0
CUST_100104,David Thomas,david.14@outlook.com,5933795110,2019-10-17,498.53,Books,1,Canada,45,Female,Delivered,Yes,9.79,0
CUST_100688,Betty Rodriguez,betty.97@yahoo.com,6499414770,2019-04-17,484.69,Electronics,2,Japan,78,Female,Delivered,No,30.45,1
CUST_101418,Maria Wilson,Unknown,7945105918,2020-08-06,385.2,Toys,5,Australia,54,Male,Delivered,Yes,18.13,0
CUST_100826,Sarah Jackson,Unknown,6855404962,2020-02-15,449.87,Books,5,Unknown,40,Female,Cancelled,No,37.2,0
CUST_101240,Karen Smith,Unknown,9778404509,2018-04-22,148.74,Automotive,3,France,56,Female,Shipped,Yes,20.53,0
CUST_100062,Sandra Jackson,Unknown,9004868786,2021-08-09,84.43,Books,4,Canada,50,Female,Delivered,No,21.59,0
CUST_100852,Maria Martinez,Unknown,1783157879,2024-04-18,385.2,Books,2,United States,74,Female,Pending,No,28.12,0
CUST_101414,Lisa Davis,lisa.68@yahoo.com,2908701356,2024-02-15,544.68,Electronics,5,Australia,18,Female,Pending,No,43.4,0
CUST_100223,Sarah Williams,sarah.17@company.com,9624835170,2020-04-22,313.79,Unknown,1,United Kingdom,32,Male,Pending,Yes,40.47,0
CUST_100145,Susan Garcia,susan.89@yahoo.com,3291485553,2023-05-31,208.09,Toys,4,Japan,71,Female,Delivered,No,42.43,0
CUST_101088,Karen Rodriguez,karen.88@hotmail.com,3054421973,2024-10-13,385.2,Unknown,4,Japan,20,Unknown,Unknown,No,26.55,0
CUST_100373,Helen Smith,helen.37@hotmail.com,Unknown,2020-07-04,112.51,Toys,3,Unknown,50,Female,Pending,Yes,32.85,0
CUST_101488,Richard Anderson,richard.18@gmail.com,7871467531,2021-07-27,20.65,Home & Garden,3,United Kingdom,50,Female,Pending,Yes,10.61,0
CUST_101142,Robert Martin,Unknown,3558899893,2021-06-13,285.11,Unknown,5,France,55,Male,Cancelled,No,31.46,0
CUST_101910,Emma Rodriguez,emma.82@gmail.com,5327966074,2023-04-23,385.2,Home & Garden,3,France,71,Male,Cancelled,No,37.04,0
CUST_101565,Karen Moore,karen.83@gmail.com,5932798929,2023-10-08,219.93,Toys,2,United Kingdom,76,Female,Pending,Yes,39.74,0
CUST_101265,Sarah Gonzalez,sarah.62@hotmail.com,7287256401,2023-01-17,280.47,Toys,5,Germany,21,Male,Pending,Yes,48.49,1
CUST_101673,Michael Lopez,Unknown,8894893042,2019-09-21,385.2,Clothing,3,United Kingdom,22,Female,Shipped,No,26.55,1
CUST_101328,William Thomas,william.92@gmail.com,1627398679,2020-02-26,330.63,Sports,3,Australia,24,Male,Shipped,No,32.45,0
CUST_100009,Charles Martin,charles.43@gmail.com,5395237706,2023-01-02,492.89,Sports,2,United States,50,Female,Cancelled,No,14.28,1
CUST_100449,Anthony Thomas,anthony.89@yahoo.com,4851606458,2021-03-29,75.27,Home & Garden,3,France,65,Male,Delivered,Yes,22.02,0
CUST_100708,David Davis,david.90@company.com,2591611526,2022-01-03,769.72,Unknown,1,Japan,38,Female,Pending,Yes,41.9,0
CUST_100255,Helen Miller,helen.36@yahoo.com,2925862779,2023-05-06,385.2,Sports,2,Unknown,50,Male,Shipped,Unknown,10.7,0
CUST_100882,Anthony Davis,Unknown,9144294811,2018-11-23,435.92,Unknown,4,United States,37,Male,Cancelled,No,45.1,0
CUST_100389,Lisa Miller,lisa.47@hotmail.com,2125614482,2023-09-09,442.84,Automotive,3,Germany,52,Male,Cancelled,Yes,18.92,0
CUST_100908,Matthew Brown,matthew.90@hotmail.com,6501051860,2020-09-01,758.06,Toys,3,Germany,37,Female,Shipped,No,19.66,0
CUST_100924,Michael Thomas,michael.35@company.com,9337049644,2020-10-20,13.51,Toys,3,Japan,18,Male,Delivered,No,34.65,0
CUST_101780,Matthew Garcia,Unknown,9576797157,2021-03-15,171.84,Clothing,5,United States,50,Male,Shipped,Unknown,38.78,0
CUST_101288,Donald Smith,Unknown,5356241383,2024-05-21,393.22,Sports,3,United Kingdom,60,Female,Shipped,Unknown,40.4,0
CUST_100460,William Lopez,Unknown,6912408239,2022-01-20,319.22,Clothing,2,Japan,47,Male,Pending,Yes,13.15,0
CUST_101740,Helen Lopez,Unknown,8106433732,2023-11-20,126.13,Home & Garden,3,Canada,50,Male,Delivered,Yes,19.93,0
CUST_101777,William Moore,william.92@hotmail.com,5973489109,2020-12-05,500.2,Sports,3,United States,60,Female,Shipped,No,27.83,0
CUST_101168,Charles Wilson,charles.51@hotmail.com,7674838711,2018-09-10,368.54,Sports,5,Germany,46,Male,Shipped,Yes,48.91,0
CUST_100958,Sarah Moore,sarah.22@outlook.com,9731096769,2022-04-25,385.2,Home & Garden,1,United States,41,Male,Delivered,No,23.77,0
CUST_100501,Richard Anderson,Unknown,3202374539,2022-04-19,0.0,Sports,4,France,73,Unknown,Cancelled,No,34.87,0
CUST_100739,Donald Thomas,Unknown,8353374533,2021-09-24,524.29,Toys,3,United Kingdom,55,Male,Pending,No,7.47,0
CUST_101935,Mark Jones,Unknown,Unknown,2022-06-19,362.93,Toys,2,Australia,69,Female,Pending,Yes,5.47,0
CUST_100868,Jennifer Jackson,Unknown,2056976105,2023-08-03,385.2,Books,3,Japan,21,Male,Pending,Yes,24.07,0
CUST_100731,Lisa Moore,Unknown,5076124192,2021-06-20,633.33,Books,4,France,38,Male,Shipped,Yes,39.98,0
CUST_100539,Betty Johnson,Unknown,3926679074,2022-12-30,99.87,Home & Garden,3,United Kingdom,53,Male,Cancelled,Yes,11.47,0
CUST_101201,Jane Smith,jane.96@outlook.com,1461756815,2018-02-23,795.9,Automotive,3,Germany,54,Female,Pending,No,45.75,0
CUST_100697,Emma Miller,emma.73@hotmail.com,2208123344,2021-10-08,370.0,Sports,4,France,46,Female,Cancelled,Yes,26.55,0
CUST_101826,Donald Gonzalez,Unknown,4733406245,2021-09-29,385.2,Books,2,Australia,68,Female,Pending,No,18.77,0
CUST_101471,Mark Smith,Unknown,7102146853,2021-07-14,382.54,Books,3,Japan,37,Male,Cancelled,No,45.12,1
CUST_101145,David Williams,david.80@outlook.com,9298901202,2019-06-19,283.21,Automotive,3,Germany,63,Unknown,Cancelled,No,18.24,0
CUST_101031,Donald Hernandez,donald.35@hotmail.com,1222893321,2019-10-14,199.27,Books,3,Unknown,50,Male,Pending,No,46.8,0
CUST_100372,Daniel Jackson,Unknown,6927783644,2018-06-29,385.2,Home & Garden,2,United States,31,Female,Delivered,No,17.64,0
CUST_101596,Donald Wilson,Unknown,3817949242,2022-10-10,218.87,Toys,2,France,61,Female,Shipped,No,25.74,0
CUST_100357,Jennifer Gonzalez,Unknown,7205922178,2018-04-26,385.2,Books,3,France,49,Male,Cancelled,No,15.57,0
CUST_100967,David Martin,david.40@company.com,Unknown,2021-03-04,503.62,Home & Garden,4,United States,78,Female,Delivered,No,44.99,0
CUST_100783,Jennifer Anderson,jennifer.72@yahoo.com,4042684253,2021-07-14,506.62,Sports,1,United Kingdom,41,Female,Shipped,Yes,33.85,0
CUST_100735,Susan Jackson,susan.66@outlook.com,8932531388,2018-05-19,395.96,Clothing,2,United Kingdom,73,Male,Shipped,Yes,12.92,1
CUST_101035,Unknown,Unknown,6044765508,2023-12-15,148.01,Electronics,5,Unknown,36,Female,Delivered,Yes,41.0,1
CUST_100970,Richard Hernandez,richard.45@yahoo.com,8026311339,2024-06-10,73.33,Sports,3,Japan,47,Female,Cancelled,Yes,32.26,0
CUST_101744,Mark Hernandez,mark.72@gmail.com,7245344312,2020-09-21,288.75,Unknown,1,Japan,37,Male,Cancelled,No,6.44,1
CUST_101557,Sandra Jones,Unknown,3999797295,2021-03-24,303.78,Clothing,1,United Kingdom,39,Female,Pending,Yes,11.12,1
CUST_101994,Jennifer Wilson,jennifer.88@company.com,8851206937,2019-04-06,98.71,Home & Garden,2,Unknown,28,Female,Delivered,No,8.36,1
CUST_101594,Nancy Martinez,Unknown,5946265649,2023-05-23,667.72,Automotive,3,Unknown,66,Female,Pending,No,14.04,0
CUST_101561,Jennifer Jones,jennifer.18@company.com,6295158814,2018-09-04,108.79,Sports,5,United Kingdom,57,Female,Shipped,No,5.63,0
CUST_101896,William Martinez,william.59@hotmail.com,1484107306,2023-09-13,248.98,Unknown,3,United Kingdom,40,Female,Cancelled,No,29.14,0
CUST_101252,Sandra Lopez,Unknown,2182808614,2023-11-19,775.71,Home & Garden,4,United Kingdom,54,Female,Pending,Unknown,26.55,0
CUST_101770,Donna Brown,donna.99@outlook.com,8497176940,2018-09-05,8.33,Automotive,3,Australia,50,Male,Pending,Yes,45.52,0
CUST_101911,Michael Lopez,michael.15@company.com,Unknown,2020-01-07,304.91,Clothing,5,Canada,34,Female,Cancelled,No,39.87,0
CUST_101236,Robert Garcia,robert.45@hotmail.com,4859934607,2018-08-15,278.63,Electronics,1,United States,60,Female,Delivered,Yes,26.42,0
CUST_100885,Michael Gonzalez,Unknown,9269802225,2024-03-12,130.27,Electronics,2,Japan,44,Female,Cancelled,Yes,13.01,0
CUST_100079,Mark Hernandez,Unknown,1466031381,2021-07-30,65.53,Sports,1,United States,26,Male,Shipped,Yes,8.09,0
CUST_101172,William Williams,william.87@company.com,6238329326,2020-06-04,763.12,Electronics,4,Australia,77,Male,Delivered,Yes,15.84,0
CUST_100814,Michael Wilson,michael.25@hotmail.com,Unknown,2018-10-08,355.9,Home & Garden,1,United Kingdom,49,Male,Pending,No,17.41,0
CUST_101343,James Moore,Unknown,1532409383,2021-10-03,385.2,Electronics,4,Germany,72,Female,Shipped,No,28.45,0
CUST_100671,Anthony Rodriguez,anthony.97@yahoo.com,3884652249,2021-01-19,178.01,Toys,5,United States,78,Female,Delivered,No,34.96,0
CUST_101602,James Lopez,Unknown,2118814797,2024-07-18,138.7,Sports,5,Australia,78,Male,Cancelled,No,16.12,1
CUST_100057,Richard Anderson,richard.32@yahoo.com,7035311797,2021-06-21,556.69,Home & Garden,3,France,76,Male,Shipped,No,26.55,1
CUST_100133,Robert Brown,robert.38@outlook.com,2987753875,2021-07-07,733.85,Home & Garden,2,Unknown,74,Male,Pending,No,5.69,0
CUST_101140,Mark Rodriguez,Unknown,4905784903,2021-04-23,765.44,Toys,5,Canada,61,Female,Shipped,Yes,36.41,0
CUST_100933,Michael Williams,michael.66@company.com,5712915370,2022-07-19,653.77,Clothing,5,Canada,54,Female,Cancelled,No,5.67,1
CUST_101760,Sarah Jones,sarah.17@hotmail.com,1117522921,2024-01-20,693.61,Home & Garden,2,Unknown,70,Female,Shipped,No,27.31,0
CUST_100823,Carol Johnson,carol.26@hotmail.com,1331151430,2021-02-13,243.27,Sports,3,Germany,50,Female,Delivered,No,47.48,0
CUST_101214,Emma Anderson,Unknown,3912692942,2024-01-18,454.44,Automotive,3,Japan,25,Female,Cancelled,Yes,21.48,0
CUST_100504,Susan Martinez,Unknown,Unknown,2021-01-09,112.54,Unknown,5,Germany,50,Male,Cancelled,No,32.23,0
CUST_101854,Robert Jackson,Unknown,4908138772,2021-05-04,648.54,Clothing,5,Germany,72,Male,Delivered,Yes,31.14,0
CUST_100347,Michael Wilson,Unknown,5597504299,2018-12-22,741.97,Sports,5,United Kingdom,20,Male,Cancelled,Yes,26.55,0
CUST_100386,Lisa Williams,lisa.74@hotmail.com,6375265724,2018-10-02,764.91,Home & Garden,3,United States,75,Male,Delivered,No,39.24,0
CUST_101024,Susan Johnson,susan.28@hotmail.com,1002562983,2019-09-11,130.35,Automotive,4,France,20,Female,Cancelled,Yes,32.19,1
CUST_100894,Richard Smith,richard.84@yahoo.com,Unknown,2023-02-16,658.14,Sports,4,Japan,45,Female,Cancelled,No,16.74,1
CUST_100828,David Thomas,david.27@outlook.com,9206918030,2018-12-20,738.47,Electronics,4,Unknown,71,Female,Delivered,No,5.32,0
CUST_101980,Charles Martinez,Unknown,9961362590,2022-10-23,647.63,Electronics,4,United Kingdom,31,Male,Cancelled,No,36.72,0
CUST_100475,Maria Garcia,Unknown,Unknown,2018-04-21,529.9,Electronics,3,United Kingdom,50,Male,Cancelled,Yes,38.12,1
CUST_101540,Anthony Martin,Unknown,5495921979,2024-02-05,399.3,Electronics,2,United Kingdom,76,Female,Cancelled,Unknown,40.34,1
CUST_948839,Thomas Moore,Unknown,7294803718,2018-10-25,558.51,Automotive,3,United States,76,Female,Pending,No,32.67,1
CUST_101793,William Miller,william.50@hotmail.com,8465675153,2018-01-12,677.09,Toys,3,Germany,30,Male,Unknown,Yes,18.77,0
CUST_100652,David Davis,david.62@company.com,Unknown,2024-05-16,372.93,Automotive,2,United Kingdom,51,Female,Pending,Yes,38.27,0
CUST_100172,Charles Williams,Unknown,9602983064,2019-06-09,120.84,Home & Garden,4,Canada,69,Male,Cancelled,No,37.01,1
CUST_101149,Helen Lopez,helen.26@gmail.com,Unknown,2022-05-01,304.61,Home & Garden,3,Japan,51,Male,Shipped,Yes,32.19,1
CUST_100038,Thomas Lopez,thomas.88@yahoo.com,6328555057,2019-05-16,275.23,Home & Garden,5,Unknown,20,Unknown,Pending,No,37.24,1
CUST_100713,John Rodriguez,Unknown,3325333569,2018-01-01,325.02,Toys,2,Canada,50,Female,Pending,No,15.6,0
CUST_100090,Mark Garcia,Unknown,7117004874,2022-04-29,103.11,Unknown,1,Japan,60,Female,Cancelled,No,21.79,0
CUST_100876,Mark Rodriguez,mark.51@outlook.com,1302173947,2021-09-29,645.9,Unknown,3,Australia,74,Female,Unknown,Yes,25.84,0
CUST_101205,Mark Jackson,mark.26@outlook.com,1077077060,2024-09-07,15.12,Electronics,3,Unknown,19,Male,Cancelled,Yes,20.13,0
CUST_100875,Robert Jones,robert.50@company.com,4007189691,2019-01-25,446.52,Books,1,Germany,18,Male,Unknown,No,29.21,0
CUST_101412,Matthew Martinez,matthew.16@hotmail.com,4447632641,2024-08-04,702.39,Sports,5,United Kingdom,35,Female,Cancelled,No,26.55,1
CUST_101977,James Miller,james.63@hotmail.com,4245795025,2021-02-14,668.93,Books,3,France,75,Male,Pending,No,45.66,0
CUST_101093,James Brown,james.18@outlook.com,5902325432,2021-04-11,133.23,Sports,3,Australia,39,Male,Delivered,No,10.27,0
CUST_101155,Donna Lopez,donna.99@hotmail.com,Unknown,2022-02-20,454.58,Books,3,Japan,40,Male,Delivered,Yes,28.02,0
CUST_101324,Jennifer Davis,jennifer.98@hotmail.com,Unknown,2019-08-20,464.06,Books,4,United States,34,Female,Pending,Yes,12.86,0
CUST_101425,Carol Williams,carol.31@company.com,4419071881,2018-04-04,65.85,Automotive,5,Australia,37,Male,Unknown,Yes,23.59,0
CUST_101350,Jane Brown,Unknown,9605478235,2021-12-17,16.44,Clothing,3,Canada,37,Female,Cancelled,No,39.58,1
CUST_100510,James Williams,Unknown,5299413514,2024-02-23,779.28,Books,5,Canada,71,Female,Shipped,Yes,43.19,1
CUST_100499,Donna Martin,donna.80@gmail.com,8042011732,2023-12-20,385.2,Electronics,5,United Kingdom,39,Male,Shipped,No,23.79,1
CUST_100338,James Anderson,james.71@outlook.com,7803544644,2018-05-08,204.84,Toys,5,Germany,31,Female,Shipped,Yes,41.64,0
CUST_101188,Carol Williams,Unknown,3508957678,2018-12-10,769.14,Automotive,3,Japan,26,Female,Cancelled,Yes,28.76,0
CUST_100028,Michael Moore,michael.26@gmail.com,Unknown,2023-01-23,0.0,Clothing,2,France,72,Male,Cancelled,Yes,43.26,1
CUST_101217,William Martin,william.95@yahoo.com,7823853310,2018-04-19,361.82,Home & Garden,3,Japan,71,Male,Delivered,No,33.4,0
CUST_101385,Anthony Garcia,Unknown,5741902904,2020-06-15,787.88,Clothing,5,United States,20,Male,Shipped,Yes,12.22,0
CUST_101904,John Brown,john.29@hotmail.com,8052195758,2022-12-09,318.57,Toys,1,Unknown,69,Male,Shipped,Yes,26.41,0
CUST_100945,Anthony Williams,Unknown,6893724911,2023-11-18,385.2,Toys,1,United States,31,Male,Delivered,Yes,38.25,0
CUST_100169,Daniel Thomas,Unknown,7919011425,2024-07-02,0.0,Electronics,1,Canada,18,Female,Shipped,Yes,44.15,1
CUST_101876,Donald Davis,donald.52@gmail.com,2587276527,2022-11-14,111.52,Sports,2,France,26,Male,Unknown,Yes,13.33,1
CUST_101197,David Garcia,Unknown,2356279672,2018-05-01,267.25,Books,1,Australia,60,Female,Pending,No,35.36,0
CUST_101253,Mark Gonzalez,mark.89@gmail.com,7762166694,2021-04-04,584.28,Unknown,1,Japan,41,Male,Shipped,No,28.7,0
CUST_101464,Helen Moore,Unknown,5753881652,2021-10-15,166.46,Home & Garden,5,Canada,26,Female,Delivered,No,19.02,0
CUST_100912,Lisa Brown,lisa.29@gmail.com,2742418548,2022-07-15,585.22,Electronics,3,France,77,Male,Cancelled,No,5.56,0
CUST_100491,Michael Jackson,Unknown,3117683641,2024-05-09,560.99,Automotive,1,France,39,Female,Cancelled,No,48.38,0
CUST_100953,Richard Wilson,Unknown,8043443789,2021-02-02,482.57,Clothing,3,Australia,69,Female,Shipped,Yes,48.02,0
CUST_101097,Steven Gonzalez,steven.13@yahoo.com,Unknown,2021-03-22,219.77,Sports,3,Japan,50,Female,Pending,No,5.87,0
CUST_101032,Donna Jones,Unknown,7733463797,2018-02-01,650.83,Electronics,3,Australia,75,Male,Cancelled,No,40.35,0
CUST_100587,Lisa Brown,Unknown,5393038764,2023-12-22,759.74,Toys,4,United States,27,Female,Shipped,Yes,10.46,1
CUST_100750,Sarah Anderson,Unknown,5654213780,2023-08-01,749.74,Home & Garden,1,United Kingdom,45,Female,Shipped,Yes,12.13,0
CUST_100657,Carol Gonzalez,carol.66@hotmail.com,8881855385,2020-06-16,740.38,Clothing,1,United States,73,Male,Cancelled,Unknown,26.78,0
CUST_100234,Helen Brown,helen.81@yahoo.com,4413016394,2022-05-11,193.21,Books,4,France,74,Male,Cancelled,Unknown,26.55,0
CUST_100732,David Gonzalez,Unknown,5008436830,2020-05-12,640.0,Home & Garden,3,France,71,Female,Pending,Yes,33.22,0
CUST_924994,Charles Wilson,charles.12@hotmail.com,2416114079,2020-12-21,263.86,Unknown,2,Japan,76,Female,Shipped,No,31.62,0
CUST_101704,David Martinez,david.65@yahoo.com,1672158793,2023-08-31,682.44,Home & Garden,2,Germany,33,Male,Shipped,Yes,19.89,1
CUST_101156,Charles Davis,charles.49@outlook.com,7701394018,2020-02-05,278.03,Automotive,1,Japan,80,Female,Pending,Yes,47.55,0
CUST_101807,William Brown,william.86@outlook.com,4301162826,2019-03-20,26.85,Electronics,5,United States,64,Female,Delivered,No,32.1,0
CUST_101492,Jennifer Davis,Unknown,5737136212,2021-01-08,798.28,Home & Garden,2,United Kingdom,50,Female,Cancelled,Unknown,37.51,0
CUST_100934,Betty Martin,Unknown,Unknown,2021-08-24,0.0,Toys,4,Japan,27,Female,Cancelled,Yes,33.44,0
CUST_101209,Jennifer Martinez,jennifer.13@yahoo.com,1496779481,2019-07-03,85.95,Automotive,1,Australia,69,Male,Shipped,Yes,40.86,0
CUST_101065,Jane Gonzalez,jane.32@hotmail.com,7526874272,2020-09-16,590.72,Home & Garden,2,Canada,45,Male,Delivered,No,34.49,0
CUST_100108,Susan Miller,susan.80@gmail.com,5048153014,2024-10-25,515.0,Clothing,1,Canada,19,Female,Shipped,No,49.44,0
CUST_101613,Jane Smith,jane.88@yahoo.com,5028807834,2020-02-19,491.69,Electronics,3,Japan,68,Female,Cancelled,Yes,47.53,0
CUST_100568,Donald Smith,Unknown,5497728198,2023-03-10,385.2,Automotive,5,Australia,38,Female,Delivered,No,34.59,0
CUST_101167,Richard Thomas,Unknown,9074686488,2019-07-04,385.2,Toys,2,United States,78,Female,Shipped,No,42.83,0
CUST_101174,Helen Taylor,Unknown,6961333458,2019-06-16,245.3,Sports,2,Japan,65,Female,Delivered,No,49.37,1
CUST_100890,Unknown,daniel.75@company.com,5632756355,2018-08-02,385.2,Clothing,5,United Kingdom,52,Female,Pending,No,44.06,0
CUST_100947,Jane Davis,jane.94@company.com,3317357628,2018-07-20,210.86,Sports,3,Germany,63,Female,Shipped,No,33.76,1
CUST_101048,Thomas Williams,thomas.11@hotmail.com,9799053294,2020-12-01,0.0,Books,4,Germany,44,Male,Shipped,No,31.47,0
CUST_101998,Sarah Anderson,sarah.36@outlook.com,7394077449,2022-06-04,104.72,Sports,3,France,79,Female,Unknown,Yes,34.37,0
CUST_101841,Sarah Rodriguez,Unknown,6025413184,2019-11-29,313.77,Electronics,4,United States,57,Female,Pending,Yes,28.65,1
CUST_101514,Jennifer Jones,jennifer.79@company.com,7133856233,2024-09-01,361.68,Toys,5,Canada,59,Male,Pending,No,34.53,1
CUST_100884,Donald Lopez,donald.12@company.com,2056745555,2024-02-15,150.94,Toys,4,France,24,Female,Cancelled,No,26.55,0
CUST_101973,Mark Thomas,Unknown,Unknown,2023-09-25,359.29,Toys,3,Germany,28,Male,Shipped,Yes,35.32,0
CUST_101122,Jane Jones,jane.66@company.com,8596664453,2018-03-11,129.7,Electronics,2,Canada,62,Female,Delivered,No,46.97,0
CUST_100850,Susan Anderson,susan.22@gmail.com,9141227778,2023-03-14,219.34,Sports,3,Germany,55,Male,Cancelled,No,5.75,0
CUST_100734,Helen Moore,helen.92@hotmail.com,8596152654,2018-05-31,220.89,Electronics,1,Australia,28,Male,Delivered,No,6.17,0
CUST_100717,Daniel Gonzalez,daniel.81@company.com,8636722264,2021-02-17,786.06,Automotive,3,Japan,50,Male,Pending,No,26.55,1
CUST_100454,Anthony Davis,anthony.67@hotmail.com,6615016528,2023-10-22,701.78,Automotive,3,Unknown,23,Female,Shipped,No,13.87,0
CUST_100264,James Johnson,Unknown,2132329789,2024-05-01,41.07,Clothing,5,France,27,Male,Pending,No,13.39,1
CUST_100075,Nancy Smith,nancy.94@hotmail.com,1192239713,2023-03-27,385.2,Clothing,3,United States,22,Female,Pending,No,5.61,1
CUST_101732,Daniel Gonzalez,Unknown,8294023069,2021-10-13,385.2,Clothing,1,Germany,73,Female,Shipped,No,34.93,0
CUST_100444,Charles Miller,Unknown,5662505643,2020-06-15,288.15,Sports,3,France,20,Female,Pending,Yes,32.84,1
CUST_100395,Thomas Rodriguez,Unknown,6993408829,2020-12-13,766.13,Sports,3,Germany,74,Male,Delivered,No,26.55,0
CUST_100176,Richard Brown,richard.66@outlook.com,6985469407,2021-08-20,385.2,Automotive,4,United States,52,Female,Cancelled,No,6.16,0
CUST_101042,Charles Wilson,Unknown,2425798509,2024-07-26,39.67,Books,3,Germany,36,Male,Shipped,No,47.94,0
CUST_101814,Richard Wilson,Unknown,8539345815,2021-03-24,162.38,Clothing,1,Australia,26,Male,Unknown,Yes,49.47,0
CUST_101467,Nancy Gonzalez,Unknown,4783587974,2021-03-07,168.41,Toys,4,Australia,28,Male,Pending,No,38.21,0
CUST_101581,Donald Davis,donald.30@gmail.com,8509502043,2019-06-12,385.2,Sports,1,United Kingdom,62,Male,Pending,No,47.98,0
CUST_101444,Thomas Jackson,Unknown,Unknown,2019-09-08,638.84,Electronics,1,Germany,30,Female,Delivered,Yes,9.93,0
CUST_100595,David Gonzalez,david.99@company.com,Unknown,2023-11-15,553.41,Sports,5,Australia,73,Female,Shipped,No,42.92,0
CUST_100061,Nancy Rodriguez,nancy.82@company.com,6864178411,2018-11-07,0.0,Home & Garden,1,Unknown,26,Male,Cancelled,Yes,42.15,0
CUST_101296,Sandra Johnson,sandra.25@gmail.com,6911257510,2018-04-05,430.28,Home & Garden,2,Germany,77,Male,Cancelled,No,7.27,0
CUST_100872,Richard Martin,Unknown,6804617126,2019-01-17,477.95,Home & Garden,5,United States,78,Male,Delivered,No,14.22,0
CUST_101560,Daniel Wilson,daniel.25@outlook.com,3654729332,2023-11-16,256.07,Electronics,2,United States,20,Female,Cancelled,Yes,7.89,0
CUST_101965,Karen Martin,karen.70@outlook.com,8467756954,2024-09-22,81.05,Clothing,4,Germany,40,Male,Pending,Yes,34.52,0
CUST_100278,Betty Hernandez,Unknown,1443453587,2018-12-29,736.04,Electronics,1,Australia,50,Female,Delivered,No,26.01,0
CUST_101392,Charles Hernandez,Unknown,Unknown,2024-02-12,38.96,Home & Garden,4,France,43,Male,Pending,No,6.02,0
CUST_100036,Carol Brown,Unknown,3394585902,2020-08-28,252.04,Electronics,2,Germany,76,Male,Cancelled,Yes,8.52,0
CUST_101586,Betty Martin,betty.19@gmail.com,7491744218,2018-06-25,459.65,Unknown,1,Japan,74,Male,Shipped,No,38.72,0
CUST_100662,Thomas Rodriguez,Unknown,4144398846,2022-03-05,787.35,Toys,5,Japan,46,Female,Pending,No,42.54,0
CUST_101889,Sandra Anderson,sandra.93@yahoo.com,1846021390,2023-08-29,385.2,Books,3,France,52,Female,Pending,Yes,17.63,0
CUST_101512,Karen Davis,karen.28@hotmail.com,2628857571,2021-10-25,385.2,Home & Garden,5,Germany,77,Male,Cancelled,No,42.94,0
CUST_100977,Robert Hernandez,robert.49@company.com,5609979632,2023-03-13,780.92,Toys,3,Unknown,80,Female,Cancelled,Yes,17.22,1
CUST_101642,Susan Davis,Unknown,5375058968,2020-03-23,78.51,Sports,4,Japan,34,Female,Cancelled,No,41.07,0
CUST_100738,Matthew Brown,Unknown,Unknown,2020-04-18,760.07,Toys,3,Japan,35,Female,Cancelled,Yes,10.91,1
CUST_100191,Betty Jackson,betty.35@outlook.com,9344397158,2019-04-18,630.0,Sports,3,United Kingdom,49,Female,Delivered,Yes,28.58,0
CUST_100919,Mark Jackson,mark.16@company.com,9559934971,2020-02-23,187.63,Electronics,2,France,37,Male,Shipped,No,13.64,0
CUST_100456,Maria Thomas,maria.34@outlook.com,6408445637,2022-10-03,262.01,Clothing,1,United Kingdom,78,Female,Pending,Yes,9.66,0
CUST_101417,Sandra Martin,sandra.35@outlook.com,Unknown,2022-10-11,149.46,Books,3,Unknown,63,Female,Pending,Yes,13.37,0
CUST_100675,Sarah Davis,sarah.89@outlook.com,2537835940,2020-11-21,305.58,Automotive,5,United States,65,Female,Pending,No,44.15,0
CUST_100760,Robert Davis,Unknown,9989961699,2021-10-02,384.34,Clothing,3,United States,63,Female,Cancelled,No,12.18,1
CUST_101890,Matthew Lopez,Unknown,4296748931,2024-07-22,662.39,Unknown,1,Canada,79,Male,Cancelled,Yes,12.1,0
CUST_101674,Nancy Williams,Unknown,2796189462,2024-09-06,497.71,Home & Garden,3,Canada,48,Male,Shipped,No,26.55,0
CUST_100728,Jane Johnson,jane.53@hotmail.com,9095951748,2021-06-09,794.48,Automotive,2,Japan,78,Male,Pending,Yes,12.65,0
CUST_101718,Helen Moore,helen.95@company.com,9133023984,2019-04-29,318.42,Sports,1,United States,67,Female,Cancelled,No,35.59,0
CUST_101399,Richard Davis,richard.88@hotmail.com,8039513793,2021-03-12,67.7,Clothing,1,United Kingdom,38,Male,Delivered,No,16.92,0
CUST_100412,Maria Moore,maria.23@company.com,9324291272,2018-10-18,52.16,Electronics,2,United States,55,Male,Pending,No,32.83,0
CUST_101098,William Garcia,Unknown,Unknown,2018-11-10,719.82,Toys,5,France,38,Female,Shipped,No,23.5,0
CUST_100825,Jennifer Lopez,jennifer.92@outlook.com,7144256490,2021-12-17,733.35,Automotive,3,France,33,Male,Pending,No,20.29,0
CUST_101567,James Thomas,Unknown,4163114675,2019-07-15,283.85,Automotive,3,France,19,Female,Delivered,Yes,26.55,0
CUST_100616,Jane Hernandez,Unknown,1695947864,2019-08-20,245.16,Electronics,1,Australia,73,Female,Cancelled,Yes,17.62,0
CUST_100114,Thomas Brown,Unknown,Unknown,2022-10-24,525.77,Toys,4,Unknown,50,Male,Cancelled,No,43.24,0
CUST_100417,Donald Thomas,donald.16@hotmail.com,4007214196,2020-10-08,385.2,Sports,3,Canada,28,Female,Pending,Yes,36.6,0
CUST_101999,Betty Martin,Unknown,2139094229,2020-12-21,338.73,Books,3,United States,60,Male,Shipped,Yes,26.55,0
CUST_100969,Jennifer Moore,jennifer.59@gmail.com,9779858935,2024-03-27,153.11,Toys,2,Japan,76,Female,Cancelled,Yes,15.79,0
CUST_100604,Daniel Thomas,daniel.62@outlook.com,8599296920,2018-03-07,312.39,Electronics,4,Germany,34,Female,Cancelled,Yes,25.78,0
CUST_100089,David Lopez,david.23@hotmail.com,2231534318,2019-08-05,413.67,Clothing,2,France,50,Male,Shipped,No,42.68,0
CUST_100848,Michael Taylor,michael.26@yahoo.com,Unknown,2022-08-30,428.88,Sports,4,Canada,28,Female,Cancelled,No,12.56,0
CUST_100753,John Johnson,john.31@gmail.com,8905715226,2021-09-01,455.15,Books,2,France,34,Female,Unknown,Yes,10.31,0
CUST_100498,Betty Martin,betty.16@company.com,6354609818,2019-09-14,796.37,Clothing,2,Canada,55,Female,Pending,No,25.74,0
CUST_101276,David Martin,Unknown,2046137519,2022-09-20,78.73,Clothing,4,France,26,Male,Shipped,Yes,8.67,0
CUST_101325,Jennifer Martinez,Unknown,2535812098,2023-12-05,190.99,Sports,1,Japan,40,Female,Shipped,Yes,33.47,0
CUST_100011,Robert Moore,Unknown,5532491162,2022-11-09,385.2,Sports,2,Unknown,50,Male,Delivered,No,40.55,0
CUST_100396,Mark Lopez,mark.97@outlook.com,8782031155,2020-01-30,776.02,Home & Garden,3,Germany,23,Male,Shipped,Yes,31.53,0
CUST_100284,Anthony Martinez,anthony.93@gmail.com,3583129291,2024-07-04,385.2,Sports,3,Unknown,38,Male,Pending,Yes,39.82,0
CUST_101066,Maria Rodriguez,maria.56@gmail.com,6025485687,2018-12-09,324.37,Sports,1,France,38,Male,Delivered,No,39.42,0
CUST_101191,James Jones,Unknown,5316173431,2019-01-26,19.37,Sports,2,Canada,50,Unknown,Shipped,No,33.84,0
CUST_101440,Steven Taylor,Unknown,Unknown,2022-02-08,97.27,Home & Garden,1,United States,76,Female,Pending,Yes,6.19,0
CUST_101823,Carol Lopez,carol.41@outlook.com,9686317547,2022-10-26,385.2,Clothing,5,United States,49,Female,Delivered,No,12.8,0
CUST_101450,Sandra Miller,sandra.19@hotmail.com,6299542743,2018-06-11,687.27,Clothing,3,Australia,31,Female,Pending,Yes,22.3,0
CUST_100690,Matthew Brown,Unknown,8958104593,2019-04-30,683.03,Sports,2,Australia,30,Female,Delivered,Yes,26.55,0
CUST_101703,Susan Martin,Unknown,1154574648,2019-01-19,385.2,Home & Garden,1,Australia,52,Unknown,Pending,Unknown,47.39,0
CUST_101962,Donna Davis,donna.92@outlook.com,4454337535,2022-03-08,385.2,Clothing,1,Germany,53,Male,Shipped,Unknown,32.68,1
CUST_100689,Helen Jones,Unknown,6948327911,2021-09-29,0.0,Clothing,1,Germany,57,Female,Delivered,No,18.78,0
CUST_100851,William Garcia,Unknown,Unknown,2018-04-15,87.37,Electronics,5,Japan,43,Male,Shipped,Yes,18.25,1
CUST_100159,James Anderson,Unknown,1621347183,2019-11-04,0.0,Clothing,1,United States,23,Male,Shipped,No,10.04,1
CUST_100895,William Garcia,Unknown,6401406527,2019-03-14,30.97,Sports,3,Canada,35,Male,Cancelled,No,13.76,0
CUST_101646,Betty Gonzalez,Unknown,6033896468,2019-12-08,778.36,Electronics,4,United Kingdom,73,Female,Cancelled,Yes,39.94,0
CUST_100257,James Williams,james.21@yahoo.com,2067913910,2021-01-11,412.22,Electronics,1,Canada,78,Male,Cancelled,No,9.66,1
CUST_100335,Donald Rodriguez,donald.95@outlook.com,5247635726,2024-08-27,351.16,Automotive,4,Canada,26,Unknown,Cancelled,No,15.59,0
CUST_101967,Steven Smith,steven.97@outlook.com,4143187436,2020-04-17,218.57,Home & Garden,2,United States,73,Female,Shipped,Yes,14.39,0
CUST_101039,John Rodriguez,john.58@company.com,6774981180,2023-11-01,275.02,Unknown,4,Canada,71,Female,Cancelled,Yes,36.01,0
CUST_100515,Thomas Martin,thomas.49@hotmail.com,Unknown,2022-08-01,783.05,Books,3,Germany,21,Male,Delivered,Yes,40.7,0
CUST_101348,Jane Taylor,Unknown,1807194504,2021-01-31,513.24,Home & Garden,1,Australia,77,Female,Pending,No,38.01,1
CUST_101015,Jennifer Williams,jennifer.76@gmail.com,1551861896,2022-10-16,480.2,Unknown,3,Australia,57,Female,Cancelled,Yes,9.41,0
CUST_100768,David Smith,david.72@hotmail.com,2105068096,2023-08-15,459.4,Books,3,France,44,Male,Delivered,Yes,25.33,0
CUST_101825,David Miller,Unknown,4729225318,2022-08-03,639.73,Sports,5,France,55,Male,Delivered,No,11.22,1
CUST_100761,William Jones,william.54@hotmail.com,7591585011,2024-10-09,385.2,Sports,4,Canada,65,Male,Pending,No,12.7,0
CUST_101246,Jennifer Thomas,jennifer.47@outlook.com,5956433950,2021-07-05,435.24,Clothing,1,Germany,50,Male,Cancelled,Yes,5.07,1
CUST_101203,Matthew Jackson,matthew.54@gmail.com,5463968816,2023-07-31,16.58,Sports,2,United States,65,Male,Cancelled,Yes,34.06,0
CUST_101537,Sandra Brown,Unknown,9824942152,2019-04-09,206.84,Clothing,2,United States,18,Male,Shipped,No,27.56,0
CUST_101123,Michael Davis,Unknown,8429353325,2023-11-24,574.93,Automotive,2,Canada,28,Male,Shipped,Yes,12.2,0
CUST_100521,Ruth Rodriguez,ruth.84@company.com,4137029021,2023-11-17,37.94,Home & Garden,5,United States,69,Male,Shipped,No,15.77,0
CUST_100022,Maria Lopez,maria.38@yahoo.com,9319007627,2023-10-01,211.62,Automotive,2,United States,68,Unknown,Delivered,Yes,26.55,0
CUST_100356,John Lopez,Unknown,4135645640,2021-02-23,251.03,Clothing,3,France,48,Female,Delivered,No,27.48,1
CUST_101277,Steven Taylor,steven.67@hotmail.com,1432605638,2024-06-03,249.27,Clothing,5,United States,32,Female,Pending,Yes,39.96,0
CUST_101312,Anthony Jones,Unknown,2242704233,2024-05-08,356.94,Clothing,1,Australia,47,Female,Cancelled,Yes,40.02,0
CUST_101758,Sarah Martinez,Unknown,8576993487,2024-10-13,642.09,Automotive,4,Australia,79,Female,Pending,No,32.44,1
CUST_100340,Lisa Rodriguez,Unknown,7441062058,2022-04-21,246.39,Books,3,Unknown,50,Male,Cancelled,No,37.01,0
CUST_100431,James Anderson,james.10@outlook.com,4868347252,2018-05-07,663.61,Books,2,Canada,23,Male,Pending,Yes,11.06,0
CUST_100473,Sarah Miller,sarah.25@company.com,9859377260,2022-03-23,561.84,Toys,1,United Kingdom,50,Male,Cancelled,No,15.58,0
CUST_100217,Jane Smith,jane.86@company.com,6315753932,2021-03-14,38.36,Toys,4,United Kingdom,26,Female,Shipped,Yes,9.69,0
CUST_100911,Maria Jones,maria.51@company.com,7279107218,2020-04-15,149.03,Toys,3,France,60,Female,Pending,No,8.67,1
CUST_101227,Thomas Davis,thomas.67@hotmail.com,2403852908,2018-06-25,240.02,Home & Garden,2,United States,48,Female,Shipped,Yes,37.85,0
CUST_101667,Sarah Jones,Unknown,3228906821,2023-08-03,552.62,Electronics,3,France,78,Male,Pending,Unknown,20.09,0
CUST_101011,Carol Lopez,Unknown,4822309900,2020-06-05,547.09,Sports,1,France,75,Male,Pending,Yes,12.39,0
CUST_100093,Betty Hernandez,Unknown,5161678932,2019-09-04,603.18,Home & Garden,5,United States,73,Female,Shipped,No,12.54,0
CUST_101008,Donna Martin,donna.66@company.com,5721281432,2020-05-28,305.13,Toys,4,Japan,50,Male,Cancelled,No,49.84,1
CUST_101070,Sandra Brown,Unknown,Unknown,2018-06-30,528.51,Sports,1,Canada,72,Male,Shipped,Yes,11.09,0
CUST_101092,Carol Hernandez,Unknown,1725262320,2023-08-27,281.53,Sports,2,Australia,58,Female,Shipped,No,26.0,0
CUST_101656,Jennifer Davis,Unknown,Unknown,2020-09-28,1197.0,Automotive,4,Canada,66,Female,Cancelled,No,35.6,0
CUST_101308,Susan Taylor,susan.72@yahoo.com,7673416272,2020-10-17,453.8,Home & Garden,1,France,57,Male,Pending,Yes,26.55,1
CUST_100696,William Wilson,william.88@outlook.com,9473291915,2024-11-05,726.38,Electronics,4,Germany,80,Male,Delivered,No,5.45,0
CUST_101874,Lisa Jones,lisa.94@hotmail.com,2104573955,2024-11-05,65.71,Electronics,4,Germany,34,Female,Pending,No,11.93,0
CUST_100996,Jennifer Anderson,Unknown,1325846810,2019-07-10,766.7,Automotive,4,Canada,45,Female,Delivered,Yes,22.73,0
CUST_101458,Susan Garcia,susan.16@gmail.com,8995846489,2020-07-30,161.25,Unknown,3,France,74,Unknown,Cancelled,Yes,13.79,0
CUST_100153,Unknown,Unknown,1247066477,2020-03-09,88.2,Automotive,1,United States,59,Female,Pending,No,45.27,0
CUST_101099,Karen Thomas,karen.96@hotmail.com,9303009752,2020-12-13,6.52,Clothing,5,France,52,Male,Delivered,No,26.22,1
CUST_101995,Sandra Davis,sandra.23@company.com,6986853979,2022-08-22,281.71,Home & Garden,3,Canada,50,Male,Cancelled,No,19.42,0
CUST_910572,David Davis,david.31@gmail.com,1805368652,2023-07-02,85.07,Electronics,5,United States,28,Female,Delivered,Yes,10.88,0
CUST_100789,Michael Williams,Unknown,7312486304,2019-09-06,581.44,Home & Garden,5,Canada,56,Male,Delivered,Yes,7.09,1
CUST_100580,Sarah Smith,sarah.18@yahoo.com,4526121223,2022-02-13,449.97,Toys,3,Canada,65,Male,Pending,No,30.57,0
CUST_101470,Donald Smith,donald.45@gmail.com,5574325877,2022-12-13,175.49,Clothing,2,Unknown,48,Male,Shipped,No,30.07,0
CUST_100703,James Thomas,james.44@yahoo.com,Unknown,2019-01-14,385.2,Sports,1,France,28,Male,Pending,No,47.31,0
CUST_101212,Unknown,jennifer.79@yahoo.com,1429334451,2023-11-25,760.5,Automotive,5,Canada,20,Female,Cancelled,Yes,41.07,0
CUST_101295,Daniel Davis,daniel.37@company.com,8816592774,2018-08-13,385.2,Electronics,4,Canada,40,Male,Pending,Yes,40.98,0
CUST_101741,Emma Martin,Unknown,2027963713,2022-08-22,74.07,Books,1,Japan,61,Female,Cancelled,No,19.03,1
CUST_101260,Charles Anderson,charles.32@outlook.com,9285527966,2024-03-03,380.48,Sports,5,Canada,69,Female,Shipped,No,12.62,0
CUST_100487,Emma Johnson,emma.28@gmail.com,3127742922,2022-07-16,308.47,Toys,3,Canada,46,Male,Unknown,No,15.94,1
CUST_100559,William Wilson,Unknown,4054622755,2019-01-13,485.7,Clothing,3,Germany,35,Unknown,Pending,Yes,32.88,0
CUST_101141,Anthony Anderson,Unknown,1153875495,2023-11-07,734.99,Electronics,3,Unknown,41,Female,Shipped,No,27.19,0
CUST_101119,John Jones,john.48@yahoo.com,Unknown,2024-10-02,247.24,Clothing,1,United States,65,Unknown,Delivered,No,26.55,0
CUST_100801,Sandra Miller,sandra.14@yahoo.com,6149383043,2022-05-13,351.03,Toys,3,Unknown,61,Female,Unknown,No,20.06,0
CUST_100512,Emma Moore,emma.65@outlook.com,Unknown,2024-09-22,562.38,Toys,3,Australia,62,Male,Pending,No,19.34,0
CUST_100633,Matthew Williams,Unknown,3156472903,2021-08-30,28.84,Toys,4,Australia,76,Female,Cancelled,No,26.67,0
CUST_101549,Steven Thomas,steven.27@yahoo.com,4504028285,2023-05-04,320.86,Electronics,1,United States,50,Female,Pending,Yes,22.18,0
CUST_101868,James Taylor,james.41@hotmail.com,2587147130,2020-12-26,395.01,Electronics,4,Japan,38,Male,Delivered,Yes,16.5,0
CUST_101616,Carol Wilson,Unknown,2435675492,2018-01-30,76.54,Books,3,Unknown,50,Female,Delivered,Yes,5.56,0
CUST_101150,Anthony Williams,anthony.96@gmail.com,7539644569,2021-04-09,658.47,Sports,1,Canada,70,Female,Cancelled,Yes,21.89,0
CUST_100790,William Martin,Unknown,9438516185,2018-09-15,271.22,Electronics,3,Canada,20,Female,Cancelled,Yes,7.12,1
CUST_100116,Michael Hernandez,michael.79@outlook.com,1041093843,2018-09-20,312.68,Books,5,Unknown,21,Female,Cancelled,Yes,7.97,1
CUST_101497,Steven Jones,steven.46@gmail.com,4274548280,2023-07-20,385.2,Electronics,3,Canada,69,Female,Shipped,Yes,36.19,1
CUST_100740,Betty Wilson,Unknown,7692443638,2024-06-30,15.77,Automotive,1,Australia,79,Female,Delivered,Yes,38.86,0
CUST_101767,Sandra Anderson,sandra.94@gmail.com,5775363759,2022-09-27,691.24,Electronics,2,United Kingdom,18,Male,Cancelled,No,35.93,0
CUST_101081,Jane Martinez,jane.88@company.com,Unknown,2018-05-05,379.49,Automotive,3,Germany,38,Female,Shipped,Yes,31.23,0
CUST_100830,Maria Moore,maria.47@company.com,4256293595,2023-11-25,267.67,Toys,2,Canada,79,Female,Cancelled,No,35.03,1
CUST_100119,Daniel Davis,daniel.80@hotmail.com,9529358293,2023-04-24,385.2,Electronics,3,United States,68,Male,Cancelled,No,26.52,0
CUST_100656,Michael Martin,michael.78@company.com,1138811716,2023-05-31,54.25,Toys,3,United States,62,Male,Cancelled,Yes,10.34,0
CUST_101996,Jane Davis,Unknown,1206036633,2019-03-05,385.2,Sports,4,Germany,58,Female,Cancelled,No,30.18,0
CUST_100635,Carol Moore,Unknown,7194776317,2024-07-26,427.01,Home & Garden,5,Japan,50,Female,Shipped,No,48.21,0
CUST_100369,Ruth Jones,ruth.73@yahoo.com,4707461462,2018-11-11,654.97,Toys,2,United Kingdom,68,Female,Pending,Yes,11.44,0
CUST_100268,Susan Martin,susan.49@yahoo.com,6884174325,2021-02-24,400.07,Sports,3,Canada,22,Female,Unknown,Yes,13.05,0
CUST_100655,Emma Garcia,emma.24@company.com,4864931339,2024-11-05,7.71,Clothing,1,Japan,39,Female,Pending,Yes,49.79,1
CUST_100935,Charles Gonzalez,Unknown,5634605351,2022-04-01,385.2,Toys,5,United Kingdom,67,Female,Delivered,Yes,12.38,0
CUST_100822,Carol Wilson,carol.99@company.com,Unknown,2019-05-16,385.2,Toys,3,Canada,70,Female,Delivered,No,24.5,0
CUST_100866,Sarah Lopez,Unknown,5092975097,2022-08-15,385.2,Unknown,5,Unknown,31,Female,Pending,No,6.33,0
CUST_100046,Richard Rodriguez,richard.72@outlook.com,5508059020,2018-11-29,684.16,Clothing,1,Canada,49,Male,Shipped,Yes,44.82,0
CUST_101373,Daniel Martin,daniel.12@hotmail.com,8551176450,2020-12-12,180.7,Electronics,2,Australia,51,Male,Shipped,Yes,29.62,0
CUST_101785,Thomas Jackson,Unknown,7888267911,2023-01-24,334.88,Home & Garden,4,Unknown,56,Female,Shipped,Yes,34.51,0
CUST_100991,Donna Garcia,donna.34@gmail.com,1001515119,2023-11-08,385.2,Sports,3,Japan,50,Female,Shipped,No,18.93,1
CUST_100773,David Wilson,david.92@hotmail.com,3184271513,2020-03-16,176.42,Electronics,1,Canada,39,Female,Delivered,Yes,49.78,0
CUST_101219,Carol Hernandez,Unknown,1287121651,2018-12-04,731.61,Automotive,5,United States,69,Male,Pending,No,23.33,1
CUST_101126,Daniel Johnson,daniel.77@outlook.com,1216101553,2022-05-24,718.68,Clothing,1,Japan,76,Female,Cancelled,No,20.15,0
CUST_100004,Helen Moore,Unknown,1063518760,2019-11-24,744.6,Books,2,Japan,43,Female,Cancelled,Yes,33.55,0
CUST_101003,Mark Martinez,Unknown,6807438555,2019-01-18,417.26,Electronics,4,Canada,50,Female,Pending,No,24.66,0
CUST_101801,Carol Anderson,Unknown,9563336186,2019-01-04,448.7,Automotive,1,Australia,28,Male,Pending,Yes,20.32,0
CUST_100263,Emma Jackson,Unknown,9805207407,2018-05-03,301.41,Sports,3,Germany,49,Female,Cancelled,No,23.54,0
CUST_101640,Charles Lopez,Unknown,8203655183,2023-04-05,359.31,Books,4,France,50,Female,Shipped,No,15.28,0
CUST_101914,Jane Gonzalez,jane.82@outlook.com,Unknown,2019-01-10,273.91,Sports,1,Japan,41,Female,Cancelled,Yes,24.52,0
CUST_100443,Nancy Smith,nancy.56@outlook.com,9354034586,2024-06-09,340.3,Clothing,3,United Kingdom,41,Male,Delivered,No,44.33,0
CUST_101002,Thomas Anderson,thomas.27@yahoo.com,3044085997,2023-01-17,385.2,Sports,1,Canada,24,Male,Shipped,No,31.82,0
CUST_101077,Anthony Thomas,Unknown,4052032932,2021-02-05,778.2,Sports,3,Japan,32,Male,Unknown,Yes,13.06,0
CUST_100837,Betty Moore,betty.79@outlook.com,2561289907,2020-02-18,197.75,Toys,3,France,50,Male,Shipped,Yes,7.42,0
CUST_101871,Ruth Johnson,ruth.85@gmail.com,Unknown,2023-10-13,201.19,Home & Garden,5,United States,61,Female,Shipped,No,12.94,0
CUST_100304,Donald Davis,donald.29@gmail.com,1165311457,2023-10-30,648.68,Clothing,4,Unknown,35,Male,Unknown,Yes,23.82,0
CUST_101365,Ruth Garcia,ruth.85@yahoo.com,5827228446,2019-01-13,463.27,Clothing,4,Unknown,42,Female,Unknown,Yes,41.41,0
CUST_101628,Emma Hernandez,Unknown,Unknown,2021-08-07,385.2,Clothing,3,United States,20,Female,Cancelled,Yes,47.27,0
CUST_100313,Robert Gonzalez,Unknown,Unknown,2021-12-09,333.5,Clothing,2,United Kingdom,69,Female,Delivered,Yes,19.03,0
CUST_100149,Sarah Johnson,Unknown,3318067943,2020-03-30,708.42,Clothing,1,Unknown,37,Female,Cancelled,No,15.05,0
CUST_101148,Michael Hernandez,michael.53@company.com,5501098642,2020-10-28,586.85,Unknown,3,Canada,59,Female,Shipped,No,49.44,0
CUST_101213,Michael Johnson,michael.70@yahoo.com,3846886150,2024-06-13,82.19,Clothing,4,France,70,Female,Cancelled,No,26.86,0
CUST_100574,Matthew Anderson,matthew.70@hotmail.com,5907815354,2023-10-04,551.36,Electronics,4,Canada,30,Female,Pending,Yes,10.21,0
CUST_100050,Lisa Johnson,lisa.45@gmail.com,3175668755,2023-12-09,186.98,Clothing,5,Australia,72,Female,Pending,Yes,20.43,0
CUST_101623,Karen Rodriguez,karen.58@hotmail.com,8405918698,2023-12-22,368.11,Sports,2,United Kingdom,50,Female,Pending,No,43.13,0
CUST_100726,Matthew Wilson,matthew.46@hotmail.com,3067531530,2023-04-21,327.0,Books,5,Australia,46,Male,Unknown,Unknown,43.5,0
CUST_100833,Daniel Davis,daniel.69@outlook.com,7423663605,2022-05-14,209.63,Books,3,United Kingdom,41,Female,Pending,No,32.33,0
CUST_101377,Charles Thomas,Unknown,7851622064,2021-07-10,374.42,Automotive,1,Australia,30,Male,Cancelled,No,45.51,0
CUST_101115,James Johnson,Unknown,9793258266,2022-03-18,506.73,Home & Garden,3,France,77,Female,Shipped,No,6.41,0
CUST_101166,Michael Martinez,michael.56@hotmail.com,3892461404,2021-02-02,22.17,Books,1,Germany,45,Female,Cancelled,Yes,35.45,0
CUST_100470,James Jackson,james.39@outlook.com,5066005959,2023-02-24,641.92,Home & Garden,3,France,47,Male,Pending,No,31.59,0
CUST_100971,Donald Jones,Unknown,5209764608,2023-12-11,385.2,Toys,5,Unknown,50,Male,Shipped,Yes,35.99,0
CUST_100653,Charles Wilson,Unknown,7605122642,2020-05-12,385.2,Toys,2,United States,40,Female,Cancelled,Yes,6.85,0
CUST_100399,Mark Garcia,mark.91@outlook.com,6349101118,2021-05-15,385.2,Automotive,4,Unknown,45,Male,Shipped,Yes,26.55,0
CUST_100511,Emma Davis,Unknown,9065447208,2022-11-18,463.93,Clothing,5,Unknown,71,Male,Shipped,Yes,9.52,0
CUST_100320,Donna Taylor,donna.98@hotmail.com,7468137366,2021-06-09,782.04,Books,2,Japan,19,Male,Shipped,Yes,13.93,0
CUST_100019,Mark Hernandez,mark.41@gmail.com,6407253406,2022-04-06,169.68,Books,1,Germany,65,Male,Cancelled,Yes,46.59,0
CUST_100684,Donald Martinez,donald.83@yahoo.com,6065348885,2018-07-24,728.09,Toys,5,United States,50,Female,Pending,No,32.26,1
CUST_100035,Michael Davis,Unknown,3419249737,2019-09-23,385.2,Home & Garden,2,Australia,55,Female,Cancelled,Yes,19.54,0
CUST_100902,Charles Williams,Unknown,2249637126,2019-06-03,392.4,Clothing,1,Germany,70,Female,Delivered,Yes,27.41,0
CUST_101858,Emma Martin,emma.73@gmail.com,3053326754,2020-07-05,294.96,Clothing,4,United Kingdom,26,Female,Pending,No,9.61,0
CUST_100827,Charles Miller,Unknown,5002977444,2020-10-22,271.64,Home & Garden,1,United Kingdom,79,Male,Delivered,Yes,19.48,0
CUST_101879,Daniel Rodriguez,Unknown,4742444923,2023-03-13,128.04,Unknown,5,Australia,48,Male,Cancelled,Yes,41.29,1
CUST_100407,Sarah Martinez,sarah.35@outlook.com,5118423275,2020-05-24,714.07,Automotive,4,France,64,Male,Pending,Yes,36.67,0
CUST_100920,Thomas Jackson,thomas.20@hotmail.com,8529764373,2019-06-10,206.64,Sports,2,Australia,30,Female,Cancelled,Yes,12.77,0
CUST_100537,Nancy Thomas,Unknown,Unknown,2021-11-14,689.18,Books,1,United States,46,Female,Shipped,No,16.63,0
CUST_100758,Donald Moore,donald.85@company.com,6249656138,2022-08-31,260.23,Unknown,2,Canada,53,Male,Cancelled,No,33.02,0
CUST_101062,Donna Taylor,donna.32@yahoo.com,2171382194,2020-09-12,746.29,Books,3,Unknown,72,Male,Delivered,Yes,15.12,0
CUST_101199,Sandra Martin,sandra.35@yahoo.com,6703475806,2019-04-04,496.99,Clothing,5,Germany,50,Female,Shipped,No,9.84,0
CUST_100245,Donna Davis,donna.74@gmail.com,2925397843,2019-10-16,292.16,Home & Garden,3,Unknown,50,Female,Shipped,No,38.06,0
CUST_101416,David Anderson,david.90@outlook.com,5849544990,2024-10-20,385.2,Sports,4,United States,79,Female,Delivered,No,16.98,0
CUST_101127,Betty Jones,betty.28@gmail.com,7024935921,2023-12-06,482.07,Clothing,1,Unknown,70,Male,Delivered,No,36.67,0
CUST_100784,Matthew Smith,matthew.29@gmail.com,5295938790,2020-07-01,733.1,Unknown,5,Germany,63,Female,Delivered,No,11.18,0
CUST_101861,Donna Johnson,donna.25@outlook.com,Unknown,2022-08-26,199.83,Sports,1,Australia,50,Female,Cancelled,Yes,26.55,0
CUST_100489,Sarah Williams,sarah.60@company.com,Unknown,2019-06-06,619.64,Clothing,3,Japan,49,Male,Unknown,No,19.56,0
CUST_100154,Karen Thomas,karen.18@gmail.com,3532108759,2023-08-27,546.41,Toys,3,Germany,45,Male,Cancelled,Yes,24.41,0
CUST_100961,Sandra Martin,Unknown,6807965762,2022-05-01,385.2,Unknown,4,United Kingdom,21,Female,Cancelled,No,5.44,1
CUST_100853,Sandra Hernandez,sandra.16@outlook.com,4217488387,2024-08-25,458.95,Home & Garden,1,Germany,50,Male,Pending,No,46.68,0
CUST_101311,Carol Johnson,carol.37@company.com,8751133655,2019-04-28,399.77,Electronics,5,Japan,74,Female,Shipped,Yes,10.86,0
CUST_100625,Sarah Taylor,Unknown,7068131145,2018-08-23,160.35,Clothing,5,Unknown,24,Male,Pending,No,26.55,1
CUST_100685,Mark Davis,Unknown,5237166463,2018-09-29,385.2,Books,1,Japan,31,Male,Shipped,No,20.69,0
CUST_101672,Sarah Smith,Unknown,5575497540,2022-12-08,366.27,Clothing,5,United States,76,Female,Cancelled,Yes,7.38,0
CUST_100569,Helen Moore,helen.76@hotmail.com,4628658110,2022-02-20,259.85,Unknown,4,United Kingdom,69,Female,Cancelled,No,20.03,0
CUST_101997,Michael Wilson,Unknown,1874782128,2021-08-30,452.75,Sports,1,Japan,62,Male,Pending,Yes,9.81,0
CUST_100017,William Rodriguez,william.32@gmail.com,5295115986,2018-03-20,666.86,Electronics,3,Japan,24,Female,Shipped,No,48.88,0
CUST_100127,Unknown,helen.60@hotmail.com,3263399090,2019-06-05,593.54,Electronics,2,Canada,49,Female,Cancelled,No,47.08,0
CUST_101346,Betty Jackson,betty.95@company.com,5024867316,2018-08-18,671.68,Home & Garden,2,Japan,73,Female,Cancelled,No,26.08,0
CUST_101279,Ruth Martin,ruth.22@company.com,Unknown,2024-10-12,288.51,Home & Garden,3,Unknown,45,Female,Pending,Yes,38.47,0
CUST_949302,Sarah Jones,sarah.17@hotmail.com,1117522921,2024-01-20,349.05,Home & Garden,2,Unknown,70,Female,Shipped,No,27.31,0
CUST_100927,Daniel Johnson,daniel.83@gmail.com,2333246957,2021-02-06,255.58,Automotive,4,Unknown,79,Female,Delivered,No,40.02,0
CUST_100980,David Jones,Unknown,6936326624,2021-01-18,639.36,Sports,3,Japan,73,Male,Cancelled,Yes,25.98,0
CUST_100252,Maria Martinez,maria.33@gmail.com,1236811527,2020-12-12,517.76,Books,2,United Kingdom,57,Male,Delivered,No,35.29,0
CUST_100190,John Anderson,Unknown,3183448876,2020-04-28,473.76,Books,3,France,50,Female,Cancelled,Yes,25.63,0
CUST_101139,Sarah Rodriguez,Unknown,6818879501,2024-05-24,106.31,Clothing,1,Japan,22,Male,Shipped,No,10.66,1
CUST_100992,Sandra Anderson,Unknown,9993909224,2018-06-29,123.97,Books,3,Canada,30,Male,Delivered,Yes,26.55,0
CUST_944073,Nancy Smith,nancy.94@hotmail.com,1192239713,2021-03-12,322.29,Clothing,3,United States,22,Female,Shipped,No,5.61,1
CUST_101731,Betty Thomas,Unknown,5689492820,2020-02-28,292.48,Unknown,3,Canada,62,Female,Delivered,No,20.5,0
CUST_100606,Thomas Moore,thomas.84@outlook.com,3823157292,2024-08-15,646.48,Home & Garden,4,United Kingdom,59,Female,Unknown,Yes,7.25,0
CUST_100180,Betty Williams,betty.72@company.com,1086303369,2018-10-06,385.2,Unknown,5,Australia,78,Female,Cancelled,Yes,43.03,0
CUST_100301,Jennifer Taylor,jennifer.52@yahoo.com,4155541858,2022-06-12,355.27,Home & Garden,1,United States,18,Male,Shipped,Yes,16.27,0
CUST_100496,Lisa Brown,lisa.34@gmail.com,6319015807,2020-12-28,268.7,Books,2,Canada,71,Male,Pending,Yes,35.95,0
CUST_101971,Susan Lopez,Unknown,Unknown,2020-10-15,737.66,Clothing,1,Australia,36,Male,Delivered,Yes,26.55,0
CUST_101786,Susan Gonzalez,susan.90@hotmail.com,8358621653,2021-06-16,88.45,Books,1,Japan,50,Female,Shipped,Yes,8.89,0
CUST_101736,Donna Lopez,Unknown,7963271273,2019-03-01,385.2,Clothing,2,Canada,64,Female,Pending,Yes,43.98,0
CUST_101710,Sandra Thomas,sandra.22@company.com,6272323336,2023-08-27,167.94,Sports,2,Australia,23,Male,Cancelled,Yes,49.93,1
CUST_100517,Jane Davis,jane.45@yahoo.com,9173315483,2022-07-20,385.2,Books,3,United States,43,Female,Cancelled,Yes,26.55,1
CUST_101396,Karen Hernandez,Unknown,Unknown,2022-01-01,559.24,Electronics,3,Unknown,69,Female,Cancelled,Unknown,6.73,1
CUST_101069,Maria Davis,maria.64@company.com,1247442576,2019-07-12,580.76,Electronics,5,Unknown,62,Female,Cancelled,No,46.53,0
CUST_100476,Jennifer Smith,jennifer.99@gmail.com,2246009351,2020-11-09,725.99,Automotive,3,Australia,47,Male,Pending,No,48.44,0
CUST_100157,Emma Gonzalez,Unknown,8947148184,2020-04-16,434.66,Books,5,Unknown,36,Male,Delivered,Yes,46.0,0
CUST_101243,Lisa Miller,lisa.70@hotmail.com,3138273918,2020-12-30,354.46,Automotive,5,Germany,67,Female,Cancelled,Yes,26.55,1
CUST_101195,Matthew Garcia,Unknown,2299901558,2018-02-13,434.0,Clothing,1,Canada,72,Female,Cancelled,No,28.85,0
CUST_100016,Anthony Wilson,anthony.96@outlook.com,8309189516,2018-02-13,547.8,Unknown,5,France,60,Male,Delivered,No,26.55,0
CUST_101535,Jennifer Smith,jennifer.67@company.com,1711071529,2023-09-30,314.93,Clothing,3,Japan,50,Female,Cancelled,Yes,41.98,0
CUST_101072,Sandra Hernandez,sandra.52@company.com,4482899653,2021-05-15,647.89,Toys,2,Germany,30,Female,Cancelled,Yes,41.5,1
CUST_902728,Sarah Jones,sarah.86@yahoo.com,8987402807,2019-05-24,668.37,Sports,2,France,45,Male,Pending,Yes,38.53,0
CUST_100546,Mark Rodriguez,mark.43@company.com,1437218350,2024-09-19,403.36,Books,4,United States,70,Female,Shipped,No,7.2,0
CUST_101539,Ruth Davis,Unknown,8957219751,2018-07-12,328.97,Books,5,Unknown,50,Female,Pending,Yes,44.85,0
CUST_100658,Betty Davis,betty.41@outlook.com,7427141221,2019-11-10,288.9,Automotive,2,Japan,34,Male,Pending,No,49.14,0
CUST_101697,Sarah Jones,sarah.85@gmail.com,Unknown,2020-08-25,602.39,Books,2,Canada,50,Unknown,Pending,No,10.98,0
CUST_101019,David Wilson,david.90@gmail.com,7906231868,2024-05-30,385.2,Home & Garden,3,Australia,57,Male,Unknown,Yes,46.13,0
CUST_101737,Anthony Moore,anthony.49@hotmail.com,8624629611,2018-07-20,650.3,Clothing,1,Canada,80,Female,Cancelled,No,46.84,1
CUST_101504,Nancy Thomas,Unknown,4225628657,2021-04-19,635.79,Automotive,5,France,49,Male,Cancelled,No,19.83,0
CUST_100959,Helen Gonzalez,helen.86@company.com,6971019000,2024-03-09,274.89,Home & Garden,5,Canada,47,Male,Delivered,No,26.55,0
CUST_101969,David Gonzalez,Unknown,9528937752,2023-05-01,695.34,Books,2,France,28,Female,Cancelled,Yes,19.26,0
CUST_100283,William Gonzalez,william.86@gmail.com,8984337719,2024-07-30,415.78,Clothing,4,Japan,80,Male,Delivered,Yes,22.89,1
CUST_101632,Ruth Williams,ruth.59@outlook.com,9942545896,2020-11-30,343.08,Home & Garden,4,United States,46,Female,Cancelled,Yes,20.32,1
CUST_100797,Thomas Taylor,thomas.33@yahoo.com,2925309947,2018-07-29,10.48,Home & Garden,1,France,47,Female,Delivered,No,23.79,0
CUST_101943,Ruth Wilson,ruth.28@hotmail.com,Unknown,2019-09-14,324.94,Sports,4,Canada,73,Female,Cancelled,Yes,45.37,0
CUST_100225,Nancy Johnson,Unknown,6314604771,2021-05-08,349.59,Books,4,Germany,76,Male,Pending,Yes,9.71,0
CUST_100026,Nancy Brown,nancy.19@gmail.com,6654199541,2024-03-12,113.03,Books,3,Germany,22,Male,Cancelled,No,28.16,0
CUST_101850,Thomas Rodriguez,thomas.72@yahoo.com,7158923938,2018-09-27,234.4,Sports,3,Germany,27,Female,Shipped,Yes,27.75,0
CUST_100437,Emma Thomas,emma.50@company.com,6908541027,2024-01-02,757.88,Sports,5,United States,37,Male,Shipped,Yes,26.55,0
CUST_101388,Daniel Miller,daniel.81@yahoo.com,9071104563,2018-03-26,38.6,Electronics,5,United States,51,Female,Cancelled,No,23.23,1
CUST_100229,David Johnson,Unknown,2835524830,2020-07-30,493.42,Sports,4,Australia,77,Male,Shipped,No,39.17,0
CUST_100037,Richard Rodriguez,richard.29@gmail.com,9039343293,2018-11-05,294.53,Toys,2,United States,68,Male,Pending,Yes,47.15,0
CUST_100749,James Miller,james.59@outlook.com,9169002428,2018-12-07,457.1,Electronics,5,Japan,50,Female,Pending,Yes,36.59,1
CUST_101045,Sarah Johnson,sarah.67@outlook.com,6374999405,2024-05-12,515.68,Toys,4,United States,43,Female,Delivered,Yes,15.58,0
CUST_101398,John Rodriguez,john.36@hotmail.com,7576358367,2019-01-23,324.64,Books,2,France,62,Male,Cancelled,No,6.37,0
CUST_100469,Sandra Thomas,sandra.81@gmail.com,5133501556,2021-01-13,726.33,Home & Garden,3,Unknown,78,Male,Cancelled,No,9.54,0
CUST_101769,Jennifer Johnson,jennifer.59@outlook.com,3306352688,2024-04-02,596.46,Electronics,3,France,67,Female,Shipped,Yes,22.53,0
CUST_954663,Carol Martin,carol.58@yahoo.com,6466762145,2021-02-17,318.81,Home & Garden,2,Germany,70,Unknown,Pending,No,27.08,1
CUST_100687,Lisa Miller,Unknown,6096519745,2022-11-06,494.68,Home & Garden,4,Japan,50,Female,Shipped,Yes,22.58,0
CUST_101928,Anthony Jones,Unknown,5527111672,2023-03-11,668.22,Home & Garden,3,Australia,53,Female,Pending,Yes,37.47,1
CUST_100639,Jane Martin,Unknown,3248485582,2024-02-23,447.8,Clothing,3,Australia,22,Female,Shipped,Yes,22.2,0
CUST_101218,David Hernandez,Unknown,6659589334,2022-07-27,385.2,Electronics,2,Canada,65,Female,Cancelled,Yes,26.55,0
CUST_101158,Donna Jones,Unknown,Unknown,2023-04-09,510.99,Toys,3,Japan,71,Male,Cancelled,Yes,10.53,0
CUST_101415,David Thomas,david.27@hotmail.com,7315678126,2023-07-06,385.2,Books,4,United States,31,Male,Shipped,Yes,49.66,0
CUST_101527,Jane Rodriguez,Unknown,9842973644,2022-05-02,385.2,Books,2,United States,33,Female,Pending,Unknown,47.9,0
CUST_101300,Mark Gonzalez,mark.42@outlook.com,3129859025,2018-05-06,12.67,Books,3,United States,75,Male,Shipped,No,18.25,0
CUST_101906,Thomas Anderson,Unknown,9339516419,2018-02-17,152.82,Toys,2,Canada,45,Female,Pending,No,19.53,0
CUST_100800,Carol Moore,carol.66@yahoo.com,4721165947,2019-04-20,250.8,Electronics,3,Australia,45,Female,Delivered,Yes,33.77,0
CUST_101603,James Gonzalez,james.75@company.com,Unknown,2022-12-12,163.44,Clothing,3,France,33,Male,Delivered,No,34.67,0
CUST_100160,Jennifer Wilson,Unknown,9688102065,2022-08-18,385.2,Electronics,2,Germany,69,Unknown,Pending,Yes,41.32,1
CUST_100956,Jane Hernandez,jane.93@hotmail.com,5384421341,2019-07-01,435.59,Electronics,3,United States,59,Female,Delivered,Yes,8.66,0
CUST_101186,Maria Taylor,Unknown,7193358355,2018-06-10,99.02,Automotive,3,France,59,Female,Cancelled,No,23.16,0
CUST_100821,Susan Lopez,Unknown,9145244957,2019-04-10,133.4,Toys,3,Japan,76,Female,Unknown,No,32.64,1
CUST_101888,John Williams,john.61@outlook.com,7415367623,2024-05-30,356.03,Sports,1,Canada,26,Male,Shipped,Yes,21.27,0
CUST_100877,Jennifer Hernandez,jennifer.91@hotmail.com,5399094046,2019-05-22,489.54,Home & Garden,3,Germany,53,Male,Cancelled,Yes,26.55,0
CUST_100913,David Rodriguez,david.60@hotmail.com,4269823424,2022-08-13,608.23,Sports,3,Japan,42,Female,Delivered,Yes,39.13,0
CUST_100152,Michael Davis,Unknown,Unknown,2021-04-25,563.95,Clothing,4,United States,47,Male,Shipped,Yes,15.45,0
CUST_101921,David Jackson,Unknown,3933915284,2019-06-10,29.02,Books,3,Unknown,32,Female,Delivered,No,26.02,1
CUST_101856,Carol Martin,carol.69@hotmail.com,2818248051,2022-06-06,122.15,Home & Garden,4,Japan,37,Male,Cancelled,No,25.13,0
CUST_100509,Matthew Miller,matthew.50@hotmail.com,6777739379,2021-02-18,599.48,Books,2,Unknown,71,Male,Shipped,No,23.64,0
CUST_101135,Lisa Brown,lisa.23@company.com,4498438111,2020-02-08,137.8,Sports,1,United States,49,Female,Delivered,No,12.14,0
CUST_101250,Susan Jones,Unknown,2158735706,2024-04-18,189.25,Home & Garden,1,United Kingdom,54,Male,Shipped,No,38.47,0
CUST_101739,Sarah Davis,sarah.14@yahoo.com,9196456941,2024-04-06,592.44,Books,3,United Kingdom,65,Female,Cancelled,Yes,26.55,0
CUST_100103,Mark Jones,mark.38@yahoo.com,2711001985,2023-08-07,781.83,Toys,3,Japan,60,Female,Pending,No,12.76,0
CUST_101445,Jane Moore,Unknown,1954477292,2023-11-12,324.69,Electronics,3,Germany,64,Female,Shipped,Yes,26.3,0
CUST_101443,Charles Wilson,charles.12@hotmail.com,2416114079,2020-12-21,385.2,Unknown,2,Japan,76,Female,Cancelled,No,31.62,0
CUST_101817,Anthony Garcia,anthony.36@company.com,3801269101,2022-06-29,720.24,Home & Garden,3,Germany,22,Female,Pending,Yes,36.21,0
CUST_100586,Susan Williams,susan.88@company.com,9843695052,2020-06-29,200.19,Clothing,5,United Kingdom,25,Male,Delivered,No,19.64,1
CUST_101848,Sandra Davis,sandra.43@company.com,8931722042,2021-01-09,557.4,Sports,4,Canada,67,Female,Pending,Yes,33.78,0
CUST_101696,Robert Anderson,robert.44@gmail.com,3717366260,2021-02-13,400.72,Books,3,France,61,Male,Cancelled,Yes,38.12,0
CUST_101143,Jennifer Thomas,jennifer.11@company.com,6845041632,2019-10-12,465.75,Automotive,4,Japan,42,Female,Pending,Yes,21.0,0
CUST_100053,Michael Miller,michael.22@yahoo.com,5182122980,2023-04-06,385.2,Toys,5,France,53,Male,Shipped,No,41.8,0
CUST_100151,Donald Smith,Unknown,1647412584,2024-09-13,788.3,Unknown,3,Australia,36,Female,Unknown,Yes,29.84,0
CUST_100403,Daniel Gonzalez,daniel.78@outlook.com,9363456918,2023-10-04,56.21,Toys,3,Canada,33,Female,Pending,No,18.6,1
CUST_100207,Steven Brown,Unknown,2339134107,2024-07-10,218.59,Electronics,5,Australia,50,Male,Pending,Yes,31.87,0
CUST_101982,Mark Wilson,Unknown,9901546431,2021-03-30,783.22,Electronics,3,United States,66,Male,Pending,Yes,13.58,0
CUST_101682,Steven Davis,steven.13@company.com,4179562069,2021-09-02,30.21,Automotive,5,Australia,32,Male,Delivered,Yes,27.53,1
CUST_101829,Susan Thomas,susan.19@gmail.com,6922312583,2022-11-27,483.96,Home & Garden,1,Germany,50,Male,Delivered,No,45.77,0
CUST_100008,Robert Davis,robert.36@hotmail.com,6425314738,2019-11-15,529.63,Books,3,Unknown,62,Female,Delivered,Yes,26.55,0
CUST_101014,Carol Brown,Unknown,5739269487,2024-06-15,171.32,Electronics,4,United Kingdom,67,Female,Delivered,Yes,35.48,0
CUST_101878,Karen Jones,karen.82@yahoo.com,2197842072,2019-07-26,83.28,Automotive,1,Germany,48,Male,Delivered,Yes,25.56,0
CUST_101060,Michael Taylor,michael.48@outlook.com,2788457292,2018-10-16,385.2,Electronics,2,Australia,50,Female,Delivered,No,32.58,1
CUST_100452,Michael Martinez,michael.46@gmail.com,8445015900,2024-05-07,270.94,Electronics,2,Japan,22,Female,Cancelled,Yes,43.14,0
CUST_101675,Betty Martin,betty.24@company.com,8743142971,2023-11-29,450.21,Electronics,3,Canada,22,Female,Shipped,No,17.66,0
CUST_100253,Donald Davis,donald.90@yahoo.com,2574387404,2020-04-18,385.2,Unknown,3,France,45,Female,Shipped,Yes,20.11,0
CUST_101327,Anthony Thomas,anthony.61@gmail.com,1966508513,2019-05-08,385.2,Toys,3,Germany,76,Male,Pending,Yes,47.55,0
CUST_100896,Donna Martin,donna.21@company.com,1715812558,2024-08-17,790.92,Electronics,5,Australia,70,Male,Cancelled,Yes,33.56,0
CUST_101812,Susan Martin,susan.73@gmail.com,2498336573,2020-07-21,790.34,Electronics,4,United States,79,Male,Pending,No,26.55,1
CUST_100880,Emma Jones,Unknown,Unknown,2021-02-06,265.17,Home & Garden,4,France,22,Female,Pending,Yes,34.53,0
CUST_101595,John Taylor,Unknown,4063709719,2023-02-10,783.82,Books,4,Australia,78,Unknown,Cancelled,Yes,43.06,1
CUST_101976,Michael Smith,Unknown,6889004240,2022-01-15,162.64,Sports,2,United Kingdom,46,Unknown,Pending,Yes,42.0,0
CUST_100623,Carol Brown,carol.28@hotmail.com,3783114015,2018-06-15,46.85,Electronics,1,Germany,29,Male,Pending,No,19.3,0
CUST_100345,Richard Jones,richard.51@yahoo.com,8383025012,2022-04-06,434.45,Clothing,5,Australia,32,Male,Pending,No,11.39,0
CUST_101779,Lisa Gonzalez,lisa.72@hotmail.com,8999468993,2018-02-01,224.44,Toys,1,Australia,61,Male,Cancelled,No,24.88,0
CUST_100262,Sarah Rodriguez,sarah.77@yahoo.com,4776301180,2022-06-17,445.07,Home & Garden,1,Unknown,30,Female,Delivered,Yes,18.39,0
CUST_101634,Daniel Davis,daniel.66@yahoo.com,6866595271,2024-08-15,385.2,Electronics,3,France,66,Male,Cancelled,No,7.42,1
CUST_101321,Betty Thomas,betty.72@hotmail.com,5835734450,2020-06-06,633.29,Unknown,3,United States,19,Male,Shipped,Yes,6.41,0
CUST_101438,Anthony Jackson,anthony.99@gmail.com,6461736683,2019-10-15,698.53,Unknown,3,Australia,60,Male,Cancelled,Unknown,13.42,0
CUST_100150,Matthew Moore,Unknown,3553013694,2020-02-10,481.09,Home & Garden,3,United States,57,Female,Delivered,No,45.94,0
CUST_100472,Betty Martinez,betty.50@gmail.com,9147862468,2018-10-23,9.86,Unknown,5,Unknown,80,Male,Shipped,Yes,5.66,0
CUST_100640,Michael Davis,Unknown,1166502743,2024-05-08,171.25,Electronics,4,France,58,Female,Delivered,No,42.05,0
CUST_100871,Jane Davis,Unknown,7372107275,2021-09-04,692.13,Clothing,5,United States,33,Male,Shipped,Yes,16.81,0
CUST_101970,Carol Jackson,carol.59@hotmail.com,Unknown,2018-01-02,707.41,Sports,5,United States,50,Male,Cancelled,No,31.43,0
CUST_100550,Matthew Anderson,matthew.38@company.com,4882747115,2022-12-30,603.75,Unknown,3,United States,41,Female,Shipped,No,33.45,1
CUST_101859,David Miller,david.81@hotmail.com,7481836565,2020-03-24,442.29,Home & Garden,3,Unknown,53,Female,Cancelled,Yes,20.69,0
CUST_100928,Maria Taylor,Unknown,5639889412,2024-06-11,50.05,Sports,5,Australia,42,Male,Cancelled,No,44.63,0
CUST_100488,James Thomas,Unknown,7138113948,2024-02-25,568.52,Clothing,2,United Kingdom,28,Female,Pending,No,27.77,0
CUST_101734,Ruth Wilson,Unknown,1849879269,2023-02-09,402.98,Automotive,3,United States,77,Female,Cancelled,No,30.13,0
CUST_101894,Susan Miller,Unknown,8656849893,2024-01-11,387.52,Electronics,3,France,32,Female,Cancelled,No,36.18,0
CUST_101171,Michael Jones,michael.31@outlook.com,1262084464,2021-04-08,230.96,Sports,4,Japan,50,Female,Pending,No,26.55,0
CUST_100146,James Anderson,Unknown,6455596181,2021-01-22,311.87,Toys,5,Australia,59,Female,Shipped,No,48.79,0
CUST_101781,Emma Wilson,emma.22@yahoo.com,9917837268,2023-11-21,382.5,Clothing,2,Australia,21,Female,Unknown,Yes,35.42,1
CUST_100402,Ruth Martinez,Unknown,4444796620,2018-02-19,560.49,Books,5,Germany,73,Female,Cancelled,No,11.6,0
CUST_100954,Mark Hernandez,mark.94@outlook.com,1712704069,2022-05-19,740.9,Books,3,Germany,38,Female,Pending,Unknown,32.73,0
CUST_101964,Sarah Davis,Unknown,Unknown,2020-10-13,457.07,Toys,3,Germany,50,Female,Shipped,No,39.81,0
CUST_100659,Karen Jackson,Unknown,1099102742,2023-07-15,385.2,Sports,1,Germany,48,Female,Shipped,No,37.32,0
CUST_101372,John Martinez,john.88@hotmail.com,3849734181,2022-04-07,385.2,Automotive,3,Japan,50,Male,Shipped,No,14.95,1
CUST_100463,James Davis,Unknown,9766892670,2019-12-12,0.0,Home & Garden,2,Australia,60,Female,Shipped,Yes,37.25,0
CUST_101349,Lisa Davis,lisa.19@gmail.com,7489535550,2024-08-06,364.22,Unknown,1,Canada,28,Male,Shipped,Yes,10.76,1
CUST_100186,Richard Jones,Unknown,6794435909,2023-07-11,78.89,Electronics,1,Japan,28,Female,Pending,No,32.33,0
CUST_101147,Steven Anderson,steven.19@outlook.com,9672838271,2019-03-03,385.2,Sports,4,France,74,Female,Cancelled,No,40.18,0
CUST_101224,Sarah Hernandez,Unknown,9505645832,2024-02-06,167.22,Toys,2,Canada,47,Female,Shipped,Yes,27.19,1
CUST_100608,William Moore,william.88@outlook.com,Unknown,2021-05-21,145.78,Sports,4,Unknown,51,Female,Delivered,Yes,30.67,0
CUST_100143,Robert Moore,robert.14@company.com,7966308644,2020-07-03,478.63,Clothing,3,United States,32,Female,Delivered,Yes,10.77,0
CUST_100751,Michael Miller,Unknown,2651695589,2022-06-17,297.79,Clothing,3,Japan,72,Male,Delivered,Yes,22.42,0
CUST_101534,Robert Hernandez,robert.46@outlook.com,2633508572,2019-05-07,380.73,Sports,1,United States,40,Female,Cancelled,No,44.99,0
CUST_100981,Michael Martinez,michael.35@yahoo.com,2255438455,2022-07-05,480.62,Sports,4,Australia,21,Male,Shipped,Yes,45.47,0
CUST_100197,Steven Davis,steven.80@outlook.com,Unknown,2020-08-10,7.9,Automotive,2,Canada,65,Female,Unknown,No,21.87,0
CUST_101633,Jennifer Garcia,Unknown,6751908180,2021-08-25,313.86,Home & Garden,3,Australia,58,Female,Delivered,No,39.39,0
CUST_100883,Charles Moore,Unknown,4943904476,2024-02-27,708.59,Home & Garden,5,United States,78,Male,Cancelled,Yes,24.57,0
CUST_100279,Helen Brown,Unknown,7436505782,2023-02-12,710.5,Sports,2,France,43,Male,Cancelled,No,47.72,0
CUST_100293,Robert Wilson,robert.63@gmail.com,3859613643,2024-01-18,300.58,Clothing,5,Australia,24,Male,Unknown,No,47.52,0
CUST_101907,John Wilson,john.20@hotmail.com,4999464741,2018-09-10,243.7,Books,4,United Kingdom,50,Unknown,Cancelled,Yes,26.55,0
CUST_100400,Jennifer Brown,jennifer.55@company.com,6328795355,2020-07-22,750.46,Electronics,5,Germany,27,Female,Shipped,Yes,26.55,1
CUST_100122,Lisa Williams,Unknown,9318131138,2021-08-29,120.14,Clothing,5,France,18,Female,Shipped,Yes,32.77,0
CUST_101207,Matthew Smith,matthew.16@gmail.com,6208395576,2020-05-25,385.2,Books,4,Canada,38,Female,Cancelled,Yes,26.55,0
CUST_100202,Betty Taylor,betty.37@yahoo.com,9062136544,2022-08-27,595.04,Clothing,3,Japan,42,Male,Shipped,No,19.29,0
CUST_101462,Thomas Gonzalez,Unknown,8247045224,2021-04-10,666.52,Electronics,1,Canada,23,Female,Pending,No,35.07,0
CUST_100835,Carol Moore,Unknown,Unknown,2020-05-12,319.44,Electronics,1,Unknown,62,Female,Shipped,Yes,26.55,1
CUST_100246,James Garcia,james.58@company.com,Unknown,2018-01-01,777.35,Automotive,3,Canada,18,Female,Cancelled,No,37.43,1
CUST_101439,Karen Williams,karen.40@gmail.com,8587001440,2022-01-03,211.03,Automotive,4,Germany,56,Unknown,Cancelled,No,20.29,1
CUST_101733,Nancy Taylor,nancy.40@hotmail.com,4145638146,2018-02-24,91.54,Electronics,5,Australia,80,Male,Cancelled,Yes,13.6,0
CUST_101832,Michael Jackson,michael.95@company.com,8348184669,2018-09-20,20.84,Automotive,3,Unknown,46,Female,Cancelled,Yes,30.65,0
CUST_101990,Donna Jones,donna.98@company.com,7435805607,2024-02-18,485.75,Home & Garden,3,France,50,Female,Delivered,Yes,22.84,0
CUST_101707,Karen Hernandez,karen.48@company.com,5803633100,2018-04-09,269.65,Electronics,1,United Kingdom,70,Male,Pending,Yes,9.35,0
CUST_101153,Carol Garcia,Unknown,3648845524,2018-06-23,115.0,Sports,5,Canada,69,Female,Shipped,Yes,6.8,0
CUST_101661,Sandra Gonzalez,sandra.89@gmail.com,8329883500,2023-03-12,385.2,Sports,5,Japan,62,Male,Cancelled,No,38.72,0
CUST_101426,Charles Anderson,charles.39@gmail.com,4169113317,2024-08-07,500.64,Clothing,4,United States,27,Female,Shipped,No,37.59,0
CUST_100384,Sandra Moore,sandra.26@gmail.com,6031012587,2018-05-18,496.02,Home & Garden,4,United States,45,Male,Pending,Yes,23.75,0
CUST_101837,Emma Anderson,emma.43@yahoo.com,1584558809,2019-02-15,600.11,Books,3,United States,67,Male,Delivered,No,11.85,0
CUST_101759,Susan Williams,susan.62@outlook.com,Unknown,2022-01-10,794.49,Unknown,1,United States,67,Male,Pending,Yes,41.7,0
CUST_100854,Mark Jackson,Unknown,2844051166,2018-10-16,554.56,Clothing,2,France,33,Male,Shipped,Yes,17.21,1
CUST_101589,John Smith,Unknown,4076821157,2020-08-08,45.03,Electronics,4,Germany,25,Female,Shipped,No,28.32,0
CUST_100219,Matthew Rodriguez,matthew.53@outlook.com,6065855396,2023-09-28,159.74,Toys,5,Germany,56,Female,Delivered,Yes,9.88,0
CUST_100641,Matthew Martinez,Unknown,8044915216,2019-09-21,528.06,Electronics,4,France,43,Female,Pending,No,45.44,0
CUST_100001,John Rodriguez,john.51@outlook.com,9912013527,2018-12-07,644.79,Sports,5,Germany,69,Female,Pending,Yes,35.46,0
CUST_100112,Richard Lopez,richard.30@gmail.com,8708248417,2021-06-15,139.92,Clothing,1,Germany,21,Male,Pending,Yes,26.55,0
CUST_100698,David Moore,Unknown,1268127958,2020-01-22,314.33,Unknown,4,Australia,55,Male,Shipped,No,34.47,1
CUST_100951,Emma Lopez,emma.44@gmail.com,1962899245,2024-10-20,260.29,Home & Garden,3,Germany,68,Male,Shipped,No,7.11,1
CUST_101648,John Rodriguez,Unknown,8992159712,2020-05-26,14.57,Automotive,4,Japan,43,Unknown,Pending,No,48.99,0
CUST_101636,Helen Moore,Unknown,8881696143,2024-03-18,673.72,Electronics,5,United States,48,Female,Pending,Unknown,32.88,0
CUST_101827,Nancy Taylor,Unknown,1788093203,2019-11-09,385.2,Toys,1,United Kingdom,50,Female,Pending,Yes,40.9,1
CUST_101410,Ruth Martinez,ruth.35@hotmail.com,2077446879,2024-08-09,195.33,Electronics,4,Canada,36,Female,Delivered,Yes,9.52,0
CUST_101409,Helen Taylor,Unknown,7747021554,2023-07-07,689.32,Home & Garden,3,Germany,61,Male,Shipped,Yes,38.15,0
CUST_101533,Robert Thomas,robert.57@hotmail.com,2139226427,2020-09-14,455.27,Sports,4,Canada,47,Male,Delivered,Yes,46.41,1
CUST_101291,Susan Jackson,susan.54@yahoo.com,5391954641,2022-05-14,631.07,Books,5,Unknown,50,Male,Delivered,Yes,17.39,1
CUST_101891,Carol Williams,Unknown,4136095705,2019-08-24,292.51,Toys,1,Canada,47,Male,Pending,Yes,22.46,0
CUST_100441,Steven Martin,steven.61@gmail.com,7043272746,2024-08-11,30.4,Electronics,3,United Kingdom,61,Female,Shipped,Yes,48.65,0
CUST_101520,Richard Davis,Unknown,7712762610,2020-06-29,60.71,Sports,2,Germany,65,Female,Shipped,No,9.0,0
CUST_101136,John Garcia,john.49@gmail.com,9018461935,2018-09-20,747.79,Books,3,Canada,33,Male,Delivered,No,24.84,0
CUST_101715,Ruth Jackson,ruth.48@hotmail.com,3738783157,2019-08-18,385.2,Toys,1,Australia,18,Unknown,Shipped,Yes,23.79,0
CUST_101256,Daniel Moore,Unknown,1293975389,2018-01-21,385.2,Sports,4,Canada,53,Male,Cancelled,No,26.55,0
CUST_101949,Maria Wilson,maria.60@gmail.com,5876857325,2022-07-24,664.96,Books,4,Canada,35,Male,Pending,Yes,6.69,0
CUST_101631,Mark Gonzalez,mark.20@outlook.com,1754327779,2022-04-02,684.38,Books,2,United States,53,Male,Shipped,No,7.61,0
CUST_101695,Betty Martin,betty.82@company.com,Unknown,2018-06-15,428.22,Books,4,Germany,67,Female,Cancelled,No,48.32,0
CUST_101397,Ruth Davis,Unknown,4636926957,2018-06-26,399.47,Electronics,1,Germany,39,Female,Delivered,Yes,30.05,0
CUST_100663,Helen Smith,helen.50@hotmail.com,1576565382,2020-11-23,385.2,Books,2,Japan,70,Male,Unknown,No,10.0,0
CUST_101920,Karen Williams,karen.48@outlook.com,8328117524,2023-08-30,328.12,Automotive,1,France,21,Male,Cancelled,Yes,6.29,0
CUST_101257,Robert Lopez,robert.42@gmail.com,9719017701,2023-01-07,318.54,Automotive,5,Japan,31,Female,Delivered,Yes,26.55,0
CUST_101853,Mark Davis,Unknown,6878177347,2018-06-05,592.18,Clothing,5,France,52,Female,Delivered,Yes,37.39,0
CUST_101700,Donald Martin,Unknown,8529923364,2023-03-01,253.08,Home & Garden,2,Australia,50,Male,Pending,No,48.7,0
CUST_100317,Steven Brown,steven.21@outlook.com,2048299784,2023-08-29,96.88,Automotive,5,Germany,55,Female,Delivered,No,21.5,0
CUST_100648,Jane Hernandez,jane.81@company.com,6028463955,2018-06-08,747.34,Home & Garden,3,Canada,37,Female,Cancelled,No,9.01,1
CUST_101434,Emma Hernandez,emma.10@hotmail.com,5837847165,2018-01-10,385.2,Books,3,United Kingdom,27,Female,Delivered,No,41.05,0
CUST_101479,Ruth Brown,Unknown,8421806534,2023-03-05,385.2,Clothing,5,Canada,76,Female,Unknown,Yes,45.32,0
CUST_100709,Carol Gonzalez,carol.50@hotmail.com,2776153627,2018-12-25,771.11,Toys,5,Australia,50,Male,Delivered,No,18.3,0
CUST_101382,William Garcia,Unknown,8649621052,2021-02-17,469.67,Books,4,United Kingdom,36,Male,Delivered,No,28.77,1
CUST_101282,Sandra Martinez,sandra.22@outlook.com,1781759265,2024-01-02,94.15,Books,5,Canada,59,Male,Unknown,Yes,31.55,0
CUST_101768,William Williams,william.95@yahoo.com,8089868983,2024-10-01,324.15,Electronics,5,Canada,28,Female,Pending,No,37.7,1
CUST_100972,Helen Taylor,helen.94@yahoo.com,2454659156,2023-07-29,772.98,Sports,2,United States,34,Male,Cancelled,Yes,41.92,0
CUST_100627,John Jones,Unknown,8376375240,2020-12-03,97.49,Home & Garden,3,United Kingdom,30,Male,Pending,Yes,26.55,1
CUST_100632,Anthony Gonzalez,anthony.66@gmail.com,1527575079,2023-03-01,726.43,Home & Garden,1,Germany,65,Male,Shipped,No,21.66,0
CUST_101306,Susan Jones,susan.17@outlook.com,3748064427,2020-09-26,388.69,Sports,4,United Kingdom,59,Male,Pending,Yes,10.62,0
CUST_101400,Thomas Rodriguez,Unknown,Unknown,2020-08-26,410.18,Toys,3,United Kingdom,46,Female,Shipped,No,6.6,0
CUST_101408,Emma Gonzalez,emma.51@yahoo.com,7004307099,2023-10-08,200.82,Clothing,2,Australia,73,Male,Unknown,No,22.71,1
CUST_101248,Jennifer Moore,Unknown,6019157425,2019-03-22,482.62,Toys,3,France,25,Male,Shipped,Unknown,10.95,0
CUST_100763,John Rodriguez,john.62@outlook.com,3974843592,2020-01-10,130.85,Home & Garden,2,United States,59,Unknown,Pending,Yes,31.26,0
CUST_101254,Maria Johnson,maria.20@yahoo.com,8212318925,2018-06-15,137.15,Clothing,3,France,20,Female,Unknown,Unknown,15.97,0
CUST_101496,Lisa Martinez,lisa.39@hotmail.com,5876711205,2024-05-20,739.26,Home & Garden,5,United Kingdom,36,Female,Cancelled,Yes,24.79,0
CUST_101371,Steven Johnson,Unknown,1634212597,2019-01-11,299.47,Automotive,1,United States,44,Female,Delivered,Yes,5.24,1
CUST_101529,Betty Johnson,betty.72@outlook.com,8293046287,2024-11-03,155.66,Toys,2,Canada,61,Male,Cancelled,Yes,26.55,0
CUST_101663,Sarah Williams,sarah.69@yahoo.com,1266461646,2022-05-30,5.9,Sports,3,Japan,42,Female,Cancelled,Yes,7.47,0
CUST_101354,John Moore,Unknown,4548457948,2018-07-26,636.87,Home & Garden,3,Canada,50,Female,Shipped,Yes,37.83,0
CUST_101821,William Anderson,Unknown,5949588191,2023-12-04,284.76,Books,5,France,19,Male,Cancelled,No,14.23,0
CUST_100556,William Hernandez,william.37@yahoo.com,1365748999,2020-02-01,207.51,Electronics,5,France,56,Male,Pending,Yes,19.5,0
CUST_101989,Ruth Miller,ruth.81@outlook.com,7335193593,2024-02-17,560.61,Clothing,4,Japan,29,Female,Shipped,Yes,39.1,0
CUST_101643,Donald Williams,donald.85@gmail.com,9516411987,2020-06-08,518.38,Electronics,1,United States,31,Female,Pending,Yes,46.5,0
CUST_101934,David Gonzalez,david.48@gmail.com,3986172042,2022-04-04,526.71,Books,4,United Kingdom,34,Male,Shipped,Yes,15.89,1
CUST_100795,Richard Martin,richard.28@gmail.com,7546922596,2018-03-08,229.82,Unknown,1,United States,71,Female,Unknown,Yes,27.7,0
CUST_100645,Unknown,Unknown,3378478109,2020-04-22,712.78,Automotive,5,Germany,50,Female,Pending,Yes,14.32,1
CUST_101012,Nancy Brown,nancy.50@hotmail.com,9984001877,2021-09-16,501.01,Clothing,1,Japan,67,Male,Delivered,Yes,39.31,0
CUST_101924,John Smith,Unknown,Unknown,2024-08-08,145.21,Electronics,1,Unknown,61,Female,Pending,No,47.81,0
CUST_100681,Daniel Johnson,daniel.73@company.com,2156918003,2022-08-18,106.62,Electronics,5,France,70,Male,Delivered,Yes,44.72,0
CUST_100577,Nancy Jones,nancy.33@company.com,8995099222,2019-11-16,726.41,Home & Garden,5,United Kingdom,35,Male,Shipped,Yes,19.98,0
CUST_101819,Karen Martinez,karen.96@yahoo.com,5507634538,2022-09-18,439.89,Clothing,3,France,22,Female,Pending,No,26.55,1
CUST_101109,Jennifer Anderson,jennifer.52@outlook.com,1781583076,2024-04-25,169.41,Sports,5,France,37,Male,Delivered,Yes,9.82,0
CUST_101266,Maria Hernandez,Unknown,6521201345,2018-03-15,541.71,Books,2,Australia,61,Male,Shipped,Yes,26.55,0
CUST_101722,Donald Williams,donald.69@outlook.com,4522927646,2019-01-01,323.15,Sports,3,France,40,Male,Shipped,No,24.99,0
CUST_101954,Betty Martin,betty.72@company.com,3292475699,2023-08-18,300.7,Home & Garden,3,Australia,24,Male,Delivered,Yes,28.84,0
CUST_101183,Jennifer Garcia,jennifer.53@company.com,8662184949,2020-03-21,531.99,Books,4,United States,55,Male,Pending,No,26.55,0
CUST_100524,Susan Brown,susan.79@hotmail.com,8694983960,2024-10-20,385.2,Automotive,5,Canada,65,Unknown,Delivered,Yes,31.77,0
CUST_101059,Charles Lopez,charles.95@company.com,8909274876,2019-07-08,540.61,Clothing,3,Canada,25,Female,Cancelled,No,43.21,0
CUST_100540,Steven Wilson,Unknown,1105349334,2019-01-02,214.62,Toys,4,Australia,61,Male,Shipped,No,16.1,0
CUST_101194,Michael Taylor,Unknown,5283698698,2023-11-19,181.04,Electronics,2,United Kingdom,47,Male,Cancelled,No,39.17,0
CUST_101678,John Martinez,john.30@company.com,Unknown,2018-03-07,504.53,Sports,2,Japan,54,Male,Pending,No,27.89,1
CUST_100748,Jane Gonzalez,jane.29@gmail.com,1152466071,2020-12-12,40.8,Unknown,2,United States,33,Female,Pending,No,34.49,1
CUST_101937,Michael Taylor,Unknown,Unknown,2022-09-24,402.35,Sports,5,Unknown,40,Female,Delivered,Yes,38.4,0
CUST_101430,Donald Moore,Unknown,9783088152,2023-07-27,243.19,Clothing,5,United Kingdom,50,Male,Delivered,Unknown,26.36,0
CUST_100484,Unknown,daniel.28@outlook.com,6499029684,2021-07-06,705.18,Toys,4,Germany,24,Male,Delivered,No,20.67,0
CUST_101757,John Thomas,Unknown,3822437577,2019-05-01,424.95,Books,3,Unknown,78,Male,Pending,Yes,11.35,0
CUST_100095,Sarah Lopez,Unknown,1193752663,2019-12-09,346.24,Clothing,3,United States,32,Male,Pending,No,11.2,0
CUST_101020,Michael Davis,Unknown,6282479115,2023-06-25,385.2,Home & Garden,4,Japan,24,Unknown,Pending,Yes,20.55,1
CUST_100563,Jane Anderson,Unknown,3021869668,2019-11-19,107.93,Automotive,3,Germany,35,Male,Delivered,No,35.2,0
CUST_101264,Sarah Jones,sarah.86@yahoo.com,8987402807,2019-05-24,438.73,Sports,2,France,45,Male,Delivered,Yes,38.53,0
CUST_100742,Anthony Lopez,Unknown,4495583149,2019-05-18,324.03,Electronics,5,Canada,41,Female,Delivered,No,42.47,0
CUST_100863,Thomas Wilson,Unknown,5933042506,2019-07-15,385.2,Home & Garden,2,United States,66,Female,Pending,Yes,26.55,0
CUST_101598,Sarah Brown,Unknown,4266218708,2021-03-08,405.81,Clothing,1,Japan,38,Male,Shipped,No,11.19,0
CUST_101714,Maria Brown,maria.93@outlook.com,5737849518,2024-10-29,330.82,Unknown,1,United Kingdom,44,Female,Delivered,No,49.53,0
CUST_101484,Betty Johnson,betty.12@outlook.com,7306269833,2019-09-23,189.95,Home & Garden,2,United Kingdom,20,Female,Shipped,Yes,19.89,0
CUST_100891,Daniel Gonzalez,daniel.83@yahoo.com,3426901348,2019-05-07,363.36,Automotive,1,Unknown,50,Female,Shipped,No,31.39,1
CUST_101577,Donald Williams,donald.56@gmail.com,2878065015,2021-10-22,633.98,Automotive,3,United States,50,Female,Shipped,Yes,43.52,0
CUST_101881,Richard Anderson,richard.51@gmail.com,Unknown,2024-01-24,650.62,Automotive,3,Canada,54,Female,Unknown,No,37.04,0
CUST_101038,John Williams,john.75@company.com,Unknown,2019-11-12,385.2,Clothing,3,France,46,Female,Cancelled,No,39.43,0
CUST_100206,James Brown,james.97@gmail.com,1662213366,2021-12-02,718.02,Automotive,3,Japan,27,Male,Cancelled,No,20.84,0
CUST_100392,Lisa Jones,lisa.80@outlook.com,7392113721,2022-12-17,385.2,Electronics,4,United States,76,Female,Shipped,Yes,42.31,1
CUST_100794,Nancy Hernandez,Unknown,1035613059,2024-02-17,647.01,Sports,4,United States,80,Female,Pending,No,40.2,0
CUST_100870,Helen Martinez,helen.64@gmail.com,5565335451,2018-04-18,371.87,Books,5,Germany,61,Female,Delivered,No,9.53,0
CUST_100397,Emma Martin,Unknown,Unknown,2019-04-20,14.7,Toys,2,France,51,Female,Pending,No,38.8,0
CUST_100766,James Garcia,james.27@outlook.com,5797579767,2022-03-08,584.53,Clothing,4,Canada,39,Male,Shipped,No,46.34,0
CUST_101241,Michael Gonzalez,michael.84@outlook.com,Unknown,2023-02-10,268.77,Electronics,5,France,48,Female,Shipped,Yes,18.93,0
CUST_101028,Maria Davis,Unknown,2889394849,2021-05-12,385.2,Unknown,5,United States,64,Male,Pending,Yes,5.03,0
CUST_101792,Emma Lopez,emma.97@hotmail.com,2013997752,2022-09-18,83.33,Books,3,Canada,77,Male,Shipped,Yes,39.87,1
CUST_100642,Lisa Williams,Unknown,7497184377,2022-03-28,145.09,Automotive,1,United States,41,Female,Pending,No,29.48,0
CUST_101979,Donna Gonzalez,Unknown,8817279693,2024-08-12,182.98,Books,1,Australia,29,Male,Delivered,Yes,43.32,1
CUST_100612,Carol Miller,carol.42@outlook.com,8793069741,2023-03-26,752.22,Unknown,5,France,67,Male,Shipped,No,20.91,0
CUST_101762,William Anderson,william.64@hotmail.com,5484053045,2019-06-18,654.16,Home & Garden,4,Canada,50,Female,Shipped,No,20.33,0
CUST_100960,Jennifer Rodriguez,Unknown,5832121740,2019-08-16,55.95,Electronics,2,Unknown,53,Female,Shipped,Yes,9.76,0
CUST_101570,Sandra Lopez,sandra.91@outlook.com,7531129587,2021-08-21,744.46,Sports,1,Germany,80,Male,Pending,No,26.97,0
CUST_100725,Ruth Martinez,ruth.67@gmail.com,Unknown,2019-12-10,147.02,Sports,5,United States,70,Male,Shipped,Yes,37.75,1
CUST_100683,Sandra Thomas,sandra.75@outlook.com,2302867308,2021-05-10,688.55,Toys,1,France,67,Female,Delivered,No,34.67,0
CUST_100098,Lisa Jackson,lisa.10@gmail.com,6123083332,2019-09-06,385.2,Home & Garden,4,United States,50,Male,Delivered,No,46.68,0
CUST_100804,Susan Hernandez,susan.49@outlook.com,8834432857,2021-01-04,75.78,Sports,2,United States,27,Female,Delivered,Yes,41.77,1
CUST_101751,Anthony Jackson,anthony.74@gmail.com,Unknown,2020-05-29,427.3,Home & Garden,3,France,50,Male,Shipped,Yes,30.76,0
CUST_101597,Donna Garcia,Unknown,5502143984,2020-01-17,361.99,Automotive,4,France,61,Female,Cancelled,Yes,16.07,0
CUST_100406,Anthony Davis,Unknown,Unknown,2020-09-25,272.76,Clothing,3,Australia,37,Male,Shipped,No,15.47,0
CUST_100502,Ruth Anderson,ruth.72@outlook.com,3842317914,2018-03-13,239.16,Sports,3,United Kingdom,53,Male,Shipped,No,8.84,0
CUST_101071,Mark Jackson,Unknown,5176819955,2020-04-20,117.02,Clothing,3,United States,73,Male,Shipped,Yes,12.52,0
CUST_101056,Maria Davis,maria.36@gmail.com,Unknown,2019-04-09,213.4,Automotive,1,Germany,58,Male,Pending,No,14.71,0
CUST_100929,Michael Martinez,michael.56@outlook.com,Unknown,2024-10-30,299.31,Home & Garden,2,Germany,69,Male,Pending,No,26.41,1
CUST_100779,Sarah Anderson,sarah.18@yahoo.com,3805142338,2024-05-21,463.54,Sports,3,Canada,67,Male,Shipped,Yes,26.55,1
CUST_101863,Nancy Rodriguez,nancy.33@yahoo.com,1016411206,2019-02-23,189.97,Unknown,1,United Kingdom,65,Female,Pending,No,33.43,0
CUST_100200,Donald Moore,Unknown,1222805289,2022-06-10,7.79,Home & Garden,5,Canada,71,Female,Delivered,No,9.61,0
CUST_100134,Sarah Wilson,Unknown,Unknown,2019-01-27,213.01,Books,3,Canada,70,Male,Cancelled,Yes,24.55,0
CUST_101051,John Taylor,Unknown,5837203955,2023-03-20,301.13,Books,1,France,34,Female,Pending,Unknown,17.77,0
CUST_100040,Maria Miller,maria.71@gmail.com,4695652605,2018-10-16,250.27,Electronics,4,Japan,24,Male,Pending,Yes,25.05,0
CUST_101017,James Anderson,Unknown,9413978888,2024-03-28,737.42,Automotive,3,Germany,48,Male,Delivered,Yes,43.92,0
CUST_100230,Jennifer Lopez,jennifer.34@outlook.com,1774672350,2020-10-30,299.94,Home & Garden,2,Unknown,50,Male,Pending,Yes,14.72,0
CUST_101513,Carol Davis,carol.29@gmail.com,4608694567,2020-12-03,385.2,Books,2,Germany,30,Female,Delivered,No,6.86,0
CUST_101796,Charles Hernandez,charles.46@yahoo.com,4325695311,2023-10-08,385.2,Electronics,5,Germany,26,Male,Shipped,Yes,26.55,0
CUST_100378,William Miller,Unknown,6457747271,2023-04-09,735.58,Unknown,3,United Kingdom,63,Female,Unknown,Yes,12.94,1
CUST_100288,Helen Garcia,helen.99@yahoo.com,8635084185,2022-07-29,619.08,Toys,3,United Kingdom,50,Male,Shipped,No,44.39,0
CUST_100418,Sarah Wilson,sarah.97@outlook.com,9906329267,2022-08-21,575.12,Clothing,4,United States,50,Male,Unknown,No,8.08,0
CUST_101698,Jennifer Smith,jennifer.58@company.com,Unknown,2018-12-02,652.84,Electronics,4,Japan,24,Unknown,Cancelled,Yes,28.25,0
CUST_100391,Betty Jones,betty.75@outlook.com,2963657697,2019-02-01,296.1,Sports,4,Japan,30,Male,Cancelled,Yes,8.85,1
CUST_100592,Susan Thomas,susan.63@outlook.com,Unknown,2023-10-30,385.2,Clothing,5,Australia,50,Female,Cancelled,Yes,8.21,0
CUST_101522,William Williams,william.38@hotmail.com,7511294673,2022-02-24,29.79,Electronics,1,United Kingdom,74,Female,Pending,No,45.28,0
CUST_101162,Unknown,Unknown,1796198271,2018-04-03,118.46,Electronics,3,United Kingdom,18,Female,Delivered,No,38.4,0
CUST_101086,Charles Gonzalez,Unknown,3697681491,2024-01-17,413.38,Home & Garden,5,Japan,27,Female,Pending,No,9.8,0
CUST_101495,Betty Hernandez,betty.49@yahoo.com,7507096386,2021-09-21,251.11,Sports,4,Japan,79,Female,Shipped,No,19.15,0
CUST_100647,Steven Smith,steven.21@company.com,2899353885,2020-06-21,772.07,Home & Garden,1,United States,52,Female,Delivered,Yes,26.55,0
CUST_101152,Jennifer Martinez,Unknown,6644212049,2021-02-13,286.35,Toys,5,United States,50,Male,Shipped,No,48.19,1
CUST_101367,Ruth Johnson,Unknown,1394781472,2023-04-27,527.07,Sports,1,Canada,57,Male,Shipped,No,48.35,0
CUST_100520,Michael Davis,michael.12@company.com,2262799625,2023-07-07,198.74,Automotive,2,Germany,40,Male,Pending,No,46.15,0
CUST_101862,Daniel Lopez,Unknown,6701607113,2024-03-29,748.9,Home & Garden,5,France,50,Female,Shipped,Yes,33.57,0
CUST_101880,Matthew Wilson,Unknown,6022927623,2021-09-24,513.4,Clothing,5,Japan,67,Unknown,Cancelled,No,23.6,1
CUST_100064,Richard Lopez,richard.72@gmail.com,6167518551,2024-06-09,765.45,Electronics,3,Germany,26,Female,Delivered,Yes,13.4,1
CUST_101836,Nancy Martinez,nancy.81@gmail.com,1226738347,2022-07-09,731.94,Clothing,1,Australia,60,Male,Pending,No,26.55,0
CUST_100014,James Smith,Unknown,5028771607,2021-09-25,557.34,Unknown,2,Australia,26,Female,Delivered,No,25.56,0
CUST_101180,Ruth Johnson,Unknown,4243754195,2019-05-22,469.5,Home & Garden,4,Japan,68,Female,Pending,No,10.98,0
CUST_101064,Richard Thomas,richard.86@company.com,4282108364,2024-02-05,254.37,Electronics,5,France,53,Male,Shipped,Yes,15.23,0
CUST_100492,Matthew Johnson,matthew.54@yahoo.com,3629711573,2021-08-06,58.4,Automotive,5,Japan,57,Female,Pending,Yes,11.62,1
CUST_100379,Thomas Hernandez,thomas.74@yahoo.com,8515212456,2022-11-30,93.24,Clothing,2,Unknown,56,Female,Cancelled,No,15.25,0
CUST_100187,Helen Martinez,Unknown,2662078443,2018-09-12,580.98,Clothing,4,Japan,65,Male,Shipped,No,22.54,0
CUST_100216,Donald Rodriguez,donald.94@outlook.com,8697609342,2020-12-02,218.75,Automotive,2,Unknown,27,Female,Unknown,Yes,9.67,0
CUST_101945,Carol Miller,carol.99@hotmail.com,6761597349,2024-08-29,52.41,Sports,3,Australia,69,Male,Cancelled,Yes,21.98,1
CUST_100791,David Williams,Unknown,Unknown,2018-01-10,120.06,Home & Garden,2,Japan,50,Male,Cancelled,Yes,35.99,0
CUST_101076,Donald Anderson,donald.90@company.com,6821803083,2020-06-15,385.2,Unknown,3,United States,66,Female,Pending,Yes,27.64,1
CUST_100878,Sarah Smith,sarah.51@company.com,1743207089,2020-05-19,212.57,Automotive,5,United States,51,Male,Delivered,No,32.87,0
CUST_100337,Karen Davis,Unknown,3106521885,2023-08-10,179.13,Clothing,5,Japan,49,Female,Delivered,Yes,8.21,0
CUST_101772,Matthew Brown,matthew.40@hotmail.com,5425311928,2018-12-16,585.33,Electronics,4,Australia,19,Male,Delivered,No,32.46,0
CUST_100719,Sarah Davis,Unknown,5149477233,2020-05-27,509.62,Clothing,4,United Kingdom,54,Male,Pending,No,45.66,1
CUST_101748,Lisa Taylor,Unknown,Unknown,2022-04-08,614.3,Clothing,4,United States,62,Female,Pending,No,41.78,0
CUST_100295,Betty Hernandez,betty.23@hotmail.com,2276477403,2021-11-07,0.0,Automotive,2,Germany,43,Female,Cancelled,Yes,11.66,0
CUST_101725,David Martinez,david.17@company.com,6264456525,2018-06-21,356.33,Automotive,2,Germany,38,Female,Cancelled,Yes,21.95,0
CUST_101016,Mark Garcia,mark.15@yahoo.com,7652096463,2022-01-01,190.37,Home & Garden,2,France,39,Female,Pending,No,11.19,0
CUST_101275,Charles Anderson,charles.77@hotmail.com,Unknown,2024-06-04,42.5,Toys,4,United States,80,Male,Pending,Yes,17.67,0
CUST_101750,Nancy Jackson,nancy.40@gmail.com,7277082094,2018-01-06,160.47,Electronics,1,Canada,62,Female,Unknown,Yes,24.79,0
CUST_101485,Thomas Martin,thomas.97@company.com,3498101800,2019-06-15,32.71,Automotive,2,United States,39,Female,Delivered,No,45.89,0
CUST_100455,Jennifer Jackson,Unknown,5844567412,2021-02-14,633.01,Toys,1,Canada,50,Female,Shipped,No,48.82,0
CUST_932920,Karen Smith,Unknown,Unknown,2019-03-12,542.08,Books,4,France,55,Unknown,Shipped,No,16.7,0
CUST_100815,Sarah Lopez,sarah.11@gmail.com,9765803038,2019-06-09,509.82,Toys,3,United States,48,Male,Delivered,No,30.21,1
CUST_101886,Thomas Thomas,Unknown,8756594292,2020-02-04,341.17,Automotive,2,Australia,42,Female,Cancelled,No,47.73,1
CUST_100269,Charles Brown,Unknown,8015695512,2023-05-17,385.2,Home & Garden,5,Germany,80,Male,Shipped,Yes,6.24,0
CUST_100995,Thomas Martin,thomas.88@yahoo.com,3015422322,2019-11-03,703.86,Electronics,2,Germany,77,Male,Delivered,Yes,27.99,1
CUST_101981,Matthew Taylor,Unknown,1871211142,2018-05-10,385.2,Home & Garden,3,United Kingdom,34,Female,Shipped,Yes,10.09,0
CUST_100201,Anthony Martinez,Unknown,1219513248,2021-02-13,226.76,Unknown,4,Germany,57,Male,Shipped,No,41.14,1
CUST_100161,Anthony Moore,anthony.84@gmail.com,1639218240,2019-08-28,184.98,Clothing,2,United Kingdom,20,Male,Delivered,Yes,45.39,0
CUST_101579,Mark Smith,Unknown,Unknown,2021-07-23,175.05,Electronics,2,United States,27,Unknown,Pending,Yes,10.79,0
CUST_100729,Jennifer Thomas,jennifer.83@hotmail.com,Unknown,2022-07-01,526.59,Sports,1,Japan,35,Male,Delivered,Yes,25.34,0
CUST_100401,Daniel Smith,Unknown,5848756521,2020-02-19,345.58,Home & Garden,4,France,29,Male,Unknown,No,22.73,1
CUST_100702,Donald Garcia,donald.97@yahoo.com,1803502262,2022-01-01,385.2,Sports,4,Australia,47,Male,Cancelled,Yes,30.93,1
CUST_101500,Jennifer Rodriguez,jennifer.78@outlook.com,Unknown,2021-01-04,385.2,Clothing,3,United Kingdom,74,Female,Unknown,Yes,32.72,0
CUST_101845,Mark Anderson,Unknown,2478849841,2024-02-06,520.78,Home & Garden,5,France,52,Female,Delivered,No,32.14,0
CUST_101795,James Thomas,Unknown,3543838307,2019-11-30,294.9,Sports,2,Australia,80,Female,Shipped,Yes,47.7,1
CUST_100565,James Hernandez,james.30@yahoo.com,1072595098,2018-11-12,98.39,Books,3,Japan,42,Female,Cancelled,Yes,44.69,0
CUST_101413,Maria Martin,Unknown,4664133666,2022-09-16,235.69,Electronics,3,Canada,36,Male,Shipped,No,43.68,0
CUST_101021,Donald Anderson,donald.48@outlook.com,7917553535,2018-06-30,282.69,Sports,3,United Kingdom,69,Male,Cancelled,No,7.22,1
CUST_101025,Richard Taylor,richard.67@gmail.com,3533092697,2022-07-12,98.04,Electronics,1,Unknown,73,Male,Shipped,Yes,30.0,1
CUST_101411,Anthony Brown,anthony.19@hotmail.com,1082627904,2020-01-18,152.82,Sports,2,Japan,55,Male,Shipped,No,8.56,0
CUST_101895,Karen Rodriguez,karen.35@hotmail.com,4218561785,2024-08-04,177.13,Electronics,3,Australia,70,Male,Delivered,Yes,22.53,0
CUST_101585,Maria Johnson,maria.99@gmail.com,6499001836,2019-10-11,75.41,Toys,3,Australia,50,Female,Cancelled,Yes,24.78,1
CUST_101955,Sandra Martin,Unknown,2784975214,2018-06-18,670.53,Sports,2,Germany,76,Male,Delivered,Yes,46.76,0
CUST_101104,Betty Garcia,Unknown,4764604172,2018-01-12,385.2,Sports,1,Australia,33,Male,Shipped,No,40.74,0
CUST_100205,Steven Jones,Unknown,9187388106,2024-07-14,385.2,Sports,3,Unknown,21,Male,Pending,Yes,33.25,0
CUST_100034,Mark Martinez,mark.32@outlook.com,6868541085,2019-12-27,213.39,Toys,5,Australia,56,Male,Pending,Yes,36.49,0
CUST_101966,Michael Taylor,michael.74@yahoo.com,6619837688,2019-10-31,216.58,Electronics,1,Japan,50,Female,Delivered,No,23.09,0
CUST_100775,Sandra Williams,Unknown,4709088046,2024-08-17,68.52,Toys,4,Australia,50,Female,Pending,Yes,19.55,0
CUST_100508,Mark Miller,mark.82@company.com,8137614156,2019-12-12,740.02,Home & Garden,2,Unknown,79,Female,Cancelled,No,24.51,0
CUST_101451,Daniel Williams,daniel.52@company.com,1844542661,2023-12-29,409.77,Toys,2,Japan,43,Male,Cancelled,No,38.48,0
CUST_101478,James Miller,james.68@gmail.com,2507232656,2018-09-18,338.21,Sports,1,Germany,45,Female,Pending,No,44.78,0
CUST_947196,Nancy Taylor,nancy.40@hotmail.com,4145638146,2018-02-24,28.13,Electronics,5,Australia,80,Male,Pending,Yes,13.6,0
CUST_101390,Carol Gonzalez,carol.89@outlook.com,7977574130,2020-02-19,661.95,Automotive,3,United States,25,Male,Cancelled,No,21.94,0
CUST_100091,Nancy Taylor,nancy.40@outlook.com,8706167308,2018-04-11,602.19,Clothing,2,United Kingdom,73,Female,Delivered,No,29.83,0
CUST_101363,Lisa Moore,lisa.97@company.com,8213595492,2024-09-08,395.89,Books,4,France,33,Male,Shipped,Unknown,19.98,0
CUST_100897,Thomas Lopez,Unknown,5258405931,2020-10-11,570.05,Toys,4,Japan,35,Female,Cancelled,Yes,14.2,0
CUST_100564,Michael Hernandez,Unknown,2575203029,2020-03-11,385.2,Home & Garden,1,Unknown,18,Female,Cancelled,No,9.86,0
CUST_101369,Donna Thomas,donna.66@yahoo.com,2341847874,2024-05-04,677.51,Home & Garden,3,Canada,48,Female,Shipped,No,35.19,0
CUST_100776,Karen Anderson,karen.76@company.com,3181554465,2024-01-16,617.54,Clothing,5,Unknown,26,Female,Shipped,Unknown,37.53,0
CUST_100241,Steven Wilson,steven.47@hotmail.com,6248793445,2018-05-08,67.53,Clothing,3,France,23,Female,Pending,No,33.03,0
CUST_100013,Thomas Jackson,thomas.51@yahoo.com,5118903692,2023-02-20,559.11,Automotive,2,Australia,31,Female,Pending,No,20.96,0
CUST_100315,Lisa Jones,lisa.52@outlook.com,4771442103,2023-02-02,278.97,Automotive,2,France,32,Male,Delivered,Yes,32.48,0
CUST_100600,William Taylor,Unknown,Unknown,2021-05-07,733.37,Automotive,4,United States,48,Female,Cancelled,No,12.15,0
CUST_100387,Mark Johnson,Unknown,2742807138,2023-06-16,613.16,Clothing,3,Germany,60,Female,Cancelled,Yes,37.89,1
CUST_101297,Daniel Thomas,daniel.26@hotmail.com,5574788811,2023-04-22,0.0,Unknown,3,Unknown,22,Female,Delivered,No,47.64,0
CUST_100166,Sandra Moore,sandra.32@outlook.com,7139061173,2020-03-21,385.2,Books,5,Canada,36,Female,Cancelled,Yes,21.6,0
CUST_100840,John Garcia,john.56@company.com,5647496867,2020-07-17,705.33,Clothing,5,Australia,69,Male,Shipped,Yes,33.58,0
CUST_100020,Sarah Williams,sarah.27@gmail.com,5567594360,2021-01-12,331.58,Unknown,1,United States,50,Female,Delivered,No,26.55,0
CUST_100646,Anthony Martinez,Unknown,5901959125,2019-12-11,94.38,Toys,3,France,51,Male,Pending,Yes,13.99,1
CUST_101842,Mark Moore,Unknown,3207778407,2023-03-30,385.2,Home & Garden,3,United States,57,Female,Delivered,No,28.77,0
CUST_101508,William Wilson,william.95@outlook.com,3906699040,2022-05-23,429.19,Sports,3,Canada,53,Female,Cancelled,No,8.92,0
CUST_101154,Anthony Garcia,Unknown,Unknown,2020-07-27,249.9,Home & Garden,2,United States,77,Female,Pending,No,18.05,0
CUST_101528,Richard Martin,richard.21@company.com,8409954920,2024-04-07,176.87,Home & Garden,1,Australia,50,Female,Pending,Yes,44.14,0
CUST_100831,Maria Brown,maria.34@company.com,2018273069,2023-12-31,721.4,Home & Garden,3,United Kingdom,53,Male,Delivered,Yes,25.59,0
CUST_101267,Nancy Lopez,nancy.91@yahoo.com,1928996460,2018-07-14,140.92,Toys,2,United States,53,Female,Pending,No,29.57,0
CUST_101590,Nancy Moore,nancy.86@company.com,9812148252,2021-05-03,582.25,Unknown,1,Germany,23,Male,Pending,Yes,27.97,1
CUST_101899,Daniel Thomas,daniel.57@company.com,7978151732,2021-05-30,673.23,Electronics,3,Germany,55,Female,Cancelled,Yes,14.52,0
CUST_100562,Donald Moore,donald.92@hotmail.com,Unknown,2023-04-11,304.66,Sports,2,United States,79,Female,Cancelled,No,21.15,0
CUST_100686,Betty Lopez,betty.71@company.com,7693517278,2018-08-22,652.67,Automotive,3,United Kingdom,59,Female,Pending,Yes,25.31,0
CUST_100957,Michael Hernandez,Unknown,3701783797,2023-08-30,736.8,Electronics,3,France,76,Female,Pending,No,25.33,1
CUST_100189,Ruth Williams,Unknown,7543284772,2024-02-24,198.96,Sports,3,France,28,Female,Delivered,Unknown,22.88,0
CUST_101806,Helen Jones,helen.16@hotmail.com,5484703608,2019-08-30,756.67,Sports,3,Australia,47,Female,Shipped,Yes,28.0,0
CUST_100975,John Lopez,john.97@yahoo.com,Unknown,2024-03-18,646.84,Clothing,3,Unknown,29,Female,Unknown,Yes,17.84,0
CUST_100699,Steven Lopez,steven.57@outlook.com,8182082208,2018-12-06,767.89,Automotive,5,Australia,40,Male,Shipped,No,21.43,0
CUST_101499,Lisa Wilson,lisa.31@company.com,Unknown,2021-11-04,448.63,Clothing,4,Australia,45,Male,Pending,Yes,6.63,0
CUST_903597,William Lopez,Unknown,6912408239,2022-01-20,687.03,Clothing,2,Japan,47,Male,Delivered,Yes,13.15,0
CUST_101082,Robert Johnson,robert.90@hotmail.com,3941769755,2020-09-14,126.97,Unknown,2,United States,73,Female,Pending,Yes,21.0,1
CUST_100474,Jennifer Davis,Unknown,7685557018,2022-05-30,385.2,Home & Garden,3,Germany,25,Female,Pending,No,6.1,0
CUST_100747,Nancy Lopez,nancy.20@gmail.com,6807429151,2022-05-20,585.75,Toys,3,Germany,39,Unknown,Shipped,Yes,24.19,0
CUST_100021,Richard Brown,Unknown,7399078244,2021-10-06,104.98,Electronics,3,Japan,28,Male,Delivered,Yes,26.55,0
CUST_100459,Sandra Moore,Unknown,8264118496,2021-04-23,618.0,Unknown,2,Germany,70,Female,Shipped,No,36.87,0
CUST_101184,Emma Hernandez,Unknown,5194702305,2019-07-06,318.63,Books,3,United States,54,Female,Delivered,Yes,18.65,0
CUST_100955,Helen Martin,helen.12@outlook.com,5662451208,2023-05-22,385.2,Books,5,United States,46,Male,Cancelled,Yes,49.97,0
CUST_101215,Susan Thomas,susan.56@hotmail.com,5985494664,2020-08-05,783.1,Automotive,1,France,41,Male,Pending,Yes,6.87,0
CUST_101515,Donna Anderson,donna.47@hotmail.com,7452086206,2021-10-15,49.59,Clothing,4,Canada,60,Female,Unknown,Yes,26.55,0
CUST_100769,Maria Davis,maria.65@outlook.com,4361666198,2019-08-29,346.85,Home & Garden,3,United Kingdom,41,Male,Delivered,Yes,36.95,0
CUST_101685,Emma Jones,emma.90@outlook.com,1163816296,2022-04-14,23.71,Sports,3,France,39,Female,Cancelled,Yes,26.47,1
CUST_100130,Daniel Thomas,daniel.33@outlook.com,Unknown,2024-11-01,724.48,Sports,5,United Kingdom,71,Male,Pending,Yes,20.82,0
CUST_101482,Lisa Miller,lisa.99@yahoo.com,8601818101,2024-03-14,739.44,Toys,3,France,73,Female,Cancelled,No,41.94,1
CUST_100330,Susan Moore,susan.24@hotmail.com,Unknown,2022-07-09,291.15,Automotive,1,France,51,Male,Pending,Yes,22.88,0
CUST_101238,Thomas Thomas,Unknown,2918519138,2022-06-18,385.2,Electronics,3,United Kingdom,37,Female,Pending,No,9.75,0
CUST_100466,Sandra Moore,sandra.52@gmail.com,1984648763,2021-10-13,153.3,Unknown,4,United States,32,Male,Pending,No,41.1,0
CUST_101638,Mark Jones,Unknown,3192886263,2024-02-29,350.48,Electronics,4,Unknown,50,Male,Shipped,No,27.07,0
CUST_101095,Susan Gonzalez,Unknown,7654588069,2019-08-29,81.61,Electronics,4,United Kingdom,50,Male,Shipped,No,20.28,0
CUST_101130,Thomas Williams,Unknown,4935541727,2020-11-25,561.75,Sports,3,Australia,52,Female,Cancelled,No,21.68,0
CUST_101294,James Jackson,james.17@company.com,1176087449,2024-04-12,344.56,Books,3,Canada,59,Male,Pending,Yes,11.39,0
CUST_100860,James Anderson,Unknown,8792564543,2021-04-16,380.73,Clothing,2,Australia,61,Female,Cancelled,Yes,26.55,0
