Customer ID,Full Name,Email Address,Phone Number,Registration Date,Purchase Amount,Product Category,Satisfaction Score (1-5),Country,Customer Age,Gender,Order Status,Discount Applied,Shipping Cost
CUST_101181,Donald Brown,john.smith@gmail.com,400-349-6385,10/20/2024 0:00,,Books,3,Australia,71,Female,Shipped,Yes,46.49
CUST_100069,David Garcia,david.35@yahoo.com,553-853-5544,10/27/2020 0:00,415.43,Electronics,1,can,77,Male,Cancelled,Yes,12.88
CUST_100351,Robert Wilson,robert.50@gmail.com,543-878-3553,10/13/2021 0:00,($60.81),Automotive,1,United Kingdom,37,Male,Delivered,No,12.28
CUST_101163,Donna Moore,donna.92@,(179) 342-4343,3/23/2019 0:00,341.33,Books,5,United Kingdom,43,Female,,No,35.68
CUST_100429,Carol Davis,carol.43@yahoo.com,(808) 440-4666,11/6/2023 0:00,129.95,Sports,-5,FR,45,Female,Pending,Yes,48.93
CUST_101930,Lisa Gonzalez,lisa.61@,842-425-1716,12/27/2019 0:00,595.05,Sports,1,Australia,33,Female,Cancelled,Yes,11.73
CUST_100239,Carol Garcia,carol.49@hotmail.com,454-901-7616,10/14/2020 0:00,449.46,Automotive,4,Australia,25,Female,Shipped,No,35.9
CUST_101749,Sandra Taylor,sandra.60@,784-419-4420,9/28/2018 0:00,569.65 USD,Automotive,1,United Kingdom,60,Male,Pending,No,7.82 USD
CUST_100855,Betty Williams,betty.11@yahoo.com,775-680-1515,3/9/2024 0:00,385.60 USD,Automotive,3,FR,60,Female,Cancelled,Yes,
CUST_100464,Sarah Miller,sarah.92@gmail.com,979-251-7169,8/4/2021,,Sports,3,,79,Male,SHIPPED,Yes,26.58
CUST_101936,Matthew Jones,,549-125-8217,7/5/2018 0:00,402.65,Sports,2,FR,62,Female,Pending,No,11.11
CUST_101566,Matthew Hernandez,matthew.30@company.com,114-784-2060,11/27/2021 0:00,555.17,Clothing,2,Germany,77,Female,Pending,Yes,
CUST_100701,Ruth Rodriguez,  user68@gmail.com  ,,2/4/2018 0:00,163.92,Home & Garden,3,Australia,69,Male,Delivered,Yes,15.87
CUST_100602,Jennifer Martinez,jennifer.76@gmail.com,214-199-1223,5/11/2021 0:00,352.09,CLOTHING,5,UK,73,Male,Delivered,No,49.63
CUST_101787,John Miller,john.27@gmail.com,907-550-8548,2/28/2022 0:00,313.42,Electronics,3,Canada,54,Male,Pending,No,38.43
CUST_100231,Steven Johnson,steven.38@,613-625-9956,4/8/2018 0:00,148.59,Boks,1,USA,62,Female,Shipped,Yes,27.74
CUST_101713,James Gonzalez,john.smith@gmail.com,356 289 5933,8/27/2024 0:00,340.38,Toys,3,UK,51,Female,Shipped,Yes,24.68
CUST_100561,Jennifer Gonzalez,jennifer.71@yahoo.com,290-511-6808,12/22/2019 0:00,11.79,,1,United Kingdom,47,Female,Delivered,No,43.68
CUST_100433,Daniel Martin,user433@,328-365-2895,8/20/2019,207.81,Toys,5,JP,131,Female,Shipped,Yes,38.16 EUR
CUST_101712,William Gonzalez,william.70@hotmail.com,389-729-2724,12/5/2018 0:00,"$2,458.00 ",Electronics,3.5,Japan,78,Male,Cancelled,Yes,17.7
CUST_101329,Maria Moore,maria.53@gmail.com,168-458-4703,6/21/2022 0:00,724.16,Electronics,3,,69,Female,Delivered,Yes,
CUST_100519,Anthony Anderson,anthony.90@gmail.com,327-487-2720,,106.12,Books,5,FR,69,Male,Pending,No,
CUST_100438,Robert Lopez,john.smith@gmail.com,704-648-4110,6/16/2021 0:00,123.81,Electronics,3,France,68,Male,Cancelled,No,14.78
CUST_101933,Maria Martinez,maria.96@,157-500-7226,12/21/2021 0:00,12.02,,3,CAN,54,Female,Cancelled,Yes,39.03
CUST_100111,Anthony Martinez,user111@,425-798-6613,9/2/2022 0:00,446.3,Electronics,5,AUS,43,Male,Delivered,Yes,21.78 USD
CUST_100196,Steven Williams,  user446@gmail.com  ,,6/22/2018 0:00,542.64,Sports,4,DE,27,Male,Shipped,No,48.76
CUST_100056,Robert Thomas,robert.59@outlook.com,597-128-3340,9/11/2023 0:00,345.4,Automotive,4,France,19,Female,Delivered,No,33.67
CUST_101285,NANCY THOMAS,nancy.34@company.com,654-719-3487,9/15/2021 0:00,459.01,Clothing,8,US,66,Male,Delivered,,$45.42 
CUST_101573,Karen Garcia,karen.90@yahoo.com,619-168-5447,2/18/2021 0:00,705.27,Toys,2,DE,64,Female,Cancelled,No,35.47
CUST_101351,Susan Hernandez,,907-356-2970,11/8/2023 0:00,466.58,Home & Garden,2,,39,Male,Shipped,No,18.03
CUST_100324,Thomas Jones,user324@invalid,723-699-8354,2/22/2020 0:00,,Sports,-1,Australia,37,Female,Shipped,FALSE,
CUST_101959,Betty Taylor,,228-960-6782,6/16/2024 0:00,342.74 USD,,4,DE,N/A,Female,Cancelled,No,24.63
CUST_101956,Jennifer Smith,jennifer.72@yahoo.com,476-857-1343,7/18/2019 0:00,445,HOME & GARDEN,1,USA,63,Female,Cancelled,Yes,31.34
CUST_101487,Lisa Johnson,lisa.92@gmail.com,805-896-4042,9/25/2027,"$3,876.00 ",Automotive,1,DE,21,Female,Cancelled,No,35.3
CUST_100727,Sarah Jones,sarah.28@yahoo.com,187 683 1735,1/9/2022 0:00,657.74,Clothing,,UK,55,Male,Delivered,,48.81
CUST_101318,Thomas Moore,thomas.29@,729-480-3718,3/5/2024,505.14,Automotive,3.1,United States,76,Female,Delivered,No,32.67
CUST_101204,James Miller,james.88@company.com,851-287-9345,3/7/2021 0:00,360.43,Clothing,4,US,43,Female,Shipped,No,32.76
CUST_100744,Thomas Davis,,,5/24/2021 0:00,532.86,Electronics,2,FR,67,Female,Shipped,N,12.01
CUST_100543,John Williams,,731-294-1119,11/30/2020 0:00,133.95,Electronics,4,de,59,Female,delivered,No,9.63
CUST_101053,Anthony Jones,anthony.20@company.com,814-431,4/6/2019,402.11,Toys,3,Japan,44,Male,Pending,no,25.02
CUST_100070,Donna Wilson,donna.32@outlook.com,986-269-1406,10/23/2019 0:00,570.22,Books,Bad,USA,49,Female,Shipd,Yes,38.75
CUST_100029,Jennifer Martin,jennifer.52@gmail.com,706-364-4954,12/14/2018 0:00,304.19,Clothing,5,United Kingdom,79,Female,pending,No,11.08
CUST_101326,Anthony Miller,anthony.55@outlook.com,105-419-4074,10/11/2021 0:00,568.55,Sports,5,DE,55,Male,Cancelled,Yes,36.91
CUST_100210,JENNIFER MARTIN,jennifer.49@,881-730-4098,9/16/2019 0:00,568.62,Electronics,1,FR,23,Male,Shipped,Yes,
CUST_101361,Ruth Williams,john.smith@gmail.com,,7/10/2022 0:00,95.69,Home & Garden,3,FR,49,Male,Cancelled,no,49.03
CUST_101463,Richard Williams,richard.27@outlook.com,9327298454,5/6/2021 0:00,578.07,Electronics,2,US,67,Female,Cancelled,NO,12.91
CUST_101915,Matthew Martinez,matthew.84@gmail.com,142-812-8358,12/11/2018 0:00,773.68,Automotive,4,CAN,75,Female,Pending,No,36.5
CUST_101629,John Miller,user1629@invalid,650-478-8178,1/27/2022 0:00,272.79,Electronics,4,FR,34,Male,Shipped,No,17.58
CUST_101992,Richard Jackson,,199-873-1645,3/7/2023 0:00,397.14,Automotive,5,,,Female,,No,40.14
CUST_101303,Anthony Brown,anthony.95@outlook.com,,7/23/2020 0:00,358.91,Electronics,1,France,64,Male,Shipped,No,13.07
CUST_101575,Matthew Johnson,matthew.50@,917-157-8317,15-10-2021,642.86,Toys,3,France,64,Male,Shipped,No,$9.28 
CUST_101681,Sandra Moore,sandra.55@outlook.com,509-978-2639,,714.34,Sports,1,CAN,35,Female,Shipped,No,49.46
CUST_100630,Donna Rodriguez,donna.46@,398-140-3427,11/5/2023 0:00,333.06,Electronics,1,,79,Female,Shipped,No,25.06
CUST_101635,Daniel Gonzalez,daniel.47@hotmail.com,936-398-1358,2/1/2023 0:00,,Clothing,2,Germany,10,Female,Shipped,Yes,23.71
CUST_100519,Anthony Anderson,anthony.90@gmail.com,327-487-2720,,106.12,Books,5,FR,69,Male,Pending,No,
CUST_101347,LISA DAVIS,lisa.96@company.com,463-419-9552,2/17/2021 0:00,242.9,Sports,3,Australia,44,Female,Cancelled,No,48.24
CUST_100128,Robert Moore,robert.94@outlook.com,137-387-9074,6/2/2024 0:00,573.55,Sports,2,DE,34,Male,Shipped,Yes,31.27
CUST_100903,Richard Martinez,richard.58@gmail.com,205-129-4670,19-Sep-23,56.21,Electronics,1,CAN,33,Female,Delvered,Yes,
CUST_101315,Helen Thomas,helen.67@gmail.com,866-995-9963,1/9/2022 0:00,$251.76 ,Toys,8,united states,43,Male,Cancelled,No,28.31
CUST_101129,Maria Lopez,maria.36@,493-607-1308,1/21/2018 0:00,750.63,Home & Garden,4,US,59,Male,shipped,Yes,24.46
CUST_101686,James Martinez,james.64@outlook.com,,3/20/2024 0:00,$451.44 ,Electronics,1,DE,44,F,Shipped,No,$44.32 
CUST_100976,Jennifer Garcia,jennifer.83@yahoo.com,380-998-9927,10/29/2021 0:00,44.75,Books,4,UK,30 years,Female,Shipped,Yes,46.87
CUST_100781,Betty Johnson,user781@invalid,785-365-4015,9/6/2022 0:00,339.18,Toys,5,USA,49,male,Shipped,No,46.55
CUST_101375,Jennifer Anderson,,700-839-7000,12/13/2026,253.9,Home & Garden,3,Australia,N/A,Male,Delivered,Yes,33.75
CUST_100124,Carol Hernandez,,,5/5/2023 0:00,705.47,Books,5,CAN,44,Female,Delivered,Yes,6.06
CUST_100254,Lisa Smith,lisa.17@gmail.com,309-500-2043,5/5/2018,325.24,Clothing,2,United States,61,Male,Shipped,No,16.4
CUST_100930,Thomas Anderson,  user177@gmail.com  ,268-802-6032,2/26/2018 0:00,,Home & Garden,3,,79,male,Delivered,No,6.55
CUST_100220,Emma Anderson,emma.45@outlook.com,753-909-1599,4/18/2020 0:00,165.83,Books,2,Canada,27,Female,Delivered,Yes,33.19
CUST_100100,Sandra Thomas,sandra.73@hotmail.com,533-668-8401,,127.56,Clothng,4,USA,26,Male,Shipped,Yes,
CUST_101804,Ruth Martin,,874-491-4312,,"$4,713.00 ",Toys,5,Australia,19,Male,Shipped,Yes,29.43
CUST_100374,Michael Wilson,michael.34@,759-828-7297,7/18/2024 0:00,254.43,Electronics,2,aus,79,Female,Shipped,No,15.57
CUST_100420,"  Anthony Jones  	",anthony.35@company.com,189-408-9990,12/11/2020 0:00,197.1,Toys,3,Australia,24,Female,Shipped,Yes,39.87
CUST_101554,"  Maria Hernandez  	",maria.13@gmail.com,833-262-5992,9/6/2019 0:00,,Automotive,5,CAN,65,Female,Delivered,No,47.69
CUST_101844,nancy johnson,user1844@invalid,683-917-9322,,783.48,Electronics,1,Japan,68,Male,Delivered,No,34.49
CUST_100968,Anthony Williams,anthony.17@,827-441-9484,9/27/2020 0:00,616.69,Home & Garden,3,United States,31,Male,Shipped,Yes,33.48
CUST_101447,Sandra Smith,sandra.61@yahoo.com,791-940-8875,N/A,487.42,Clothing,2,Japan,,Male,delivered,No,30.46
CUST_100649,Donna Johnson,donna.45@yahoo.com,121-417-3669,,554.74,Automotive,3,France,64,Male,delivered,Yes,
CUST_101944,Betty Anderson,betty.24@yahoo.com,800-339-1096,N/A,367.08,,2,Germany,64,Female,Shipped,No,$21.13 
CUST_935650,Mark Taylor,  user270@gmail.com  ,928-607-8144,2/23/2021 0:00,400.19,Cloth,5,United Kingdom,123,Male,Pending,Yes,49.79
CUST_101593,Sandra Rodriguez,sandra.38@yahoo.com,604-746-3892,N/A,769.75,Electronics,4,USA,59,Female,Delivered,Yes,8.62
CUST_101968,"  Maria Hernandez  	",maria.94@hotmail.com,211.655.8410,3/19/2019 0:00,53.14,Books,3,United Kingdom,52,Female,Cancelled,,
CUST_101555,Susan Johnson,user1555@,550-789-5831,3/23/2019 0:00,594.82,Books,4,Japan,65,Female,Cancelled,No,32.73
CUST_100548,Mark Garcia,mark.56@company.com,279-176-7013,4/12/2022 0:00,673.78,Automotive,5,Australia,20,Male,Cancelled,No,26.45
CUST_100233,Robert Davis,robert.48@yahoo.com,(173) 468-1627,9/29/2021 0:00,304.76,Sports,4,Germany,71,Male,Pending,Yes,7.31
CUST_101165,Steven Williams,steven.28@company.com,,10/26/2023 0:00,461.4,Home & Garden,2,Japan,74,Male,,No,
CUST_101552,Mark Hernandez,mark.48@company.com,395.126.4621,7/23/2021 0:00,$763.71 ,,5,AUS,57,MALE,cancelled,Yes,
CUST_100680,James Smith,james.71@outlook.com,499-557-8838,1/30/2024 0:00,390.29,Books,2,France,18,Male,Shipped,No,40.69
CUST_100614,Daniel Gonzalez,user614@invalid,828-358-6690,3/13/2023 0:00,322.29,Clothing,4,,29,Female,Shipped,FALSE,17.73
CUST_100861,Helen Wilson,,217-322-1483,,688.02,Toys,3,US,,Female,Pending,Yes,21.64
CUST_100414,Michael Taylor,michael.81@hotmail.com,339-721-8938,8/19/2019 0:00,517.08,Electronics,4,United States,70,Female,PENDING,No,46.96
CUST_101169,Mark Wilson,mark.18@hotmail.com,401-736-1510,10/24/2021 0:00,400.93,Clothing,2,US,60,Male,,TRUE,
CUST_101419,Anthony Moore,anthony.17@outlook.com,,1/19/2024 0:00,($63.51),Sports,2,France,55,Male,Delivered,TRUE,6.38
CUST_101132,charles lopez,,776-412-1512,4/25/2023 0:00,80.5,Sports,4,AUS,42,Female,Delivered,Yes,
CUST_100065,Lisa Jones,,783-559-3440,8/16/2022 0:00,416.07,Sports,3,Germany,30 years,Female,Delivered,,34.12
CUST_101701,Richard Hernandez,richard.53@hotmail.com,147-652-7177,N/A,776.66,Home & Garden,4,Japan,30,Male,Cancelled,Yes,30.71
CUST_101625,Helen Rodriguez,USER1625@GMAIL.COM,823-598-5093,12/23/2018 0:00,463.85,Books,4,US,37,Male,Cancelled,Yes,30.1
CUST_100297,Thomas Miller,thomas.76@yahoo.com,257-551-6866,1/22/2024 0:00,527.27,Electronics,3,FR,48,Female,Pending,TRUE,40.8
CUST_101726,Lisa Rodriguez,john.smith@gmail.com,290-361-6586,11/5/2018,682.58,Books,1,DE,77,Female,Shped,Yes,$33.65 
CUST_101619,Steven Taylor,steven.22@yahoo.com,482-124-6273,10/30/2023 0:00,685.42,Toys,2,AUS,33,Female,Delivered,No,19.66
CUST_100478,David Rodriguez,david.97@outlook.com,863-196-3967,3/5/2024 0:00,393.62,Home & Garden,2,Canada,29,Male,Pending,Yes,35.24
CUST_100529,Michael Johnson,michael.11@,853-373-1866,7/11/2021 0:00,287.91,Books,5,,71,Female,Cancelled,No,
CUST_101113,Jane Lopez,jane.31@company.com,178-356-9907,7/20/2018 0:00,720.6,Home & Garden,2,France,25,Male,Pending,Yes,42.14 USD
CUST_100188,Thomas Hernandez,,143-607-4594,6/10/2022 0:00,235.04,Electronics,2,Japan,61,Male,,No,17.9
CUST_101128,Helen Anderson,helen.76@,186-161-5572,26-03-2024,425.04,Automotive,5,DE,48,Female,Cancelled,Yes,21.92
CUST_100654,Daniel Garcia,,240-844-1193,,328.36,Sports,1,CAN,45,Male,Cancelled,Yes,38.49
CUST_101424,Helen Martin,helen.30@,6818693286,1/16/2023 0:00,654.52,Clothing,3,USA,19,Male,Pending,No,27.78
CUST_100298,Charles Thomas,charles.62@outlook.com,8311359721,10/16/2019 0:00,344.79,Toys,2.7,FR,63,Female,Cancelled,No,22.89
CUST_100211,Robert Hernandez,robert.92@outlook.com,401-908-3434,2/26/2021 0:00,713.99,Automotive,,,25,Female,Delivered,No,33.89
CUST_100904,Sandra Hernandez,sandra.52@outlook.com,,7/29/2022 0:00,794.87,Automotive,4,,68,Female,Cancelled,Yes,8.99
CUST_100480,Nancy Martinez,nancy.94@gmail.com,228-201-6328,9/19/2022 0:00,80.1,Automotive,4,United States,54,Female,Shipped,Yes,48.34
CUST_101460,Mark Wilson,,644-877-7282,9/16/2024 0:00,450.16,,5,Japan,43,Male,Delivered,yes,21.62
CUST_101511,"  Emma Moore  	",emma.13@hotmail.com,316-213-5740,6/3/2024 0:00,$308.28 ,Home & Garden,5,JP,53,Female,Delivered,No,
CUST_100819,Nancy Hernandez,nancy.97@company.com,329-619-5646,4/10/2019 0:00,576.62,Electronics,1,AUS,62,Male,Shipped,No,34.73
CUST_100212,"  Robert Rodriguez  	",robert.58@outlook.com,154-744-5588,3/14/2022 0:00,789.49,Home & Garden,2,USA,41,Female,Delivered,Yes,33.39
CUST_101870,David Wilson,david.97@gmail.com,933-938-8292,11/25/2022 0:00,767.53,Automotive,5,FR,50,male,Delivered,No,46.83
CUST_101407,Thomas Martinez,thomas.51@yahoo.com,746-290-8785,11/4/2018 0:00,764.72,Clothing,5,DE,23,Male,Cancelled,Yes,13.9
CUST_100584,Jennifer Moore,jennifer.29@company.com,(539) 353-3498,10/26/2019 0:00,711.73,Sports,1,Germany,70,Male,,No,32.3
CUST_101615,Michael Thomas,michael.11@company.com,156-518-6793,8/10/2019 0:00,615.65,Books,3,Japan,71,Male,DELIVERED,,13.45
CUST_100780,Charles Davis,user780@invalid,829-562-7876,9/15/2018 0:00,499.2,Clothing,3,France,58,Male,Delvered,,37.84
CUST_101509,Susan Jones,susan.28@outlook.com,484-650-3157,6/29/2020 0:00,33.18,Home & Garden,2,Germany,29,Male,Delivered,Yes,33.67
CUST_101337,Jennifer Williams,  user19@gmail.com  ,701-760-7274,5/20/2022 0:00,659.99,Books,3,USA,46,Male,Delivered,Yes,26.05
CUST_101461,Maria Gonzalez,maria.92@company.com,181-253-1113,10/24/2020 0:00,89.00 USD,Toys,5,United Kingdom,43,Male,Shipped,1,25.45
CUST_101846,Nancy Miller,nancy.65@outlook.com,700-422-1111,3/11/2024 0:00,714.77,Home & Garden,4,France,70,Female,Shipped,No,26.53
CUST_101502,Daniel Garcia,daniel.98@,453-185-4400,8/28/2024 0:00,150.75,SPORTS,3,DE,52,Female,Cancelled,No,37.98 USD
CUST_101106,William Brown,william.82@,(110) 332-7767,10/30/2021 0:00,28295.54551,Electronics,1,USA,33,Male,Delivered,No,21.47
CUST_101000,Steven Miller,steven.70@,430-923-3280,8/3/2022 0:00,239.07,Books,4,Australia,67,Male,Shipped,Yes,26.4
CUST_101247,Betty Thomas,user1247@,960-337-5786,1/22/2020 0:00,263.92,Home & Garden,5,United States,45,Male,Pending,No,7.48
CUST_101693,Maria Rodriguez,,212-905-3660,1/1/2024 0:00,283.92,Books,,Germany,,Male,Delivered,Yes,30.7
CUST_101919,John Miller,,271-857-5202,10/1/2022 0:00,669.54,Clothing,3,France,31,Male,Pending,Yes,7.92
CUST_100741,James Johnson,,613-628-9573,5/27/2023 0:00,179.7,,1,United Kingdom,39,Female,Delivered,No,12.75
CUST_101022,Steven Lopez,steven.64@outlook.com,418-836-1105,1/5/2020 0:00,$648.57 ,Home & Garden,2,United States,38,Female,Shipped,Y,43.52
CUST_101833,John Davis,john.15@gmail.com,688-956-1871,7/21/2019 0:00,547.38,,-5,FR,78,Female,Cancelled,No,24.08
CUST_100834,Donna Wilson,donna.86@company.com,308-195-2528,11/7/2022 0:00,$717.87 ,Home & Garden,2,France,77,Male,Cancelled,Yes,24.06
CUST_100746,Sarah Lopez,,-3673,5/19/2018 0:00,295.47,,3,Australia,23,Female,Cancelled,Y,
CUST_100532,Ruth Martinez,user532@,4629178678,4/4/2022 0:00,$23.22 ,,5,United Kingdom,34,Male,Cancelled,Yes,9.76
CUST_101055,John Martin,john.90@company.com,,12/26/2023 0:00,468.37 USD,Sports,5,France,61,Female,Pending,Yes,44.23
CUST_101381,Robert Brown,robert.67@hotmail.com,805-617-7705,3/17/2023 0:00,101.88,Clothing,3,US,76,Male,Shipped,Yes,$8.55 
CUST_101810,Maria Jones,user1810@invalid,177-303-2529,8/1/2022 0:00,($90.44),Books,,JP,36,Female,Cancelled,No,29.88 EUR
CUST_100099,Michael Williams,michael.63@yahoo.com,272-900-5016,3/21/2020 0:00,93.57,,1,UK,55,Male,Pending,,30.49
CUST_101617,Matthew Hernandez,  user145@gmail.com  ,,1/15/2019 0:00,327.92,Electronics,1,Canada,77,Female,Delivered,Yes,49.63
CUST_100184,Robert Hernandez,robert.77@company.com,449-293-8794,10/17/2021 0:00,440.45 USD,Clothing,4,can,59,Male,Pending,Yes,32.11
CUST_101455,Ruth Williams,ruth.97@gmail.com,786-511-7921,10/11/2019 0:00,266.28,Clothing,1,USA,34,Male,Cancelled,Yes,5.38
CUST_100544,Lisa Jackson,lisa.23@,819-647-6653,11/22/2019 0:00,642.16,Electronics,2,CAN,39,Male,Pending,No,$36.77 
CUST_100581,Matthew Martin,matthew.26@gmail.com,342-153-6605,2/17/2021 0:00,710.45,Home & Garden,5,Australia,,Male,Delivered,No,27.61
CUST_101114,Betty Wilson,betty.33@company.com,-8521,11/29/2019 0:00,$272.30 ,Sports,1,Australia,34,Male,Cancelled,No,$31.81 
CUST_101170,donald jackson,user1170@invalid,1453973458,,550.04,Books,4,United States,44,Male,Cancelled,Yes,42.7
CUST_100494,Donna Jackson,user494@,657-275-7931,9/12/2020 0:00,($91.78),Books,1,FR,49,Male,Pending,No,34.02
CUST_100495,Jennifer Williams,  user316@gmail.com  ,773-100-5068,10/8/2024 0:00,142.04,HOME & GARDEN,1,united states,69,Male,Delivered,FALSE,16.46
CUST_100555,MARIA WILSON,,-10615,21-Nov-22,233.12,Toys,Good,Australia,25,Female,Cancelled,Yes,14.81
CUST_100552,Emma Jackson,emma.87@gmail.com,971-884-2931,N/A,744.24,Automotive,3,UK,52,Male,Delivered,N,47.02 USD
CUST_101754,Thomas Jackson,thomas.50@outlook.com,761-529-7406,7/17/2024 0:00,543.35,Home & Garden,2,Germany,37,Female,Delivered,No,44.71
CUST_100450,Matthew Thomas,matthew.97@outlook.com,833.315.4687,7/22/2020 0:00,179.86,Books,1,Australia,80,F,Cancelled,No,30.74
CUST_100289,Betty Jackson,john.smith@gmail.com,110-356-2878,11/4/2022 0:00,,Toys,5,USA,22,Male,Cancelled,Yes,
CUST_101664,John Martinez,john.73@hotmail.com,653-456-2134,3/22/2018 0:00,315.91,Sports,2,United States,22,Male,Delivered,FALSE,
CUST_100650,Jennifer Lopez,jennifer.34@hotmail.com,937-503-4077,11/24/2026,276.44,Automotive,1,Canada,80,Female,Shipped,No,7.21
CUST_100281,CHARLES MARTINEZ,charles.14@hotmail.com,521-880-2986,1-Mar-22,,Sports,,France,63,male,Shipped,Yes,38.02
CUST_100247,Donna Brown,donna.16@yahoo.com,691-994-3102,2/21/2020 0:00,391.89 USD,Clothing,6,AUS,69,Female,Cancelled,Yes,13.78
CUST_100990,Donald Martin,donald.91@,105-540-6771,,149.52,Books,4,FR,38,Male,Shipped,No,36.22
CUST_101084,Steven Johnson,USER1084@GMAIL.COM,733-158-9944,2/19/2020,492.31,Books,4,Germany,21,Male,Cancelled,No,$47.03 
CUST_100932,MARIA MARTINEZ,user932@,997.209.2805,8/15/2019 0:00,467.47,Clothing,3,FR,29,Male,Delivered,Yes,49.62
CUST_100873,Jane Smith,jane.94@yahoo.com,939-165-8363,11/21/2023 0:00,467.97,Electronics,1,France,33,Male,Delivered,No,19.09
CUST_101401,William Martinez,william.78@yahoo.com,494-259-9813,10/21/2020 0:00,456.84,Electronics,4,United States,24,Male,Shipped,Yes,15.14
CUST_100733,Thomas Lopez,thomas.47@,819-790-2595,9/2/2019 0:00,$519.96 ,Electronics,2,Germany,72,Female,Pending,No,28.83
CUST_100251,Donald Anderson,user251@,807-650-5909,5/7/2019 0:00,$435.74 ,Clothing,2,,47,Female,Shipped,YES,22.47
CUST_100453,Lisa Gonzalez,lisa.57@company.com,775-968-3608,11/23/2026,730.12,Toys,4,United States,55,Male,Shipped,No,35
CUST_100237,Betty Jones,betty.52@,241-975-9898,7/7/2023 0:00,790.66,Home & Garden,5,France,37,Male,Shipped,No,12.04
CUST_101637,William Gonzalez,william.70@,469-891-8304,2/23/2019 0:00,225.48,Books,2,Canada,72,Male,Pending,Yes,36.04
CUST_100381,James Wilson,james.80@hotmail.com,375-866-4432,,703.41,Sports,2,AUS,,Female,Pending,Yes,37.57
CUST_100514,John Wilson,john.71@hotmail.com,800-661-7664,2/16/2019 0:00,106.43,Clothing,2,FR,35,,Cancelled,Yes,
CUST_101720,Anthony Miller,anthony.76@yahoo.com,955-913-4896,7/26/2019 0:00,564.36,Home & Garden,2,Australia,35,Male,Cancelled,No,18.55
CUST_100588,Thomas Brown,thomas.74@gmail.com,929-205-9230,6/30/2023 0:00,,Toys,1,France,63,Male,Delivered,No,36.54
CUST_101523,Ruth Anderson,ruth.51@gmail.com,734.615.2319,8/29/2023,383.26,Electronics,Good,USA,75,Female,Shipped,Yes,38.06
CUST_100620,Karen Johnson,karen.97@,507-606-9723,11/11/2022 0:00,622.65,SPORTS,3,Australia,76,Female,Shipped,No,
CUST_101067,Sandra Smith,,-9234,1/11/2024 0:00,322.44,Sports,3,Germany,22,Female,Pending,Yes,16.45
CUST_101798,Betty Gonzalez,betty.60@hotmail.com,858-510-6710,,182.65,Home & Garden,2,Japan,40,Female,Shipped,No,27.53
CUST_100845,"  Daniel Gonzalez  	",daniel.51@hotmail.com,693-987-2694,1/16/2018 0:00,339,Clothing,4,US,122,Male,Shipped,Yes,39.94
CUST_101078,Matthew Garcia,matthew.46@hotmail.com,152-715-9856,10/15/2021 0:00,391.05,,1,CAN,,Male,Cancelled,No,49.84
CUST_101189,J@m3s Mill3r,james.49@hotmail.com,781-241-5264,8/31/2023 0:00,,Toys,5,United States,43,Female,Delivered,No,
CUST_100964,Daniel Jones,daniel.60@,853-443-8415,7/12/2022 0:00,228.99,Clothing,,Germany,43,Male,Cancelled,No,35.05
CUST_100808,William Wilson,william.48@yahoo.com,818-735-2625,12-Apr-21,31.26,Home & Garden,1,USA,46,Male,Delivered,No,15.96
CUST_100607,Karen Lopez,karen.78@hotmail.com,(208) 233-2971,7/27/2019 0:00,725.23,Home & Garden,5,Australia,63,Female,Delivered,Yes,48.41
CUST_100712,Donna Gonzalez,,949-364-9222,12/4/2018 0:00,429.64,Electronics,3,JP,62,,Delivered,Yes,32.71
CUST_101004,Mark Gonzalez,mark.11@outlook.com,484-901-8158,8/27/2020 0:00,466.19,Home & Garden,3,AUS,N/A,Female,,No,47.68
CUST_101847,susan brown,susan.43@company.com,154-829-6871,N/A,($86.37),Books,2,DE,31,Male,Delivered,No,44.3
CUST_100121,Anthony Johnson,anthony.64@gmail.com,466-496-3903,10/5/2020 0:00,576.75,Books,3,Germany,74,Male,Delivered,Yes,21.71
CUST_101679,Sus@n Gonz@l3z,,361-620-2834,10/27/2023 0:00,779.77,Sports,5,USA,47,Female,Pendng,Yes,37.23
CUST_100535,Anthony Gonzalez,anthony.28@,189-412-7660,9/22/2018 0:00,595.13,Toys,5,JP,34,Male,Delivered,No,36.03
CUST_101331,Jennifer Brown,john.smith@gmail.com,988-536-6009,6/26/2021 0:00,225.16,Toys,3,France,57,Female,Pending,No,27.17
CUST_100367,sandra garcia,sandra.57@,766-494-7947,,,,,US,72,Female,Cancelled,Yes,23.77
CUST_101290,Helen Brown,helen.77@gmail.com,771-690-8723,2/19/2020 0:00,178.13 USD,Toys,5,United States,54,Female,Shipped,Yes,
CUST_101584,charles anderson,charles.77@company.com,-10396,4/15/2018 0:00,657.59,Books,Good,Canada,79,Male,Pending,Yes,48.43
CUST_100998,Lisa Martinez,,200-367-5948,2/1/2019 0:00,,Automotive,2,United Kingdom,49,Male,Shipped,Yes,32.47
CUST_100115,Lisa Davis,  user357@gmail.com  ,236-761-1033,9/19/2024 0:00,$678.20 ,Books,5,,22,Male,Cancelled,No,5.68
CUST_101607,Anthony Davis,anthony.22@gmail.com,972-261-3574,10/12/2023 0:00,610.28,Automotive,1,Australia,79,Male,Shipped,No,39.83
CUST_101314,Nancy Hernandez,,741-922-9594,,473.14,Books,1,FR,38,Female,Cancelled,Yes,41.75
CUST_100361,Steven Davis,steven.38@hotmail.com,525-504-7113,1/4/2024 0:00,313.38,Electronics,4,CAN,80,Female,Pending,No,33.6
CUST_100856,Steven Johnson,steven.20@hotmail.com,(451) 455-8928,10/27/2021 0:00,,Sports,Bad,France,20,Female,Pending,No,24.93
CUST_101742,J@n3 J@ckson,jane.45@,979-733-4707,6/19/2024 0:00,349.09,Books,4,FR,77,MALE,Pending,Yes,6.33
CUST_100941,Karen Taylor,karen.12@outlook.com,2807085520,1/26/2021 0:00,18.03,Electronics,2,FR,32,Female,Shipped,Yes,$27.25 
CUST_100321,Thomas Johnson,thomas.93@yahoo.com,889-810-3177,7/22/2022 0:00,252.13,Clothing,4,DE,66,Male,Delivered,Yes,6.49
CUST_101893,Richard Miller,richard.55@,292-191-6031,4/2/2018 0:00,795.95,Sports,2,USA,49,Male,Delivered,Yes,11.81
CUST_101708,Emma Gonzalez,emma.38@company.com,652-474-2579,3/25/2020,,Sports,2,USA,30,Male,Delvered,Yes,6.77
CUST_101849,Jennifer Johnson,jennifer.31@outlook.com,847-265-4188,7/14/2021 0:00,693.23,Sports,4,US,38,Female,Pending,No,32.58
CUST_100486,Thomas Hernandez,thomas.11@company.com,909-767-3033,12/8/2018,138.15,Home & Garden,3,JP,41,Female,Delivered,Yes,16.72
CUST_100619,Richard Jones,richard.53@company.com,679-162-4116,5/3/2022 0:00,224.57,Books,5,US,2,Male,Delivered,No,7.81
CUST_100576,Robert Rodriguez,robert.28@company.com,831-230-6322,8/21/2018 0:00,513.38,Books,1,United Kingdom,35,Male,Pending,Yes,33.66
CUST_101469,Sandra Davis,sandra.44@company.com,283-400-6847,5/27/2018 0:00,412.02,Electronics,4,AUS,20,Male,Cancelled,No,15.69 USD
CUST_101317,William Garcia,william.14@,401-837-5441,12/25/2020 0:00,462.6,Automotive,3,Japan,77,Female,PENDING,Yes,5.49
CUST_101902,Jane Brown,jane.69@,607-311-1255,12/29/2021 0:00,,Toys,1,,19,Female,Delivered,No,16.9
CUST_100554,Michael Thomas,user554@,-9049,4/15/2021 0:00,292.53,Automotive,4,DE,29,Male,Shipped,Yes,23.39
CUST_100829,Lisa Brown,lisa.72@,751.499.3846,10/27/2019 0:00,350.53,Clothing,,Australia,45,Female,Pending,No,7.96
CUST_100120,John Williams,user120@,461-932-7166,N/A,635.3,Toys,3,Australia,24,male,Cancelled,,35.46
CUST_101820,David Garcia,david.62@yahoo.com,403.349.1340,11/30/2021 0:00,574.47,Books,Bad,United States,71,Female,Delivered,NO,38.63 USD
CUST_100275,Helen Miller,helen.31@hotmail.com,943-929-3869,11/19/2022 0:00,Free,Books,2,AUS,65,Female,,Yes,40.55
CUST_101473,Helen Moore,helen.25@hotmail.com,186 647 2549,5/19/2022 0:00,189.88,Toys,4,DE,30,Female,Shipped,,8.89 USD
CUST_974311,Thomas Brown,thomas.27@outlook.com,799-452-6773,23-03-2024,675.45,Clothing,5,Australia,N/A,Female,Shipped,No,27.76
CUST_101268,Mark Jones,john.smith@gmail.com,885-884-2039,5/1/2024 0:00,247.69,Sports,1,United Kingdom,34,Male,Shipped,No,
CUST_100530,EMMA MARTINEZ,USER530@GMAIL.COM,754-479-5081,1/27/2021 0:00,81.28,CLOTHING,2,DE,65,Female,Delivered,Yes,$24.35 
CUST_100785,Jane Thomas,jane.12@yahoo.com,902-264-8156,5/14/2021 0:00,166.4,Sports,2,USA,31,Male,Delivered,Yes,19.91
CUST_100135,Maria Wilson,maria.20@,166.230.5253,8/31/2019 0:00,661.55,Toys,1,,55,Female,Delivered,Yes,33.02
CUST_100382,James Williams,james.71@company.com,507-815-6047,2/17/2022 0:00,525.47,Home & Garden,4,AUS,67,Female,Cancelled,Yes,17.52
CUST_101456,Ruth Thomas,ruth.52@,410-535-5237,4/6/2018,365.67,Books,4,Japan,80,Male,Shipped,Yes,33.3
CUST_100483,Sarah Smith,sarah.79@outlook.com,817-120-7451,5/6/2023 0:00,442.73,Electronics,2,France,57,Female,Delivered,Yes,46.84
CUST_100617,Sandra Thomas,sandra.30@gmail.com,615-909-1358,2/19/2019 0:00,94.71,Sports,3,UK,39,Male,Cancelled,Yes,9.61
CUST_100368,Donald Anderson,user368@invalid,348-589-1565,3/26/2019 0:00,299.9,Books,1,Japan,73,Female,Cancelled,No,6.14
CUST_100692,Jennifer Anderson,jennifer.58@company.com,-8024,7/8/2023 0:00,181.54,Books,1,JP,75,Male,Pending,Yes,33.04
CUST_100788,Karen Anderson,karen.11@yahoo.com,,12/22/2020 0:00,,Sport,1,Germany,69,Male,Cancelled,N,32.47
CUST_100366,HELEN GONZALEZ,helen.91@outlook.com,600-750-7032,10/29/2019 0:00,138.71,Clothing,1,US,72,Male,Shipped,No,
CUST_100909,Charles Taylor,,903-144,N/A,42602.66947,Toys,3,USA,54,Female,,,12.19
CUST_100109,Ruth Moore,ruth.88@hotmail.com,842-669-5578,8/21/2020 0:00,393.98,Toys,1,United Kingdom,63,Female,Shipped,Yes,18.1
CUST_101905,Ruth Garcia,ruth.92@company.com,,3/12/2022 0:00,785.11,Books,2,AUS,64,Female,Pending,Yes,22.85 USD
CUST_100527,Ruth Rodriguez,ruth.27@hotmail.com,365-109-9414,3/27/2022 0:00,635.47,Books,3,United States,80,Male,Cancelled,No,31.73 USD
CUST_101299,Matthew Martin,matthew.33@gmail.com,745.185.2562,9/7/2022 0:00,386.54,TOYS,5,DE,72,,Pending,No,
CUST_100862,Karen Martin,karen.37@company.com,325-185-3073,N/A,199.32 USD,Toys,5,Japan,41,Female,Delivered,Yes,25.96
CUST_101705,William Martin,william.19@company.com,525-976-9793,11/17/2019 0:00,661.05,Automotive,1,France,64,Male,Delivered,No,49.82
CUST_100879,KAREN WILSON,karen.79@yahoo.com,898-421-3003,11/19/2018 0:00,242.18,AUTOMOTIVE,3,US,59,Male,Pending,,11.14 USD
CUST_100921,Matthew Martin,matthew.99@yahoo.com,176-606-1987,7/4/2024 0:00,58.84,Electronics,3,United Kingdom,18,Female,Shipped,No,
CUST_101395,Emma Jones,emma.97@hotmail.com,304-281-5832,8/16/2021 0:00,60.39,Automotive,1,France,80,Male,Cancelled,Yes,44.23 USD
CUST_100063,Susan Jackson,susan.73@company.com,953-720-3175,7/21/2020 0:00,778.07,Clothing,,United Kingdom,40,Female,Delivered,Yes,34.27
CUST_101040,Robert Jones,robert.31@outlook.com,134-760-8282,12/15/2023 0:00,580.46,Automotive,3,UK,36,Male,Cancelled,Yes,36.95
CUST_101824,John Thomas,john.92@hotmail.com,496-864-5284,7/26/2023 0:00,536.96,Books,2,Canada,65,Male,Pending,N,21.68
CUST_101547,Jennifer Rodriguez,jennifer.44@hotmail.com,-2848,12/12/2019,744.89,Sports,4,AUS,79,,Cancelled,No,43.99
CUST_101061,Nancy Taylor,nancy.16@gmail.com,530-165-2014,8/7/2020 0:00,458.16,Sports,3,DE,40,Female,Shipped,TRUE,$38.32 
CUST_100723,Lisa Williams,lisa.46@outlook.com,,10/20/2024,575.3,Home & Garden,1,UK,31,Female,Shipped,Yes,11.35
CUST_101659,David Gonzalez,david.32@hotmail.com,886-434-9722,12/28/2020 0:00,"$5,193.00 ",Electronics,4,CAN,56,Male,Delivered,Yes,35.77
CUST_101255,Richard Johnson,richard.45@outlook.com,984-600-7750,30-05-2021,720.08,Sports,2,,22,Female,Shipped,No,5.29
CUST_101200,William Jackson,william.50@outlook.com,(944) 444-2765,9/12/2024 0:00,213.22,Toys,4,AUS,79,Female,Cancelled,Yes,32.11
CUST_100411,Donna Johnson,donna.14@outlook.com,776-292-1051,1/27/2024 0:00,"$3,497.00 ",Electronics,5,United Kingdom,44,male,Pending,No,7.26 USD
CUST_101368,Donald Gonzalez,donald.99@outlook.com,830-256-3898,7/15/2018 0:00,675.75,Home & Garden,3,aus,71,Male,Pending,No,41.72
CUST_100427,Donald Jackson,donald.25@hotmail.com,786-226-3224,9/19/2023 0:00,,Home & Garden,5,Japan,41,Male,Shipped,No,23.27
CUST_101857,Matthew Wilson,user1857@invalid,611-192-4023,12/8/2023 0:00,61.66,Home & Garden,1,Canada,29,Female,Pending,No,37.4
CUST_100782,Sandra Taylor,sandra.67@outlook.com,194-538-6603,10/29/2024 0:00,511.73,Electronics,2,Australia,54,Male,Cancelled,No,8
CUST_100393,Karen Brown,karen.80@,,1/2/2023 0:00,602.04,Books,4,FR,39,Female,Pending,Yes,9.72
CUST_101102,Sandra Wilson,user1102@,540-818-7993,,529.69,  Books  ,3,CAN,30,FEMALE,Delivered,No,29.69
CUST_101735,Nancy Johnson,user1735@,9396234192,5/19/2021 0:00,244.56,Clothing,-3,JP,59,Male,Cancelled,No,30.94
CUST_100743,Robert Anderson,user743@invalid,468-738-8059,3/11/2024 0:00,,,2,Canada,47,Male,Shipped,No,21.07
CUST_100942,David Johnson,john.smith@gmail.com,605-631-8103,10/29/2020 0:00,134.62,Books,4,UK,53,Female,Pending,Yes,14.43
CUST_101274,Donna Thomas,donna.59@hotmail.com,,7/9/2022 0:00,46.52,Home & Garden,5,USA,46,Male,Delivered,Yes,6.78
CUST_101776,Nancy Garcia,nancy.66@,185-113-2656,3/15/2019 0:00,360.14 USD,Toys,1,United Kingdom,57,Female,Shipped,No,45.58
CUST_100978,Mark Thomas,mark.79@yahoo.com,7954576426,6/8/2021 0:00,$684.77 ,Home & Garden,2,CAN,45,Female,Cancelled,No,31.28
CUST_100350,Susan Johnson,,5515329278,1/21/2019 0:00,$768.93 ,Electronics,5,UK,61,Female,Shipped,Yes,$23.23 
CUST_100023,BETTY RODRIGUEZ,  user206@gmail.com  ,408-186-1605,10/5/2022 0:00,49.37,Home & Garden,1.8,Canada,30,Male,Shipped,Yes,$36.97 
CUST_101784,Steven Miller,steven.51@hotmail.com,220-882-4909,4/30/2024 0:00,375.97,Sports,4,USA,47,Male,Delivered,No,48.53
CUST_101562,Robert Hernandez,robert.84@hotmail.com,274-452-3553,6/24/2019 0:00,522.98,Books,1,US,5,Male,Delivered,No,16.7
CUST_100049,Donald Johnson,donald.38@gmail.com,821.625.9669,11/22/2018 0:00,270.53,Clothing,1,Australia,78,Female,Shipped,No,
CUST_100173,"  Carol Garcia  	",carol.48@outlook.com,362-463-7897,11/14/2022 0:00,,Electronics,2.2,Canada,42,Male,Shipped,Yes,43.28
CUST_101339,Matthew Rodriguez,matthew.40@hotmail.com,854-992-8756,N/A,282.08,Clothing,5,FR,37,Male,Pending,No,45.51
CUST_100307,DAVID SMITH,USER307@GMAIL.COM,950-780-3750,11/6/2019 0:00,725.31,Clothing,2,,42,Male,Delivered,No,16.14
CUST_100907,Michael Taylor,michael.87@gmail.com,-7527,2/8/2020 0:00,636.18,Automotive,1,UK,46,Female,Cancelled,,15.51
CUST_101947,"  David Brown  	",david.84@yahoo.com,136-677-9938,27-Dec-21,122.04,Clothing,,Japan,32,Female,Pending,Yes,28.21
CUST_101274,Donna Thomas,donna.59@hotmail.com,,7/9/2022 0:00,46.52,Home & Garden,5,USA,46,Male,Delivered,Yes,6.78
CUST_101134,Matthew Rodriguez,matthew.52@hotmail.com,368-929-4547,3/29/2022 0:00,580.06,Cloth,8,France,,Male,PENDING,Yes,46.64
CUST_101225,Lisa Anderson,lisa.64@company.com,833-823-2965,4/19/2021 0:00,551.91,Home & Garden,9,UK,74,Female,Pending,,5.64
CUST_100999,Donna Thomas,donna.27@company.com,277-677-8140,,160.42,  Automotive  ,4,FR,62,Male,Cancelled,No,16.25
CUST_101728,Anthony Wilson,anthony.48@hotmail.com,198-784-6609,12/8/2023 0:00,500.72,Automotive,3,JP,78,Male,Delvered,No,23.18
CUST_100299,Donna Garcia,user299@,-10526,6/7/2024 0:00,39.68,Books,4,United Kingdom,23,Female,,Yes,13.42
CUST_100950,charles martin,john.smith@gmail.com,394-822-5718,12/10/2023 0:00,515.54,Cloth,2,JP,21,Female,Cancelled,No,27.54
CUST_101835,James Davis,james.60@,,,200.5,Clothing,4,UK,30,Male,Pending,No,24.73
CUST_100342,Steven Moore,,244-309-3057,8/1/2024 0:00,309.19,Books,N/A,Japan,73,Female,Pending,No,8.47
CUST_101774,Ruth Davis,ruth.40@outlook.com,850-382-5123,,166.1,Automotive,0,USA,42,Female,Cancelled,Yes,26.79
CUST_101609,Matthew Johnson,matthew.33@,375-334-5306,3/25/2021 0:00,,Electronics,3,Germany,52,Female,Delivered,Yes,$12.63 
CUST_100306,Lisa Miller,lisa.42@,164-325-2582,3/4/2024 0:00,,Sports,5,JP,68,Male,Pending,Yes,18.99
CUST_100256,Richard Hernandez,richard.30@hotmail.com,562-754-5991,4/7/2019 0:00,34126.34162,Home & Garden,1,United Kingdom,80,Female,Delivered,Yes,31.12
CUST_101802,Betty Garcia,betty.88@,203-839-2481,10/2/2022 0:00,670.51,,1,United States,56,Male,Pending,Yes,38.2
CUST_101903,Matthew Anderson,USER1903@GMAIL.COM,,8/12/2020 0:00,269.2,Sports,2,United States,73,Male,Pending,Yes,14.18
CUST_100507,Sandra Brown,sandra.49@,172-744-5413,2/26/2023 0:00,525.59,Clothing,1,,40,Female,Delivered,Yes,$14.76 
CUST_100630,Donna Rodriguez,donna.46@,398-140-3427,11/5/2023 0:00,333.06,Electronics,1,,79,Female,Shipped,No,25.06
CUST_101926,Donald Brown,user1926@invalid,288-185-2104,12/29/2018 0:00,211.47,Sports,3,United Kingdom,34,Female,Shipped,Yes,32.84
CUST_101334,Donald Lopez,donald.23@,,11/4/2019 0:00,537.64,Electronics,5,Germany,79,Female,,Yes,42.37
CUST_100432,Lisa Anderson,lisa.29@gmail.com,903-675-8159,4/19/2024 0:00,$173.95 ,,5,UK,56,Female,Delivered,No,
CUST_101298,Emma Taylor,emma.92@company.com,758-418-6446,28-Apr-19,59.31,Clothing,1,Germany,49,Male,Cancelled,Yes,48.69
CUST_100479,Jane Johnson,jane.46@hotmail.com,760-819-8105,2/8/2021 0:00,,Clothing,1,UK,N/A,Male,Pending,No,15.13
CUST_100807,S@ndr@ Brown,user807@invalid,391-965-8167,11/23/2020,,CLOTHING,1,FR,,Female,Shipped,no,11.05
CUST_100857,David Garcia,david.17@outlook.com,714-659-1082,14-05-2018,719.89,Automotive,4,Japan,79,Female,Cancelled,Yes,6.57
CUST_101342,DONALD MOORE,donald.12@gmail.com,586.995.1004,3/2/2020,,Books,4,DE,63,Male,Cancelled,Yes,14.54
CUST_100579,Thomas Thomas,thomas.53@hotmail.com,210.911.1346,9/17/2020 0:00,307.31,Toys,4,,43,Female,Pending,Yes,41.31
CUST_100678,Jennifer Martinez,jennifer.96@,930-828-2251,10/15/2020 0:00,26.3,Automotive,1,Australia,20,Female,Cancelled,,45.94
CUST_100916,Mark Williams,mark.60@yahoo.com,777-601-5596,11/10/2020 0:00,113.35,Automotive,4,,39,Female,Shipped,Yes,38.56
CUST_100383,Karen Smith,karen.32@,,3/12/2019 0:00,211.41,Books,4,FR,55,,Delivered,No,16.7
CUST_100270,Richard Jackson,,-2849,12/30/2020 0:00,750.79,Electronics,5,,53,Male,Cancelled,Yes,20.91
CUST_100806,Richard Wilson,richard.80@company.com,7092669892,3/26/2018 0:00,554.05,Books,3,DE,75,Male,,Yes,49.06
CUST_100462,James Martinez,james.23@yahoo.com,-2314,3/11/2023 0:00,644.26,Electronics,2.7,FR,58,Female,Cancelled,No,48.52
CUST_101647,mark hernandez,mark.61@gmail.com,852-177-2509,10-May-24,211.52,Home & Garden,2,AUS,twenty-five,Female,Cancelled,No,11.09
CUST_100316,Matthew Smith,matthew.89@outlook.com,520-408-9185,11-Feb-20,226.83,Books,4,Canada,74,Female,Pending,Yes,39.1
CUST_100422,Sandra Taylor,sandra.92@outlook.com,593-778-9858,,574.74,Automotive,3,DE,76,FEMALE,Delivered,No,9.78
CUST_100025,SANDRA ANDERSON,,653-390-4501,19-11-2021,522.81,Home & Garden,1,DE,74,Male,Delvered,Yes,5.11
CUST_101323,James Moore,USER1323@GMAIL.COM,8329498763,2/7/2019 0:00,445.51,Automotive,5,US,65,Female,Delivered,Y,25.21
CUST_100078,Mark Rodriguez,mark.91@hotmail.com,(646) 721-6249,9/27/2018 0:00,135.47,Home and Garden,1,USA,68,MALE,Cancelled,No,17.16
CUST_101480,JANE WILSON,jane.46@gmail.com,867-409-7922,12/20/2023 0:00,319.74,Books,,Australia,21,female,PENDING,No,35.64
CUST_100032,Anthony Williams,anthony.60@hotmail.com,365-742-9314,,350.75,Home & Garden,5,,76,Female,Delivered,Yes,17.8
CUST_101864,Betty Moore,betty.44@company.com,,4/14/2022 0:00,79.31,Books,2,AUS,39,Male,Shipped,No,29.45
CUST_100567,Carol Taylor,user567@,286-649-5415,1/3/2020 0:00,331.69,Automotive,3.6,United Kingdom,34,Male,Delivered,Yes,46.9
CUST_101507,Donna Taylor,john.smith@gmail.com,525-883-1383,6/17/2024 0:00,142.05,Home & Garden,2,USA,63,Female,Cancelled,Yes,9.47
CUST_101232,Carol Garcia,carol.14@gmail.com,139-543-2645,1/29/2019 0:00,323.69,Toys,1,Germany,78,Female,Pending,No,47.73
CUST_100163,David Miller,david.78@outlook.com,542-167-2668,8/29/2024 0:00,634.92,Electronics,1,Japan,36,Male,delivered,Yes,45.62
CUST_100203,John Moore,john.96@yahoo.com,412-567-4934,6/14/2018 0:00,668.1,Clothing,4,DE,46,Female,Shipped,Yes,43.47
CUST_100721,Betty Moore,betty.87@yahoo.com,2112062274,11/30/2020 0:00,280.15,Toys,2,FR,30 years,Male,Cancelled,No,18.62
CUST_100774,Charles Brown,charles.38@outlook.com,892-489-2022,6/11/2018 0:00,29621.97986,Books,1,US,22,Male,Shipd,Yes,31.26
CUST_101808,Lisa Martinez,user1808@,4176185853,9/7/2018 0:00,93.3,Home & Garden,1,France,40,Female,Delivered,Yes,13.03
CUST_101576,Charles Johnson,charles.44@,353-350-5195,2/19/2021 0:00,207.96,Electronics,5,FR,,Female,Pending,Yes,41.31
CUST_100305,Helen Martinez,helen.19@,445-940-4148,1/17/2018,545.99,Sports,2,Canada,40,Female,Shipped,,38.46
CUST_101985,Nancy Martin,user1985@invalid,423-697-8317,6/7/2023 0:00,606.2,Home & Garden,2,USA,68,Female,Cancelled,No,28.87
CUST_101193,Betty Moore,betty.94@gmail.com,997-564-1254,3/13/2024 0:00,290.06,Electronics,2.4,,62,Male,Delivered,,39.33
CUST_995126,Nancy Martinez,nancy.28@,594-626-5649,5/23/2023 0:00,180.83,  Automotive  ,3,,66,Female,Pending,No,14.04
CUST_100192,Sarah Williams,sarah.69@company.com,-2342,12/4/2020 0:00,627.52,Home & Garden,0,United Kingdom,31,Female,Delivered,No,28.67
CUST_100354,Carol Jackson,carol.81@company.com,407-709-9801,1/23/2023 0:00,722.34,Electronics,,Germany,69,Male,Shipped,No,28.42
CUST_101335,Mark Jones,mark.72@gmail.com,848.321.5587,7/5/2020 0:00,468.36,Cloth,4,CAN,72,Male,Cancelled,No,27.6
CUST_101436,THOMAS BROWN,thomas.74@gmail.com,425-881-3187,12/2/2019,391.85,Toys,3,Germany,25,Male,Delivered,No,25.62
CUST_100218,William Jones,william.97@gmail.com,482-638-8918,12/30/2022 0:00,296.99,Clothing,5,CAN,63,Male,Cancelled,No,48.27
CUST_101244,Daniel Lopez,daniel.70@company.com,,11/6/2020 0:00,,Sports,-1,CAN,,Female,,Yes,32.42
CUST_101789,Mark Williams,mark.20@gmail.com,743-862-8074,10/8/2022 0:00,548.58,Books,3,France,28,Female,Shipped,No,49.13
CUST_100937,Nancy Johnson,nancy.20@gmail.com,254-506-9227,4/5/2020 0:00,42.1,Toys,1,DE,26,Female,,Yes,
CUST_101689,Emma Wilson,emma.40@,162-710-4437,12/1/2022 0:00,597.78,Automotive,4,Germany,47,Female,Shipped,No,
CUST_101289,Maria Hernandez,,569-307-2633,3/7/2020 0:00,181.69,Electronics,2,DE,48,Male,Delivered,no,19.23
CUST_963530,Sarah Davis,sarah.89@outlook.com,253-783-5940,11/21/2020 0:00,432.57,Automotive,5,USA,65,Female,Delivered,No,44.15 EUR
CUST_101564,Daniel Davis,daniel.98@gmail.com,986-596-3770,6/16/2019 0:00,776.56,Sports,5,Canada,62,Female,Delivered,No,14.47
CUST_100059,David Davis,david.99@outlook.com,8576001034,30-Jan-24,492.55,,5,Canada,27,Male,Pending,No,14.87
CUST_100705,Sandra Hernandez,user705@,243-866-9641,1/9/2018 0:00,677.03,Home & Garden,Good,,80,Female,Delivered,,26.64
CUST_101333,Richard Gonzalez,  user357@gmail.com  ,756-775-4319,6/16/2018 0:00,602.11,Automotive,3,japan,59,Male,Delvered,Yes,19.74
CUST_101332,Daniel Moore,daniel.59@,885-512-5173,1/18/2021 0:00,622.3,Clothing,4,US,75,Female,Pending,No,18.4
CUST_100073,Betty Anderson,betty.28@gmail.com,7336541866,10/28/2022 0:00,753.71,Sports,2,CAN,34,Female,Cancelled,FALSE,28.06
CUST_101052,Daniel Davis,daniel.70@hotmail.com,619-894-9608,7/9/2024 0:00,($49.19),,2,UK,39,Female,Shipped,Yes,37.05
CUST_100162,Helen Thomas,helen.82@gmail.com,,4/14/2022 0:00,419.56,Clothing,4,AUS,78,Male,Pending,No,10.3
CUST_100583,Anthony Garcia,anthony.74@,396-388-8961,3/27/2019 0:00,371.44,Automotive,4,australia,75,Female,,NO,15.6
CUST_100482,Matthew Thomas,user482@invalid,914-650-4029,6/29/2023 0:00,430.75,Books,4,UK,35,Male,Shipped,Yes,45.22
CUST_101699,Richard Hernandez,richard.83@gmail.com,,6/8/2024 0:00,731.19,,1.9,united states,49,Female,Delivered,Yes,28.41
CUST_101211,donna gonzalez,donna.58@hotmail.com,493-426-3923,10/18/2018 0:00,166.63,Toys,1,DE,70,Male,Shipped,No,22.35
CUST_101986,David Rodriguez,USER1986@GMAIL.COM,820-279-5747,9/25/2018 0:00,53.39,Sports,5,DE,46,Male,Shipped,No,
CUST_100767,Sarah Smith,sarah.78@gmail.com,576-211-2406,3/5/2019 0:00,$249.45 ,,5,us,,Female,Shipped,Yes,24.24
CUST_101027,Richard Williams,richard.99@company.com,224-407-7628,,331.36,Home & Garden,1,United Kingdom,64,Male,Pending,Yes,21.78
CUST_100045,Emma Anderson,emma.55@hotmail.com,992-370-9172,3/28/2020 0:00,701.33,Clothing,1,FR,45,Male,Delivered,Yes,24.41
CUST_101530,Carol Williams,carol.75@gmail.com,166.131.4391,6/21/2023 0:00,525.21,Books,,JP,29,Male,Delivered,Yes,18.15
CUST_101433,Nancy Jones,nancy.85@yahoo.com,202.582.7456,3/5/2018 0:00,450.37,Electronics,4,Germany,22,M,Cancled,Yes,27.87 USD
CUST_100772,James Johnson,james.41@yahoo.com,658-259-8699,8/15/2024 0:00,455.28,  Electronics  ,9,UK,31,Female,Delivered,Yes,29.45
CUST_100596,Robert Martin,,759-152-5985,11/15/2019 0:00,402.01,BOOKS,-4,United States,25,Male,Pending,Yes,45.94 USD
CUST_100076,Helen Brown,helen.53@outlook.com,1193814371,1/20/2022 0:00,359.66,Sports,1,FR,75,Male,pending,No,21.52
CUST_101161,Nancy Jackson,nancy.99@hotmail.com,145-714-4845,12/13/2023 0:00,358.82,Electronics,1,France,42,Male,Cancelled,Yes,46.71
CUST_934937,Lisa Martinez,,200-367-5948,2/1/2019 0:00,184.47,Automotive,2,United Kingdom,49,Male,Shipped,Yes,32.47
CUST_100471,Mark Taylor,mark.67@,276-768-7150,8/23/2019 0:00,184.39,H&G,4,us,42,Female,Cancelled,Yes,15.64
CUST_101972,Nancy Garcia,nancy.70@yahoo.com,542-284-8257,,68.91,Automotive,5,US,39,Female,Shipped,Yes,
CUST_100534,Thom@s M@rtin3z,  user486@gmail.com  ,933-334-6000,4/26/2024 0:00,707.35,,2,Australia,,Female,Delivered,No,33.48
CUST_100979,Robert Davis,john.smith@gmail.com,527-382-6067,10/7/2022 0:00,390.36,Automotive,4,US,47,Male,Pending,No,24.76
CUST_100445,Michael Davis,michael.77@hotmail.com,781.969.1562,6/29/2023,,Home & Garden,3.8,CAN,23,Male,Pending,No,8.39
CUST_101660,Anthony Jones,anthony.51@yahoo.com,781-305-6810,6/27/2023 0:00,126,Books,2,Australia,45,Male,Shipped,No,31.34
CUST_100893,Jennifer Brown,jennifer.29@yahoo.com,391-234-7599,,641.79,Clothing,2,USA,65,Male,delivered,Yes,40.15
CUST_100030,Steven Lopez,,411-843-7926,7/29/2021 0:00,692.82,Clothing,1,USA,76,Male,Cancelled,No,16.29
CUST_101723,Donald Wilson,donald.78@company.com,319-564-5305,17-04-2022,($21.70),Electronics,5,USA,40,Male,Shipped,Yes,
CUST_101583,JOHN MILLER,john.34@company.com,,10/20/2022 0:00,411.38,Books,1,DE,47,Male,Delivered,No,5.36
CUST_101649,Donna Anderson,donna.73@outlook.com,625.966.2437,12/3/2019 0:00,262.53,,1,DE,,Female,Cancelled,Yes,25.05
CUST_101407,Thomas Martinez,thomas.51@yahoo.com,746-290-8785,11/4/2018 0:00,764.72,Clothing,5,DE,23,Male,Cancelled,Yes,13.9
CUST_100923,David Anderson,  user203@gmail.com  ,292-599-2712,14-06-2018,367.75,Clothing,3,,68,Female,Delivered,No,18.74
CUST_100730,Sarah Brown,sarah.19@gmail.com,(416) 108-6843,8/21/2020 0:00,197.58,,1,UK,39,,Shipped,No,32.55
CUST_101766,Sarah Anderson,sarah.87@gmail.com,141-490-5185,,642.71,Clothing,Good,US,47,Female,Shipped,No,8.61
CUST_101621,Lisa Miller,lisa.33@hotmail.com,732-615-8210,4/15/2020 0:00,126.05,Electronics,5,US,41,Male,Pending,Yes,19.19
CUST_950804,Helen Taylor,user1498@,974.860.9175,29-Jan-24,647.38,Automotive,4,DE,40,Female,Shipped,No,47.48
CUST_100674,Carol Thomas,USER674@GMAIL.COM,442-714-3971,N/A,11403.29307,Sports,2,France,54,Female,Cancelled,Yes,46.81
CUST_100693,Jane Jackson,user693@invalid,236-212-1976,6/12/2022 0:00,107.72,Electronics,1,DE,33,Female,Pending,Yes,
CUST_101644,WILLIAM MARTIN,william.31@gmail.com,624-482-1265,7/14/2024 0:00,267.13,Electronics,2,JP,26,Female,Cancelled,No,16.2
CUST_100344,David Davis,david.31@gmail.com,180 536 8652,7/2/2023 0:00,241.84,Electronics,5,US,28,Female,Pending,Yes,10.88
CUST_100044,Nancy Davis,nancy.79@gmail.com,512-702-9502,8/19/2018 0:00,"$3,364.00 ",Automotive,5,CAN,46,Female,Cancelled,Yes,16.51 USD
CUST_100651,Maria Wilson,maria.83@gmail.com,,9/14/2019 0:00,122.33,Clothing,4,,18,Male,Delivered,No,40.54
CUST_101687,James Thomas,james.62@outlook.com,281-678-1151,3/23/2023 0:00,369.33,,4,AUS,69,Male,Shipped,No,$46.28 
CUST_100168,Jane Johnson,jane.61@gmail.com,734-203-6564,7/30/2024 0:00,172.02,Automotive,,DE,38,Female,Delivered,Yes,18.56
CUST_100303,William Williams,william.24@company.com,355-483-4908,8/16/2023 0:00,,,1,FR,,Male,Delivered,No,46.68
CUST_100715,Thomas Lopez,thomas.90@gmail.com,228-860-4471,5/20/2022 0:00,120.39,Toys,1,Japan,51,Female,Delivered,FALSE,38.26
CUST_100582,Donna Davis,,711-855-1131,2/7/2023 0:00,770.11,Electronics,2,USA,72,Female,Delivered,Yes,32.31
CUST_100352,Richard Jackson,richard.93@gmail.com,912-593-1324,4/7/2023 0:00,12.74,Clothing,3,Canada,74,Female,Cancelled,No,43.83
CUST_101993,Matthew Williams,matthew.68@gmail.com,490.584.7215,8/19/2019 0:00,74.17,Sports,4,AUS,49,Male,Delivered,Yes,17.91
CUST_100812,Michael Williams,michael.51@gmail.com,(554) 615-1534,3/28/2021 0:00,780.17,,3,JP,68,Male,Cancelled,No,19.18
CUST_101483,Michael Brown,michael.36@company.com,912-296-5275,9/3/2023 0:00,$678.67 ,,-3,US,73,Male,Pending,Yes,39.71
CUST_101763,Donna Miller,donna.45@yahoo.com,724-565-3517,4/21/2018 0:00,149.49,Books,1,,44,Female,Pending,No,$26.61 
CUST_101951,LISA RODRIGUEZ,lisa.65@hotmail.com,343-799-9037,21-08-2023,775.13,CLOTHING,3,AUS,79,Male,Shipped,,
CUST_101105,Nancy Martinez,,159-343-4801,10/3/2020 0:00,559.52,Automotive,5,United States,44,,Pending,No,29.61
CUST_101677,Carol Gonzalez,carol.83@hotmail.com,424-525-4129,8/31/2021 0:00,550.86,Clothing,3.3,United States,23,Female,Shipped,No,27.57
CUST_101085,"  William Martinez  	",william.34@gmail.com,213-696-8716,2/7/2019 0:00,423.84,Automotive,3,Germany,55,Male,Pending,No,27.19
CUST_100881,Richard Moore,richard.67@hotmail.com,834-436-4502,3/3/2024 0:00,72.29,  Sports  ,1,Australia,57,,Delivered,No,22.49
CUST_101383,Sandra Anderson,  user355@gmail.com  ,674-459-2928,11/18/2018 0:00,,Electronics,4,United States,49,Female,Delivered,No,42.7
CUST_100353,Anthony Smith,user353@invalid,537-974-2363,,,Books,1,DE,75,Female,Pending,No,42.83
CUST_101608,Jennifer Williams,jennifer.36@company.com,628-585-7830,11/18/2019 0:00,,Electronics,4,Japan,24,Female,Delivered,No,$14.65 
CUST_101568,Sandra Thomas,sandra.98@yahoo.com,723.896.2959,4/2/2024 0:00,109.47,Sports,4,United States,49,Female,Cancelled,Yes,
CUST_100436,Karen Hernandez,karen.83@company.com,230-973-6134,10/30/2021 0:00,53.61,Clothing,4,Germany,59,Female,Delivered,No,21.42
CUST_100185,Lisa Rodriguez,,578-714-6425,11/8/2021,155.53,Automotive,4,AUS,30 years,Female,Shipped,Yes,18.81 EUR
CUST_101517,NANCY WILSON,user1517@,606-874-8600,11/7/2021 0:00,,Home & Garden,3,United Kingdom,53,Male,Cancelled,Yes,15.39
CUST_100485,Karen Thomas,karen.92@outlook.com,631-957-9830,12/1/2020,373.68,Sports,7,Canada,66,Male,Shipped,No,8.83
CUST_100710,CAROL MOORE,carol.81@company.com,,,636.04,Toys,1,CAN,30,Male,delivered,yes,43.66
CUST_101258,Nancy Martinez,nancy.87@yahoo.com,,11/4/2021 0:00,757.47,,5,Australia,,Male,delivered,No,
CUST_100300,Helen Williams,helen.36@,833-775-2684,23-04-2020,757.87,Home & Garden,3,JP,79,Female,Delivered,No,35.66
CUST_101330,Ruth Rodriguez,ruth.47@,114-297-5498,9/12/2020 0:00,Free,,1,United States,137,Male,Pending,Yes,6.87
CUST_101216,Thomas Miller,user1216@,395-365-2738,5/10/2023 0:00,718.28,Clothing,3,Germany,72,Male,Cancelled,Yes,21.93
CUST_101532,Sandra Moore,user1532@,915-281-8559,7/7/2020 0:00,$167.33 ,Toys,Bad,United Kingdom,33,,Pending,Yes,25.28
CUST_101671,Charles Wilson,  user338@gmail.com  ,974-857-4417,2/5/2020 0:00,($93.75),  Books  ,N/A,,48,Male,Pending,Yes,11.08
CUST_100416,John Wilson,john.99@outlook.com,587-774-2645,10/25/2018 0:00,660.28,Electronics,5,FR,54,Male,Shipped,Yes,$34.93 
CUST_101113,Jane Lopez,jane.31@company.com,178-356-9907,7/20/2018 0:00,720.6,Home & Garden,2,France,25,Male,Pending,Yes,42.14 USD
CUST_101428,Michael Jackson,michael.37@company.com,774-251-4283,5/3/2019 0:00,713.86,Home & Garden,9,Canada,62,Female,Cancelled,FALSE,45.87
CUST_100849,Robert Gonzalez,robert.35@gmail.com,958-312-7402,1/31/2018 0:00,420.3,Toys,8,Germany,63,Female,Cancelled,Yes,
CUST_101043,Sarah Martinez,user1043@,262-466-9202,1/30/2023 0:00,682.08,Electronics,4,United States,23,Female,Pending,Yes,13.16
CUST_100175,Michael Davis,michael.39@yahoo.com,916 145 1991,5/22/2018 0:00,Free,Clothing,1,United States,26,Female,Cancelled,Yes,29.81
CUST_101228,David Brown,david.33@hotmail.com,922-180-4644,3/29/2018 0:00,205.39,Books,2,Canada,52,Male,Delivered,Yes,28.59
CUST_100538,THOMAS WILLIAMS,thomas.18@outlook.com,195 269 1940,3/25/2018 0:00,($77.42),Electronics,4,Australia,56,Male,Shipped,Yes,44.76
CUST_948696,Steven Martinez,john.smith@gmail.com,668 767 3057,24-Jan-20,317.03,Electronics,1,UK,29,Female,Shipped,Yes,10.77
CUST_101730,michael anderson,john.smith@gmail.com,126-656-3068,9/4/2026,464.65,Cloth,5,AUS,44,Female,Shipped,Yes,15.2
CUST_100123,Steven Johnson,steven.35@gmail.com,479.297.8283,7/4/2021 0:00,187.4,Automotive,2,United Kingdom,65,Male,Shipped,Yes,45.12
CUST_101690,James Wilson,james.20@,776-400-7089,5/12/2020 0:00,Free,TOYS,,FR,32,Female,Shipped,Yes,7.44
CUST_100394,Daniel Miller,john.smith@gmail.com,(227) 383-2052,2/15/2024 0:00,$12.73 ,Electronics,4,JP,64,Female,Cancelled,Yes,23.74
CUST_101278,David Hernandez,david.77@,335-746-5051,4/29/2021 0:00,612.93,Home & Garden,,australia,59,Female,Shipped,No,42.62
CUST_100613,Anthony Davis,anthony.60@,144-230-4140,3/2/2022 0:00,652.74,Books,1,UK,29,Female,Pending,No,45.96
CUST_100039,Emma Lopez,emma.73@hotmail.com,(628) 696-4154,10/29/2021 0:00,459.11,Automotive,3,Australia,39,Male,Cancelled,Yes,38.01
CUST_101773,helen garcia,helen.60@outlook.com,985-888-5590,8/16/2024 0:00,311.12,Automotive,1,CAN,26,Female,Cancelled,No,26.66
CUST_101900,Donna Hernandez,  user323@gmail.com  ,201-568-4042,10/21/2019 0:00,262.83,Clothing,4,,25,Male,,Y,5.96
CUST_100331,Thomas Garcia,thomas.18@outlook.com,403-306-3484,,612.33,Sports,2.4,DE,71,Male,Cancelled,No,39.2
CUST_100605,Carol Jones,user605@invalid,703-641-7088,8/26/2019 0:00,622.65,Toys,4,FR,38,Female,Cancelled,No,41.61
CUST_100408,Carol Martin,carol.30@outlook.com,,4/29/2023 0:00,290.54,,4,United States,68,Male,Shipped,No,13.08
CUST_100194,Charles Rodriguez,,245-397-8215,4/3/2024 0:00,"$3,416.00 ",  Toys  ,4,JP,27,Female,Shipped,No,18.31
CUST_101009,David Rodriguez,david.51@hotmail.com,531-190-3303,1/27/2018 0:00,282.74,Sports,2,Canada,56,Male,Delivered,No,49.94
CUST_101727,Helen Jones,helen.40@yahoo.com,599-890-9993,11/5/2021 0:00,685.73,Toys,,AUS,20,Male,Shipped,No,20.09
CUST_101790,Daniel Brown,user1790@,126-321-3961,10/5/2020 0:00,602.25,Toys,1,Canada,19,Male,Shipped,No,5.06
CUST_100322,NANCY DAVIS,user322@invalid,750-879-6209,5/7/2020 0:00,174.51,Home & Garden,9,Australia,twenty-five,Male,Pending,yes,23.65
CUST_101624,Jane Williams,john.smith@gmail.com,147-899-7390,16-Apr-23,540.24,Electronics,5,DE,twenty-five,Male,pending,N,26.98
CUST_100266,Susan Lopez,susan.49@yahoo.com,986-311-3128,2/24/2018 0:00,,Automotive,2,FR,26,Female,Delivered,Yes,25.98
CUST_101684,EMMA GONZALEZ,emma.54@,-8387,12/11/2019 0:00,,Clothing,4,Australia,55,Female,Cancelled,No,21
CUST_101498,Helen Taylor,user1498@,974.860.9175,29-Jan-24,27.39,Automotive,4,DE,40,Female,Cancelled,No,47.48
CUST_101387,Donna Martinez,donna.48@outlook.com,7057411329,7/25/2021 0:00,101.4,Toys,,AUS,60,Female,Pending,Yes,25.82
CUST_100067,Michael Johnson,john.smith@gmail.com,504-447-9863,10/24/2020 0:00,783.65,Home & Garden,3.2,AUS,70,Female,DELIVERED,FALSE,9.47
CUST_101029,John Hernandez,john.67@gmail.com,659-366-8194,11/4/2022 0:00,256.06,Automotive,1,France,32,Male,Delivered,Yes,28.82
CUST_100585,John Moore,,291-355-5606,6/23/2018 0:00,294.91,Toys,,US,57,Male,Delivered,No,36.67
CUST_101050,Betty Moore,betty.87@hotmail.com,169-959-8925,2/25/2027,729.8,Clothing,2,DE,44,Female,,Yes,41.48
CUST_101614,Anthony Garcia,anthony.18@gmail.com,,6/2/2019 0:00,,Electornics,Bad,JP,74,Male,Shipped,Yes,15.54
CUST_101556,Daniel Davis,daniel.91@,924.811.3106,12/23/2018 0:00,674.84,Electronics,4,FR,75,Male,Shipped,,43.68
CUST_101811,Charles Gonzalez,charles.65@hotmail.com,(712) 997-7629,10/6/2020 0:00,703.9,Sports,1,Canada,,Female,Delivered,Yes,27.55
CUST_100142,Lisa Miller,,430-542-7666,8/30/2018 0:00,537.27,Toys,,DE,45,Male,Cancelled,Yes,40.14
CUST_101680,Mark Williams,mark.85@hotmail.com,116-107-7226,9/4/2019 0:00,19.23,Clothing,5,Germany,69,Male,Shipped,Yes,26.02
CUST_100593,Karen Davis,karen.99@company.com,9851527231,10/16/2024 0:00,217.33,Electronics,0,France,45,Female,Delivered,No,37.5
CUST_101304,Robert Smith,robert.19@outlook.com,521-418-6535,6/21/2020 0:00,264.74,Automotive,4,Australia,42,Female,Pending,No,$25.83 
CUST_100495,Jennifer Williams,  user316@gmail.com  ,773-100-5068,10/8/2024 0:00,142.04,HOME & GARDEN,1,united states,69,Male,Delivered,FALSE,16.46
CUST_101706,Anthony Miller,john.smith@gmail.com,977-717-1011,7/31/2024 0:00,,Sports,3.4,,41,Male,Cancelled,No,46.21
CUST_100757,Robert Williams,robert.27@,510-518-3113,,475.98,Sports,,US,66,Male,Cancelled,No,20.64
CUST_101942,Matthew Jones,  user155@gmail.com  ,841-429-7068,,"$2,588.00 ",Toys,,DE,24,Female,Shipped,No,43.54
CUST_101262,James Martin,  user271@gmail.com  ,447-751-1747,8/7/2018,373.33,Clothing,3,United States,32,Female,Shipped,Yes,47.48
CUST_101721,Thomas Martinez,thomas.37@,4301118877,N/A,284.11,,5,Japan,61,Female,Delivered,,28.47
CUST_101830,Susan Anderson,susan.16@outlook.com,903-619-8794,11/25/2022 0:00,443.43,Automotive,7,France,28,Female,Pending,,38.26
CUST_100787,Susan Brown,user787@invalid,674-901-4253,7/1/2024 0:00,250.47,Sports,2,,65,Female,Shipped,No,24.11
CUST_101601,Betty Taylor,betty.65@gmail.com,803-651-3992,7/3/2023 0:00,122.69,Toys,2,CAN,46,Female,Pending,No,41.07
CUST_101650,Karen Davis,karen.84@company.com,579-724-4127,10/16/2022 0:00,333.23,Spts,2,Canada,,Male,Shipped,Yes,21.5
CUST_101797,Betty Gonzalez,,264-314-9966,28-04-2020,168.80 USD,Home & Garden,5,US,70,Female,Delivered,Yes,14.87
CUST_101665,Thomas Lopez,thomas.79@outlook.com,422-335-4421,12/5/2020 0:00,,Electronics,4,Japan,69,Female,Delivered,No,46.16
CUST_100792,David Rodriguez,david.73@outlook.com,251-611-6184,11/8/2018 0:00,($62.75),Toys,4,France,5,Male,Shipped,Yes,5.3
CUST_101526,Sandra Miller,,479-123-7378,6/29/2023 0:00,452.65,Clothing,9,United States,56,Male,Shipped,,28
CUST_101378,steven jones,steven.70@,8796133416,12/3/2019 0:00,616.2,Home & Garden,3,United States,22,Male,,No,26.68
CUST_100818,Daniel Moore,daniel.41@yahoo.com,,1/11/2021 0:00,557.3,Home & Garden,4,Germany,41,,,Yes,15.22
CUST_101239,Steven Martinez,steven.94@,303-750-2453,12/29/2018 0:00,Free,Automotive,2,Australia,33,Male,Pending,No,30.7
CUST_100261,William Smith,william.57@gmail.com,775 636 2146,9/20/2019 0:00,733.42,Home & Garden,5,USA,78,Female,Shipped,Yes,27.13
CUST_100572,Charles Lopez,charles.94@outlook.com,1412367464,2/5/2018 0:00,36.24,Electronics,1,,52,Male,Delivered,No,23.24
CUST_101234,Ruth Jackson,ruth.98@gmail.com,6717761583,3/15/2018 0:00,305.37,Clothing,3,US,33,Male,Shipped,No,$16.90 
CUST_100240,Donna Garcia,donna.52@outlook.com,941-693-1194,N/A,307.21,Automotive,3,Australia,51,Female,Cancelled,No,28.11
CUST_101087,Donald Moore,donald.25@,,8/23/2018 0:00,589.61,Automotive,4,Germany,63,Female,Delivered,Yes,43.45
CUST_100887,Susan Smith,susan.37@outlook.com,427-302-4229,6/16/2018 0:00,159.95,  Electronics  ,4,UK,65,Female,Cancelled,Yes,15.14 EUR
CUST_101341,Robert Miller,robert.78@hotmail.com,193-922-3400,11/4/2018 0:00,674.86,Sports,5,Germany,24,Female,Cancelled,Yes,25.95
CUST_101626,Steven Moore,user1626@invalid,721-700-7144,12/26/2019 0:00,574.51,Toys,1,JP,128,Female,Cancelled,No,39.12
CUST_101137,Karen Taylor,karen.49@,666-497-5709,9/19/2020 0:00,685.76,Books,2,USA,67,Female,Cancelled,NO,16.5
CUST_100599,James Wilson,james.79@hotmail.com,1001536269,9/22/2024 0:00,578.79,Automotive,4,Canada,48,Male,Delivered,Yes,
CUST_100365,Richard Hernandez,richard.38@gmail.com,889-869-6711,1/25/2023 0:00,,Sports,Bad,Australia,63,Female,Delivered,Yes,29.39
CUST_101073,David Johnson,david.36@,952-312-8761,1/2/2019 0:00,Free,,5,JP,80,Female,Pending,Yes,24.43
CUST_101422,Donna Miller,  user176@gmail.com  ,510-707-1467,7/28/2021 0:00,145.79,,1,CAN,75,Male,Shipped,Yes,$47.32 
CUST_101755,Anthony Taylor,anthony.59@,354-954-6741,3/11/2018 0:00,402.85,Sports,4,USA,44,Male,Delivered,No,46.72
CUST_101838,Daniel Thomas,daniel.53@hotmail.com,251-165-6806,9/15/2021 0:00,117.92,,3,germany,25,Male,Delivered,No,27.6
CUST_101531,"  Robert Jackson  	",robert.56@hotmail.com,570-350-8268,3/22/2021 0:00,Free,Toys,5,,59,Female,Delivered,Yes,35.4
CUST_100720,Karen Smith,user720@invalid,9224807950,9/3/2023,237.17,Clothing,Excellent,JP,79,Female,Delivered,Yes,35.59
CUST_100071,Betty Williams,,915-890-6060,N/A,106.64,Home & Garden,3.5,France,53,Female,Delivered,No,32.12
CUST_101117,Maria Taylor,maria.14@outlook.com,350-639-5383,4/9/2023 0:00,324.98,Sport,6,CAN,24,Female,Cancelled,No,7.37
CUST_100259,MARIA TAYLOR,maria.71@hotmail.com,600-127-4058,1/23/2021 0:00,796.58,Clothing,,Canada,31,Male,Pending,Yes,35.48
CUST_100051,Donna Hernandez,donna.70@company.com,,8/14/2027,,,3,,28,Male,Shipped,No,46.91
CUST_100198,Maria Martinez,maria.43@,2783245292,7/18/2019 0:00,795.7,  Home & Garden  ,Good,USA,20,Male,Delivered,No,45.32 USD
CUST_100670,matthew wilson,matthew.37@company.com,212-329-2666,4/2/2018 0:00,634.45,Toys,2,United Kingdom,50,Female,Pending,TRUE,21.93
CUST_100707,Thomas Williams,thomas.32@hotmail.com,554-900-1216,11/2/2022,448.83,Automotive,4,France,53,Female,Cancelled,Yes,22.28
CUST_100332,Sandra Thomas,sandra.11@,757-138-4900,5/8/2022 0:00,273.23,,4,United States,50,Female,Pending,Yes,44.25
CUST_101421,Mark Moore,mark.68@hotmail.com,(536) 892-5413,12/27/2019 0:00,277.78,Automotive,3,AUS,38,Female,Pending,Yes,22.17
CUST_101983,Susan Gonzalez,susan.74@gmail.com,420-465-4326,5/12/2024 0:00,9.24,Automotive,1,US,58,Female,Shipped,No,
CUST_101013,Anthony Taylor,anthony.83@company.com,502-228-7601,8/26/2023,320.82,Sports,3,United Kingdom,36,Male,Delivered,Yes,37.25
CUST_101652,RICHARD WILSON,richard.95@company.com,576-562-3493,N/A,755.04,Books,4,Germany,39,Female,Delivered,No,44.45
CUST_100318,Mark Wilson,mark.33@gmail.com,970-682-3809,7/22/2023 0:00,75.03,ELECTRONICS,5,France,28,Female,Cancelled,No,31.42
CUST_101370,Emma Martinez,emma.15@yahoo.com,222-157-8264,9/30/2024 0:00,359.01,Electronics,1,UK,64,Male,Pending,Yes,45.57
CUST_100982,Carol Brown,carol.77@yahoo.com,911-911-6685,9/30/2024 0:00,472.27,Toys,4,US,23,Male,Pending,Yes,
CUST_101916,Sandra Davis,sandra.12@gmail.com,806.328.2155,9/24/2023 0:00,336.97,Electronics,3,France,63,Female,Pending,Yes,36.38 EUR
CUST_101491,David Taylor,david.92@outlook.com,-4549,8/30/2020 0:00,$176.00 ,Sports,4,UK,72,Male,Delivered,TRUE,23.93
CUST_100426,Thomas Wilson,  user89@gmail.com  ,-9946,6/6/2019 0:00,183.9,Books,1,United Kingdom,49,Male,shipped,No,42.97
CUST_100590,Karen Martinez,karen.87@company.com,-2372,7/13/2022 0:00,295.85,Electronics,Bad,USA,70,Female,Shipped,Yes,19.05
CUST_101916,Sandra Davis,sandra.12@gmail.com,806.328.2155,9/24/2023 0:00,336.97,Electronics,3,France,63,Female,Pending,Yes,36.38 EUR
CUST_101501,JANE MOORE,  user90@gmail.com  ,180-746-8971,11/15/2023 0:00,746.97,Books,1,DE,12,,Cancelled,Yes,$47.00 
CUST_100704,Donna Martinez,donna.58@yahoo.com,526-253-3988,9/15/2019 0:00,320.16 USD,Home & Garden,2,,,Male,Pending,No,6.11
CUST_100764,Carol Jones,user764@,974-174-4654,2/7/2018 0:00,,Home & Garden,4,UK,44,Male,Shipped,No,18.68
CUST_101855,Anthony Lopez,,451.287.2570,9/15/2024 0:00,256.53,Clothing,5,FR,70,Female,cancelled,Yes,20.55
CUST_101612,Nancy Thomas,nancy.30@company.com,422-560-6046,3/10/2019 0:00,365.48,HOME & GARDEN,2,,64,male,Pending,Yes,9.19
CUST_100343,Michael Jones,michael.74@hotmail.com,(706) 662-4348,12/8/2021 0:00,726.66,Toys,N/A,UK,twenty-five,Male,Delivered,No,47.49
CUST_100398,Betty Brown,betty.32@company.com,107-781-1685,8/9/2020 0:00,465.29,  Toys  ,1,United States,80,Female,Cancelled,Yes,30.26
CUST_101503,Matthew Wilson,matthew.30@yahoo.com,642-478-5981,7/29/2019 0:00,793.53,Electronics,4,Canada,31,Male,Pending,No,43.49
CUST_100292,Jennifer Martinez,jennifer.89@company.com,830-548-3297,3/27/2023 0:00,51.91,Electronics,4,CAN,41,Female,Pending,yes,35.92
CUST_100777,Mark Lopez,mark.97@outlook.com,876-800-7929,2/13/2023 0:00,"$4,791.00 ",Automotive,3,US,46,Female,Pending,Yes,30.23
CUST_101800,Maria Lopez,,441-460-9818,2/5/2021 0:00,,Books,5,US,50,Male,Cancelled,No,17.91
CUST_101442,Thomas Jones,thomas.40@,869-507-2265,1/7/2023 0:00,173.07,Clothing,4,United States,58,Female,Pending,Yes,5.42 USD
CUST_100141,donna brown,donna.70@outlook.com,789-765-1849,1/30/2022 0:00,605.74,Sports,2,United States,34,Female,Delivered,No,19.14
CUST_101157,Sarah Miller,sarah.95@company.com,981-550-6199,4/6/2018 0:00,221.9,Books,1,AUS,54,Female,Pending,Yes,
CUST_100002,"  Lisa Davis  	",lisa.39@gmail.com,442-938-3257,7/20/2023 0:00,780.33,Books,3,FR,66,Female,Delivered,Yes,49.42
CUST_101605,Richard Anderson,user1605@invalid,315-684-3532,9/6/2019 0:00,693.64,Electronics,2,Australia,31,female,Cancelled,Yes,44.52
CUST_100339,Michael Martinez,michael.92@hotmail.com,490-633-6269,4/24/2023 0:00,435.84,Home & Garden,,United Kingdom,80,Female,Delivered,No,10.13
CUST_101036,Mark Thomas,mark.56@gmail.com,814-919-2758,9/22/2019 0:00,65.42,Sports,3,CAN,77,Male,Shipped,No,21.63
CUST_100265,Sarah Martin,sarah.38@,860-170-7373,8/17/2022 0:00,407.11,Books,2,DE,36,Male,Delivered,1,10.39
CUST_100376,Emma Johnson,emma.96@company.com,997-533-3716,4/21/2019 0:00,52.32,Books,,USA,34,Male,Shipped,Yes,35.7
CUST_101112,Maria Anderson,maria.53@hotmail.com,507.590.3005,8/10/2021 0:00,175.52,Toys,2,Australia,52,Female,Shipped,No,26.36
CUST_100439,Donna Rodriguez,  user35@gmail.com  ,533-427-6980,4/9/2023 0:00,249.63,Books,1,France,26,Male,Delivered,Yes,34.9
CUST_100271,Robert Rodriguez,robert.68@,719-926-5044,,,Automotive,5,,53,Female,delivered,Yes,$17.18 
CUST_100244,donna wilson,donna.19@hotmail.com,572-448-2406,4/12/2022 0:00,752.89,Automotive,1,United States,65,Female,Delvered,No,49.61
CUST_101420,"  Ruth Thomas  	",user1420@invalid,339-881-9306,4/16/2019 0:00,521.87,Home & Garden,2,united states,72,Female,Shipped,No,49.77
CUST_101582,michael jones,john.smith@gmail.com,235-635-5960,5/2/2019 0:00,253.01,Sports,5,JP,50,Female,Pending,Yes,21.29
CUST_101840,Sarah Jackson,sarah.77@hotmail.com,683-358-1451,4/23/2019 0:00,716.25,TOYS,5,Germany,38,Male,Pending,Yes,
CUST_100139,Jane Gonzalez,jane.78@,797-673-8437,N/A,444.21,Cloth,5,Japan,,Female,Delivered,Yes,24.93
CUST_100415,Matthew Hernandez,USER415@GMAIL.COM,727-913-2333,10/6/2018 0:00,345.64,Automotive,5,United States,58,Female,Shipped,No,21.27
CUST_100273,John T@ylor,john.97@yahoo.com,140-854-2492,1/9/2023 0:00,277.03,Home & Garden,2,USA,twenty-five,Male,Cancelled,Yes,6.48
CUST_100905,Lisa Hernandez,lisa.65@hotmail.com,,,673.97,,1,,51,Female,Shipped,No,35.98
CUST_100250,Lisa Miller,lisa.82@hotmail.com,-8944,5/3/2021 0:00,151.98,Sports,1,DE,44,Male,Shipped,Yes,6.88
CUST_100413,Susan Lopez,susan.81@yahoo.com,994-146-6333,5-Jun-19,457.67,Books,,United Kingdom,41,Male,Shipd,Yes,39.98
CUST_101952,Matthew Williams,matthew.84@company.com,453-751-8454,6/28/2020 0:00,135.68 USD,Toys,,USA,73,Male,Cancelled,No,39.66
CUST_100310,Carol Williams,carol.47@outlook.com,654-504-8010,3/10/2022 0:00,570.54,Electronics,3,France,31,Male,Cancled,Yes,44.77 USD
CUST_100637,Matthew Thomas,USER637@GMAIL.COM,518-726-5831,11/11/2022 0:00,68.12,Toys,2,Canada,50,Female,Pending,No,19.1
CUST_100745,CAROL LOPEZ,carol.80@gmail.com,799-496-4917,5/9/2020 0:00,663.4,Clothing,3,,51,Female,Cancelled,Y,7.51
CUST_100425,Mark Thomas,mark.97@gmail.com,434-492-5593,7/9/2020 0:00,770.73,Sports,1,,47,Female,Pending,No,20.35
CUST_101961,Jennifer Johnson,user1961@invalid,563-554-7364,9/17/2018 0:00,147.44,Home & Garden,3,CAN,24,Female,Pending,No,$38.44 
CUST_101089,Jane Miller,jane.52@outlook.com,660.936.6400,,348.43,Home & Garden,1,CAN,29,Male,,No,$29.07 
CUST_100816,Donna Jones,donna.98@hotmail.com,912-575-7765,1/14/2018 0:00,114.2,Toys,3,United Kingdom,30,Female,Delivered,No,49.32
CUST_101939,Betty Garcia,betty.13@yahoo.com,425.158.2824,3/22/2022 0:00,66.19,Electronics,4,CAN,64,Female,Cancelled,Yes,44.29
CUST_100755,lisa jones,lisa.51@hotmail.com,243-226-8999,5/9/2024 0:00,18.44,Automotive,3,Germany,61,Female,Pending,Yes,43.4 EUR
CUST_101639,Donna Williams,donna.23@hotmail.com,571-470-6456,12/6/2022 0:00,579.79,Books,1,AUS,79,Male,Cancelled,,26.57
CUST_100936,Thomas Jackson,thomas.35@,(663) 186-6806,1/31/2021 0:00,734.73,Books,3,US,80,Male,Pending,No,9.39
CUST_100526,Matthew Jones,matthew.85@,970-512-8812,9/27/2024 0:00,660.78,Electronics,3,Germany,55,Male,Delivered,No,39.63
CUST_101657,Anthony Williams,anthony.13@gmail.com,119-108-4690,1/22/2024 0:00,,Home & Garden,3,,27,Female,Shipped,No,19.01
CUST_100382,James Williams,james.71@company.com,507-815-6047,2/17/2022 0:00,525.47,Home & Garden,4,AUS,67,Female,Cancelled,Yes,17.52
CUST_100182,Daniel Taylor,daniel.18@outlook.com,955-672-1894,8/20/2020 0:00,736.04,Home & Garden,Excellent,France,58,female,Shipped,No,7.72
CUST_100170,Charles Taylor,USER170@GMAIL.COM,436-701-4153,30-08-2021,739.7,Spts,1,Canada,68,Female,Delivered,Yes,18.61
CUST_100611,Ruth Hernandez,  user287@gmail.com  ,733-451-5939,11/1/2020 0:00,671.82,Sports,,UK,40,Male,Delivered,No,
CUST_101449,DONALD SMITH,donald.91@gmail.com,531-283-3679,2/14/2023 0:00,142.64,Sports,4,,6,Male,Pending,Yes,36.66
CUST_101963,Karen Gonzalez,karen.65@gmail.com,642.310.5030,4/8/2019 0:00,333.5,Books,2,de,50,Female,Shipped,Yes,8.78
CUST_101975,John Jackson,user1975@invalid,863-796-3553,3/31/2018 0:00,753.38,Clothing,3,FR,63,Female,Cancelled,Yes,
CUST_100926,Donna Rodriguez,donna.44@hotmail.com,771-257-9265,6/29/2019 0:00,489.92,Automotive,1,United Kingdom,42,Male,Delivered,Yes,$27.09 
CUST_100694,Maria Jones,maria.43@yahoo.com,469-969-3283,7/19/2022 0:00,74.25,Automotive,6,FR,79,Female,Pending,Y,
CUST_100272,Jane Wilson,jane.77@outlook.com,682-602-8539,2/10/2020 0:00,179.55,Sports,1,United Kingdom,,Male,Shipped,Yes,17.17
CUST_101620,Ruth Johnson,ruth.70@outlook.com,491-433-4267,12/10/2020 0:00,$456.34 ,Clothing,8,AUS,37,Male,Pending,,38.52
CUST_100752,Matthew Martin,user752@invalid,461-191-2165,8/18/2021 0:00,577.7,Sports,2,Japan,39,Female,Pending,yes,28.96
CUST_100985,Jane Hernandez,,780-266-5974,9/30/2020 0:00,718.43,Home & Garden,3,France,78,Female,Cancled,No,$42.65 
CUST_100371,John Gonzalez,john.35@yahoo.com,797-250-5166,,$145.82 ,Clothing,5,United Kingdom,55,Male,Shipped,,23.41
CUST_100222,Nancy Smith,  user265@gmail.com  ,413-535-7178,3/14/2019 0:00,453.86,Automotive,2,CAN,34,Female,Shipped,No,7.35 USD
CUST_101301,David Davis,david.19@,185-244-7605,12/14/2019 0:00,350.66,Toys,3,JP,28,Female,Pending,No,34.29
CUST_100610,Richard Anderson,richard.81@hotmail.com,5562012226,,11.3,,,United Kingdom,78,Female,Cancelled,Yes,5.02
CUST_101913,Maria Garcia,maria.22@hotmail.com,962-294-8998,5/11/2021 0:00,$668.69 ,SPORTS,,Australia,43,Female,Pending,Yes,31.5
CUST_100518,Jennifer Martinez,jennifer.35@outlook.com,,4/7/2022 0:00,400.93,Toys,,USA,60,Male,Shipped,Yes,16.68
CUST_100334,Mark Davis,mark.82@yahoo.com,425.759.1648,8/12/2024 0:00,$690.33 ,Home & Garden,5,Canada,77,Male,Delvered,Yes,19.41
CUST_100756,Donna Jackson,donna.79@outlook.com,,1/24/2020 0:00,77.6,  Toys  ,Excellent,Canada,18,Female,Shipped,Yes,21.4
CUST_101220,Sandra Lopez,,652-650-4197,10/1/2024 0:00,524.63,Toys,5,Japan,51,Male,Shipped,No,9.88
CUST_101103,Michael Wilson,michael.78@outlook.com,218-548-2933,6/30/2018 0:00,491.11,Toys,5,CAN,67,Female,Cancelled,Yes,25.3
CUST_101379,Carol Taylor,user1379@invalid,185-276-8264,7/2/2022 0:00,160.15,Toys,2,France,66,Female,Delivered,No,
CUST_100015,Mark Garcia,mark.55@hotmail.com,756-254-1947,6/20/2019 0:00,60.96,,1,usa,44,Male,Shipped,Y,47.63
CUST_101518,SUSAN MOORE,susan.66@outlook.com,560-260-3910,6/15/2024 0:00,634.98,Clothing,3,Germany,51,Female,Cancelled,Yes,10.51
CUST_100915,Betty Jones,,634-640-4940,5/26/2019 0:00,500.77,Sports,5,DE,54,Male,Cancelled,No,32.08
CUST_101610,Michael Gonzalez,michael.21@yahoo.com,976-954-5974,10/13/2018 0:00,304.64,Sports,4,DE,28,Female,delivered,Yes,$19.84 
CUST_101761,Maria Martinez,maria.99@gmail.com,636-205-8718,6/11/2021 0:00,,  Toys  ,5,US,49,Female,SHIPPED,No,39.51
CUST_100570,Thomas Wilson,thomas.82@,,9/18/2019 0:00,85.62,Home & Garden,1,Germany,27,Female,Delivered,,49.47
CUST_101037,Thomas Martin,thomas.59@,933-535-3427,11/16/2022 0:00,500.68,,1,USA,47,Male,Cancelled,Yes,$7.74 
CUST_100986,Steven Martin,steven.25@yahoo.com,166-918-5828,10/8/2021 0:00,86.11 USD,Books,5,Germany,69,Male,Pending,Yes,30.61
CUST_100465,William Brown,william.29@gmail.com,537-795-3756,4/22/2020 0:00,368.77,Toys,Good,United Kingdom,80,Female,Shipped,No,9.17
CUST_101865,Emma Hernandez,emma.84@yahoo.com,128-919-7141,9/1/2019 0:00,657.05,Clothing,5,fr,28,Male,Delivered,Yes,37.97
CUST_100199,Emma Anderson,emma.21@outlook.com,447-967-5029,8/15/2021 0:00,602.52,Books,3,United States,,Female,Shipd,No,15.91
CUST_101261,Mark Moore,mark.40@hotmail.com,155-374-8954,12/6/2023 0:00,513.87,Sports,4,US,68,Female,Shipped,Yes,42.29
CUST_101107,Michael Hernandez,michael.81@company.com,927-912-9785,10/15/2023,199.03,Clothing,5,France,,Male,Cancelled,No,
CUST_101185,Ruth Davis,ruth.83@hotmail.com,617-178-6935,8/16/2021 0:00,,Sports,2,FR,,Male,Pending,No,12.54
CUST_101360,Matthew Johnson,,113-721-5473,N/A,602.83,BOOKS,4,,54,Female,Cancelled,No,49.55
CUST_101717,Nancy Garcia,nancy.42@company.com,971-135-7308,4/19/2019 0:00,369.78 USD,Electronics,3,United States,79,Female,Cancelled,Yes,40.4
CUST_100591,Charles Rodriguez,charles.96@,296-249-7984,3/27/2023 0:00,402.11,,1,USA,2,Male,Shipped,No,10.34
CUST_101525,Michael Moore,michael.45@yahoo.com,355-270-8731,4/16/2018 0:00,113.57,Toys,3,CAN,23,Male,Delivered,Yes,8.53
CUST_101466,Sarah Garcia,sarah.84@,,9/28/2018 0:00,721.41,Electronics,5,,66,Male,Shipped,No,10.54
CUST_101481,Betty Smith,user1481@invalid,288-864-5208,1/29/2024 0:00,631.08,Clothing,1,DE,62,Female,Pending,Yes,$7.54 
CUST_101393,Michael Gonzalez,michael.94@yahoo.com,282-385-3300,12/19/2020 0:00,704.06,Books,N/A,DE,69,Male,Pending,No,41.91
CUST_101799,Daniel Brown,daniel.83@yahoo.com,276-964-9189,2/16/2019 0:00,566.4,Automotive,5,Canada,70,Male,Cancelled,Yes,23.9
CUST_100618,Anthony Gonzalez,john.smith@gmail.com,3808133112,8/6/2018 0:00,15.77,Electronics,1,FR,48,Male,Shipped,Yes,17.24
CUST_100043,Betty Garcia,betty.77@yahoo.com,556-179-7050,3/10/2019 0:00,,Books,2,FR,54,Male,Delivered,Yes,10.45
CUST_100274,Ruth Moore,ruth.72@outlook.com,567-455-5873,6/30/2018 0:00,47.01,Books,4,JP,41,Female,Pendng,Yes,45.59
CUST_101543,Nancy Hernandez,nancy.77@outlook.com,227-206-3391,6/13/2021 0:00,366.56,Electronics,2,US,57,Male,Delivered,Yes,25.85
CUST_100101,Donald Williams,donald.58@gmail.com,,29-Feb-24,360.72,Clothing,1,Australia,twenty-five,Male,Cancelled,TRUE,45.1 EUR
CUST_100948,Anthony Anderson,,203-325-5395,18-Feb-21,372.74,Sports,4,DE,51,Female,Delivered,Yes,15.03
CUST_101897,William Moore,william.86@hotmail.com,6501538107,,17.68,,-1,AUS,73,Female,Cancelled,No,10
CUST_101033,David Johnson,david.93@,816-659-4282,5/24/2018 0:00,142.03,Clothing,1,United Kingdom,26,Female,Cancelled,No,47.49
CUST_100107,carol martin,carol.58@yahoo.com,6466762145,N/A,198.1,Home & Garden,2,DE,70,,Pending,No,27.08
CUST_100988,Richard Jones,,,7/13/2023 0:00,756.55,Sports,5,Germany,33,Male,Pending,No,19.65
CUST_100497,Nancy Wilson,  user410@gmail.com  ,555-243-9035,12/19/2021 0:00,693.65,Automotive,9,JP,18,Female,Pending,No,28.05
CUST_912611,Matthew Garcia,matthew.84@,229-990-1558,2/13/2018 0:00,741.76,Clothing,1,CAN,72,Female,Pending,No,$28.85 
CUST_100962,Carol Jones,carol.12@gmail.com,637-615-3741,2/9/2019 0:00,470.02,TOYS,5,France,39,Female,Cancelled,No,34.54
CUST_100966,JENNIFER GONZALEZ,jennifer.55@outlook.com,359-473-8516,3/15/2019 0:00,757.99,Books,1,United Kingdom,34,Male,Cancled,Yes,10.23
CUST_101293,Betty Thomas,,819-646-9300,10/27/2022 0:00,735.16,Sports,6,Canada,37,Female,Pending,No,$28.32 
CUST_101116,Michael Gonzalez,michael.49@,475-898-5795,3/13/2024 0:00,650,Clothing,5,Australia,58,Female,Delivered,Yes,47.98
CUST_101160,JOHN LOPEZ,user1160@invalid,116-794-6789,4/5/2021 0:00,465.57,Clothing,4,JP,72,Female,Delivered,No,30.48
CUST_101356,Sus@n Thom@s,susan.31@company.com,283-865-1174,1/11/2021 0:00,420.84,Electronics,1,France,39,Male,Cancelled,No,$18.51 
CUST_101161,Nancy Jackson,nancy.99@hotmail.com,145-714-4845,12/13/2023 0:00,358.82,Electronics,1,France,42,Male,Cancelled,Yes,46.71
CUST_100940,William Martin,william.24@outlook.com,532-298-5816,9/21/2020 0:00,638.74,Toys,,CAN,32,Male,Delivered,No,33.21
CUST_100072,RICHARD GONZALEZ,user72@,226-759-2395,9/5/2018 0:00,142.45,Books,1,Japan,27,Male,Cancelled,YES,
CUST_100817,Nancy Johnson,nancy.29@outlook.com,760-820-7484,9/28/2018 0:00,182.08,Sports,,UK,78,Female,Delivered,No,45.39
CUST_101270,Charles Gonzalez,charles.24@gmail.com,260-958-9776,3/16/2021 0:00,253.54,Books,2,CAN,53,Female,Shipped,Yes,31.46
CUST_101221,Richard Jones,richard.72@,,10/29/2018 0:00,133.79,Home & Garden,4,Germany,57,Female,CANCELLED,Yes,12.1
CUST_100832,Mark Rodriguez,  user179@gmail.com  ,746-690-7422,9/1/2026,597.54,Books,5,Japan,60,Female,Shipped,No,10.51
CUST_100481,Anthony Jones,anthony.78@yahoo.com,,3/23/2027,94.09 USD,Automotive,1.7,USA,80,Male,Shipped,No,48.36
CUST_101120,Carol Martin,carol.32@gmail.com,822-736-8966,4/5/2024 0:00,5.65,Clothing,4,Japan,21,Male,Pending,No,
CUST_100506,Jane Martin,jane.67@outlook.com,792-535-3346,7/23/2022,$226.60 ,Books,4,Canada,48,Female,Pending,No,23.82
CUST_100736,Sandra Jones,sandra.76@hotmail.com,491-588-1612,8/28/2019 0:00,192.87 USD,Electronics,1,Japan,66,Male,Delivered,Yes,9.76
CUST_100836,Mark Martin,mark.67@outlook.com,,7/7/2022 0:00,473.33,Clothing,1,US,66,Female,Pending,Yes,37.31
CUST_990951,Daniel Thomas,daniel.52@,791-901-1425,11/3/2018,633.64,Electronics,1,Canada,18,Female,Delivered,Yes,44.15
CUST_101357,Karen Miller,,4696384193,,421.08,  Sports  ,4,US,68,Female,Shipd,No,19.69
CUST_101544,Mark Martinez,,876-945-2831,4/17/2021,328.61,Boks,4,DE,43,Female,Delivered,No,22.09
CUST_100939,Matthew Miller,matthew.46@gmail.com,200-150-7267,12/17/2021 0:00,640.65,Home & Garden,3,AUS,29,Male,,No,47.58
CUST_100311,Thomas Wilson,thomas.50@hotmail.com,318.208.6842,6/6/2022 0:00,185.47,Sports,,FR,56,Male,Shipped,No,8.48
CUST_101604,Michael Lopez,,583-205-5916,4/13/2021 0:00,550.62,Home & Garden,5,US,49,Female,Pending,No,
CUST_100405,Michael Jackson,michael.13@hotmail.com,994-438-2641,7/16/2019 0:00,764.55,Electronics,2,UK,66,Male,Cancelled,Yes,16.65
CUST_101563,Lisa Gonzalez,lisa.43@,613-421-9574,1/28/2018 0:00,243.59,Automotive,1,AUS,44,Female,Delivered,Yes,28.42
CUST_100759,Robert Jackson,robert.91@company.com,798-523-9289,10/2/2021,289.41,Books,1,DE,65,Female,,No,22.9
CUST_101548,Maria Taylor,  user237@gmail.com  ,826-603-5009,5/28/2020 0:00,"$3,247.00 ",Sports,4,Canada,67,male,Delivered,Yes,
CUST_100309,Karen Martin,karen.22@yahoo.com,(434) 430-4105,8/26/2021 0:00,461.33,Sports,5,Australia,37,Male,pending,Yes,
CUST_100226,Donald Lopez,,576-624-6511,5/27/2020 0:00,718.68,Books,1,AUS,69,Female,Cancelled,No,33.56
CUST_101775,Charles Garcia,john.smith@gmail.com,436-529-5116,26-02-2021,$560.60 ,Automotive,,Canada,67,Male,Shipped,No,19.24
CUST_100771,John Garcia,john.62@company.com,587-217-5560,5/20/2022 0:00,519.58,Electronics,2,Australia,69,Male,Cancelled,No,18.15
CUST_101599,CHARLES JONES,charles.24@gmail.com,283-167-8078,10/31/2023 0:00,461.40 USD,Home & Garden,5,CAN,79,Male,Cancelled,yes,38.47
CUST_100900,Lisa Wilson,lisa.98@,605-727-1771,3/2/2019 0:00,126.63,Toys,5,DE,61,Male,Pending,Yes,15.92
CUST_100865,Mark Taylor,  user270@gmail.com  ,928-607-8144,2/23/2021 0:00,743.48,Cloth,5,United Kingdom,123,Male,Pending,Yes,49.79
CUST_100148,Thomas Moore,thomas.34@yahoo.com,1836851415,10/13/2024 0:00,424.52,Clothing,1,UK,80,Male,Cancelled,No,21.62
CUST_101860,Donald Miller,donald.24@,196-636-5223,12/4/2022 0:00,236.19,Automotive,5,France,32,Male,Cancelled,No,16.23
CUST_101457,"  Jane Martinez  	",jane.75@,218-718-8377,5/19/2018 0:00,103.01,Cloth,4,USA,,Female,SHIPPED,Yes,20.59 USD
CUST_100906,Mark Garcia,mark.25@yahoo.com,(430) 982-8138,6/20/2024 0:00,,Clothing,5,France,62,Male,Delivered,No,8.93
CUST_100889,Carol Hernandez,carol.98@outlook.com,147-381-7901,9/27/2021,526.54,Clothing,1,JP,26,Female,Delivered,Yes,
CUST_101506,Matthew Gonzalez,matthew.57@yahoo.com,270-739-6761,6/30/2019 0:00,556.65,Automotive,2,Canada,79,Female,Delivered,No,41.97
CUST_100575,Mark Johnson,  user426@gmail.com  ,(600) 663-9119,8/14/2023 0:00,$500.11 ,Sports,1,United States,77,Female,Cancelled,No,21.69
CUST_100557,HELEN BROWN,  user186@gmail.com  ,,6/30/2021 0:00,355.58,Toys,4,US,80,Male,Shipped,Yes,28.53
CUST_101159,Lisa Thomas,lisa.69@company.com,162-831-5244,8/12/2022 0:00,591.85,,4,United States,19,Male,Shipped,Yes,20.45
CUST_101075,William Garcia,,549-537-7162,N/A,41.15,Books,5,United States,54,Female,Shipped,Yes,43.31 USD
CUST_101389,Emma Martin,  user272@gmail.com  ,571-183-5042,11/13/2021 0:00,,Sports,2,Australia,76,Female,Delivered,No,
CUST_101852,Thomas Brown,thomas.16@yahoo.com,439-191-2542,,13.12,Home & Garden,3,Canada,57,Male,Pending,Yes,29.93
CUST_101803,Donald Martinez,USER1803@GMAIL.COM,420-736-9146,2/8/2024 0:00,7.75,Clothing,3,,70,Male,Delivered,No,$39.33 
CUST_100679,John Gonzalez,john.10@company.com,982-252-3401,9/20/2019 0:00,462.61,Electronics,5,Canada,74,Female,Cancelled,No,11.32
CUST_100167,Jane Hernandez,jane.89@company.com,575-914-8014,1/31/2023 0:00,129.91,Sports,2,US,42,Female,Shipped,Yes,23.03
CUST_101669,Susan Anderson,susan.50@hotmail.com,550-226-7145,1/5/2023 0:00,290.02,Electronics,4,United States,75,Male,Shipped,No,10.1
CUST_100286,Robert Wilson,user286@invalid,,4/12/2021 0:00,62.63,Automotive,2,United States,23,,Delivered,Yes,43.99
CUST_101676,Donna Hernandez,donna.94@company.com,858-719-6871,4/6/2019 0:00,"$3,209.00 ",Electronics,4,Australia,31,Male,Pending,Yes,21.18
CUST_100838,John Martin,john.91@company.com,180-685-7265,6/4/2023 0:00,686.89,Sports,4,UK,N/A,Male,Cancelled,FALSE,17.68
CUST_100628,Susan Jones,,325-403-5399,19-Apr-24,709.47,Clothing,4,DE,34,Female,Pending,Yes,9.22
CUST_100598,Carol Williams,carol.39@gmail.com,352-427-1779,30-05-2018,577.84,Clothing,1,UK,55,Female,DELIVERED,No,6.48
CUST_101745,Donna Wilson,,510-403-7386,3/12/2018 0:00,141.79,Electronics,1,CAN,80,Male,Cancelled,No,16.32
CUST_100869,Karen Taylor,karen.96@hotmail.com,3108398992,5/13/2021 0:00,"$1,308.00 ",Automotive,2,Canada,,Male,Cancelled,No,14.51
CUST_101709,William Martinez,william.21@,866-951-4215,9/26/2023 0:00,596.1,Automotive,2,United Kingdom,55,Female,Cancelled,Yes,23.32
CUST_101658,Michael Rodriguez,michael.18@hotmail.com,254-365-4651,3/27/2024 0:00,"$1,929.00 ",Spts,1,JP,26,Female,Delivered,Yes,$43.81 
CUST_101091,Carol Johnson,,174 924 1579,4/17/2019 0:00,566.45,Sport,1,UK,51,Female,Cancelled,No,48.81
CUST_101286,Anthony Jackson,anthony.98@yahoo.com,(702) 911-7408,4/20/2021 0:00,235.06,Automotive,1,Canada,21,Male,Pending,Yes,44.04
CUST_101670,Nancy Moore,nancy.14@gmail.com,,7/12/2024 0:00,332.21,Sports,1,JP,47,Male,Cancelled,Yes,13.91
CUST_100987,David Martin,david.28@,,9/14/2020 0:00,Free,Automotive,5,France,41,Male,Cancelled,Yes,47.36
CUST_101472,Jennifer Anderson,jennifer.72@company.com,644-856-7491,2/7/2024 0:00,,Automotive,5,,57,Male,Pending,No,33.44
CUST_101259,Michael Gonzalez,michael.29@,367-791-6203,5/8/2023 0:00,59.05,Clothing,4,Germany,51,Male,,No,11.32 USD
CUST_101558,John Rodriguez,john.63@yahoo.com,333-128,4/18/2022 0:00,,Home & Garden,2,,30,Female,Shipped,Yes,16.46
CUST_100609,Mark Moore,mark.60@yahoo.com,770-937-4120,8/6/2019 0:00,22.59,Books,2,Australia,72,Female,Shipped,Yes,19.42
CUST_101222,Mark Lopez,mark.27@gmail.com,126-478-4328,1/31/2021 0:00,643.9,  Electronics  ,4,AUS,20,Male,Cancelled,Y,48.65
CUST_100867,Susan Brown,susan.81@,8039665605,12/15/2023 0:00,659.25,Electornics,1,,28,Male,Delivered,Yes,23.09
CUST_101490,Robert Johnson,robert.62@company.com,,2/2/2020 0:00,564.8,Home & Garden,1,FR,,Male,Cancelled,No,32.74
CUST_101146,Thomas Garcia,thomas.46@company.com,682.776.6259,12/5/2023 0:00,588.87,Books,4,,49,Female,shipped,No,36.14
CUST_101960,Robert Gonzalez,robert.63@hotmail.com,-8889,N/A,169.83,Clothing,,DE,39,Male,Cancelled,Yes,13.17
CUST_100493,David Jones,david.92@company.com,(227) 618-5891,2/9/2021 0:00,488.88,Books,N/A,Australia,79,Male,Pending,Yes,29.27
CUST_101380,THOMAS RODRIGUEZ,user1380@,,2/10/2024,20.88,Books,2,France,65,,Delivered,Yes,44.45
CUST_100277,Michael Hernandez,USER277@GMAIL.COM,774-287-2565,7/13/2018 0:00,793.54,Sports,1,,28,Male,Shipped,Yes,12.58
CUST_101932,Sarah Hernandez,sarah.89@company.com,458-573-4287,9/27/2021 0:00,346.11,Clothing,5,France,55,Male,Cancelled,No,22.05
CUST_100358,Carol Wilson,carol.75@company.com,832-580-4206,12/26/2022 0:00,85.86,Toys,2,Germany,47,Female,Shipped,Yes,7.14
CUST_101164,David Martin,david.70@yahoo.com,480-949-7815,3/27/2024 0:00,247.09,,2,United Kingdom,18,Male,Cancelled,No,13.26
CUST_100236,STEVEN WILSON,steven.81@yahoo.com,965-381-4123,10/1/2024 0:00,$348.13 ,Electronics,2,DE,27,Male,Shipped,Yes,25.59
CUST_100551,Ruth Rodriguez,ruth.54@hotmail.com,446-795-5092,3/14/2024,309.62,Sports,5,US,31,Female,Shipped,Yes,9.01
CUST_101953,lisa moore,lisa.47@gmail.com,256-565-9789,6/27/2022 0:00,130.3,Home & Garden,4,AUS,26,Male,Delivered,No,8.64
CUST_101818,Nancy Garcia,john.smith@gmail.com,-6153,3/16/2020 0:00,,Sports,2,CAN,34,Female,Cancelled,No,19.59
CUST_100208,Sandra Moore,  user411@gmail.com  ,4878117131,9/17/2023 0:00,$724.46 ,Automotive,Excellent,UK,64,Male,,No,6.35
CUST_101452,Jane Wilson,,514-922-1200,1/4/2021 0:00,697.58,Clothing,4,Canada,52,,CANCELLED,No,43.23
CUST_101831,KAREN GARCIA,karen.70@outlook.com,207-926-4732,11/20/2018 0:00,211.37,Clothing,4,DE,45,Male,Cancelled,Yes,15.46
CUST_100058,David Rodriguez,USER58@GMAIL.COM,412-390-4532,12/14/2020 0:00,323.98,Boks,2,CAN,56,Female,Delivered,No,
CUST_100631,William Martin,william.17@yahoo.com,384-236-5430,1/11/2023 0:00,369.03,Home & Garden,4,Germany,61,Female,PENDING,Yes,7.47
CUST_101655,Michael Martin,user1655@invalid,511-688-5813,1/29/2022 0:00,348.39,  Automotive  ,3,DE,21,Male,Shipped,Yes,49.05
CUST_100667,Emma Williams,,124-332-7998,8/12/2024 0:00,678.11,Sport,5,AUS,78,male,Shped,No,5.76
CUST_101719,john anderson,  user10@gmail.com  ,,3/1/2023 0:00,409.96,Sports,3,Canada,47,Female,Shped,No,37.33 EUR
CUST_100363,James Wilson,james.94@outlook.com,139-227-7304,4/27/2019 0:00,"$3,821.00 ",Automotive,2,United States,,Female,Shipped,No,22.51
CUST_100505,Daniel Martin,daniel.18@yahoo.com,509-567-2364,5/26/2019 0:00,52.03,Electronics,2,Japan,39,Male,,TRUE,$18.61 
CUST_101406,Jane Brown,jane.35@,-3387,11/29/2019 0:00,347.01,Books,2,UK,55,Female,Pending,No,28.68
CUST_101175,MARIA JONES,maria.23@outlook.com,764-180-2266,5/16/2019 0:00,197.81,CLOTHING,,Japan,22,Male,Cancelled,No,47.73
CUST_101738,"  Betty Williams  	",betty.65@hotmail.com,255-676-9692,1/5/2019 0:00,249.25,Clothing,4,FR,66,Female,,No,49.32
CUST_101272,Jane Johnson,jane.48@hotmail.com,482-439-7773,1/30/2023 0:00,297.75,Clothing,,FR,55,Female,Pending,Yes,25.84
CUST_101010,jane thomas,jane.64@hotmail.com,409-905-4975,6/29/2023 0:00,700.59,Automotive,,JP,35,Male,Delivered,Yes,11.82
CUST_962429,William Smith,william.94@outlook.com,292-862-2902,5/30/2022 0:00,460.48,Sports,2,AUS,19,Female,Shipped,No,48.8
CUST_100888,Thomas Williams,,,9/18/2022 0:00,150.57,Sports,1,UK,74,Male,Cancelled,Yes,34.61
CUST_100118,Nancy Davis,,651-183-2270,6/9/2019 0:00,510.1,Books,0,France,51,Male,Cancelled,Yes,17.69
CUST_101305,Thom@s H3rn@nd3z,thomas.58@hotmail.com,137-429-7660,10/3/2024 0:00,741.63,Home & Garden,1,FR,72,Female,Shipped,Yes,27.64
CUST_100706,Donna Brown,donna.29@hotmail.com,406-581-7742,5/14/2018 0:00,445.13,Toys,N/A,France,40,Male,Pending,Yes,46.39
CUST_101432,Robert Jackson,robert.84@yahoo.com,,8/24/2019 0:00,103.93,,1,,57,Male,Cancelled,Yes,44.47
CUST_100522,DONNA JACKSON,donna.85@yahoo.com,(457) 817-5620,3/26/2018 0:00,108.86,  Home & Garden  ,2.4,Canada,34,Female,PENDING,Yes,
CUST_101242,Charles Anderson,charles.53@company.com,,N/A,509.99,Books,3,JP,29,Male,Delivered,No,8.8
CUST_100513,Michael Garcia,michael.27@,179-376-3041,1/2/2023 0:00,589.9,Toys,1,US,72,Female,Cancelled,Yes,25.37
CUST_100081,Susan Garcia,susan.38@,424-491-5213,5/14/2021 0:00,,Home & Garden,5,United Kingdom,21,Female,Cancelled,No,25.05
CUST_101641,Jane Brown,,123-243-2952,2/16/2023 0:00,421.1,Electronics,4,CAN,37,Male,Pending,No,$20.28 
CUST_100786,Carol Gonzalez,carol.46@outlook.com,809-684-7375,6/8/2018 0:00,505.82,,4,US,27,Male,,Yes,5.13
CUST_100724,Matthew Anderson,matthew.75@hotmail.com,654-209-2070,3/8/2021 0:00,549.84,Electronics,2,United States,40,Female,Cancelled,Yes,7.56
CUST_100380,William Gonzalez,william.10@company.com,(686) 895-6642,10/28/2022 0:00,576.98,HOME & GARDEN,,Canada,72,Female,,Yes,11.47
CUST_101080,Michael Anderson,michael.89@outlook.com,357-499-6863,4/10/2018 0:00,561.51,Toys,1,Australia,64,Female,Cancelled,No,6.68
CUST_101765,Maria Thomas,,837-449-5458,10/2/2019 0:00,526.93,Books,3,JP,80,Male,Cancelled,Yes,35.77
CUST_100084,Charles Garcia,user84@invalid,517.794.3772,11/30/2019 0:00,279.85,Sports,,Germany,45,Female,delivered,,46.59
CUST_101753,Maria Gonzalez,maria.21@yahoo.com,926-348-7410,6/10/2019 0:00,190.63,Automotive,5,France,19,Female,SHIPPED,,8.37 EUR
CUST_100672,Thomas Martinez,thomas.35@yahoo.com,221-469-2389,9/16/2023 0:00,645.87,Clothing,2,DE,35,Male,Shipped,No,$8.82 
CUST_100329,Betty Taylor,betty.26@hotmail.com,875-349-2300,9/25/2022 0:00,705.91,Automotive,3,US,22,Male,Shipped,Yes,19.65
CUST_100006,Susan Johnson,susan.50@hotmail.com,832-872-7799,5/10/2027,76.79,Books,5,Canada,68,Female,Cancelled,TRUE,41.85
CUST_100809,William Rodriguez,william.16@,925-957-2700,8/30/2022 0:00,285.64,CLOTHING,3,CAN,34,Female,Shipped,Yes,9.32
CUST_101571,Emma Jones,,859-307-6956,7/18/2024 0:00,674.07,Automotive,1,AUS,77,Female,pending,No,14.75
CUST_100997,Lisa Moore,,794 752 7328,5/28/2020 0:00,593.33,Clothing,1,US,31,Male,,No,43.91
CUST_101374,Sarah Hernandez,,968-424-3772,N/A,76.1,Toys,3,AUS,22,Female,Pending,No,$15.47 
CUST_100451,Thomas Smith,thomas.24@hotmail.com,153-986-3933,8/20/2021 0:00,"$1,388.00 ",Sports,2.9,United Kingdom,57,Female,Shipped,Yes,40.94
CUST_100490,Richard Thomas,richard.20@outlook.com,421-225-1641,9/30/2022 0:00,385.61,Electronics,2,AUS,25,Female,Delivered,Yes,$41.04 
CUST_101551,Donna Thomas,donna.72@gmail.com,708-136-3294,10/12/2022,219.55,Automotive,4,,55,Male,SHIPPED,Yes,35.32
CUST_100287,Helen Gonzalez,helen.25@company.com,791-867-8567,19-Jul-23,436.08,Automotive,6,France,26,Male,Delivered,Yes,14.6
CUST_100993,Jane Wilson,,887-674-3540,8/17/2022 0:00,145.04 USD,Sports,3,United Kingdom,71,Male,Shipped,Yes,19.32
CUST_100087,Donald Taylor,  user163@gmail.com  ,201-427-3334,7/10/2022 0:00,779.09,Books,5,United Kingdom,45,Male,Delivered,No,20.74
CUST_101431,Steven Taylor,steven.41@yahoo.com,(350) 257-7131,7/18/2022 0:00,39.07,,3,Germany,43,Female,Delivered,Yes,40.57
CUST_101336,Jennifer Johnson,jennifer.66@,6772043075,,451.03,Cloth,Excellent,USA,55,Male,Pending,YES,18.71
CUST_101791,Donna Moore,donna.93@yahoo.com,,3/12/2019 0:00,,Clothing,4,United Kingdom,51,Female,Pending,Yes,24.73
CUST_101376,Matthew Moore,matthew.93@company.com,780-512-7821,6/28/2019,601.93,TOYS,2,CAN,40,Male,Delvered,Yes,
CUST_101778,Susan Anderson,susan.45@gmail.com,-6678,10/12/2019 0:00,44.35,Automotive,3,CAN,56,Male,Shipped,No,39.66 EUR
CUST_101287,Jennifer Thomas,jennifer.11@,7209796114,,166.52,Sports,3,DE,79,Male,Shipped,Yes,19.7 EUR
CUST_101283,Daniel Hernandez,daniel.60@hotmail.com,880-850-7805,6/30/2024 0:00,371.69,Sports,5,DE,64,Male,Pending,Yes,33.4
CUST_101917,Susan Williams,susan.69@yahoo.com,218-262-9004,8/15/2024 0:00,"$5,228.00 ",Sports,4,United Kingdom,30,Female,Cancelled,No,40.88
CUST_101465,David Lopez,user1465@invalid,601.571.7014,11/2/2024 0:00,474.56,Clothing,2,Germany,77,Female,,No,42.81
CUST_101724,Helen Thomas,helen.65@company.com,220-862-5576,6/15/2019 0:00,765.33,Electronics,2,AUS,66,male,Shipped,yes,30.55
CUST_100327,Nancy Martin,nancy.55@company.com,,10/20/2018 0:00,549.26,Automotive,1,UK,40,Male,Pending,Yes,13.41
CUST_100442,Anthony Rodriguez,anthony.37@,651-972-8546,10/14/2024 0:00,,Toys,3.2,US,72,Male,Pending,Yes,38.18
CUST_101694,Lisa Thomas,lisa.68@,,9/7/2018 0:00,525.62 USD,Home & Garden,4,USA,55,Female,Cancelled,No,5.93
CUST_101131,Daniel Jones,daniel.76@gmail.com,-8837,12/28/2019 0:00,717.04,Books,6,Japan,51,Female,Delivered,No,47.85
CUST_101007,"  Donald Miller  	",,537-577-7889,9/14/2020 0:00,44407.25606,Home & Garden,1,Japan,20,Male,Cancelled,Yes,49.97
CUST_101510,Jennifer Gonzalez,jennifer.30@company.com,970-226-2588,3/7/2020 0:00,423.04,Sports,1,CAN,60,Male,SHIPPED,No,19.05
CUST_100177,Steven Jackson,steven.63@company.com,872-466-6098,5/17/2024 0:00,$420.01 ,Electronics,4,United Kingdom,18,Female,Shipd,,21.06
CUST_101494,William Jackson,william.82@yahoo.com,-9666,5/18/2022 0:00,$499.00 ,Clothng,5,France,63,Female,Shipd,Yes,26.25
CUST_100765,David Moore,,573-785-2531,11/5/2021 0:00,523.36,Toys,1,USA,20,Female,Delivered,No,38.78
CUST_100086,Carol Martinez,carol.82@gmail.com,285-127-1958,3/6/2023 0:00,43.23,Clothing,3,,25,Male,Shipped,No,8.58
CUST_101476,LISA ANDERSON,lisa.96@,349-945-9577,,753.95,Home & Garden,1,USA,52,,Delivered,Yes,8.15
CUST_101988,Michael Taylor,michael.55@gmail.com,255-267-7802,9/1/2024 0:00,789.38,Home & Garden,4,USA,67,Male,Cancelled,No,41.24
CUST_100457,nancy taylor,nancy.22@yahoo.com,299-817-9978,2/11/2020 0:00,152.92,Home & Garden,5,France,69,Male,Pending,No,24.34
CUST_101912,James Williams,user1912@invalid,110-525-7777,4/7/2022 0:00,385.2,Cloth,5,Japan,46,Male,Delivered,TRUE,6.22
CUST_100054,Ruth Jackson,ruth.44@company.com,396-141-9565,8/21/2024 0:00,Free,Toys,2,JP,79,Female,Cancelled,,37.15
CUST_101572,Sandra Moore,sandra.91@gmail.com,508-741-2619,1/17/2023 0:00,Free,Electronics,3,AUS,43,Male,Delivered,Yes,10.48
CUST_100643,Susan Brown,susan.61@outlook.com,325-432-5403,12/7/2022 0:00,406.86,Electronics,4,AUS,19,Male,Shipped,Yes,37.86
CUST_100677,Maria Jackson,user677@invalid,611-777-7047,6/15/2020 0:00,315.66,Electronics,2,United Kingdom,29,Male,Cancelled,Yes,49.88
CUST_100221,Nancy Wilson,nancy.93@outlook.com,-5708,6/20/2018 0:00,305.45,Sports,3,,55,Male,Delivered,No,25.15
CUST_100113,THOMAS TAYLOR,user113@invalid,778-429-6597,10/18/2021 0:00,$382.41 ,Home & Garden,10,FR,40,Female,Cancelled,Yes,
CUST_101047,Matthew Martin,matthew.10@company.com,460-771-6558,12/29/2022 0:00,($95.48),Books,4,Australia,43,Male,Shipped,No,13.54
CUST_101284,Charles Taylor,charles.40@,,5/18/2024 0:00,243.72,,2,Japan,46,Female,Shipped,Yes,25.07 USD
CUST_101057,Daniel Wilson,  user29@gmail.com  ,337-198-2740,6/5/2022 0:00,314.62,Sports,2,USA,65,Male,Cancelled,Yes,17.47
CUST_100174,Michael Martin,michael.72@,735-555-4046,6/9/2022 0:00,152.17 USD,Home & Garden,2,Japan,66,Female,Pending,Yes,41.56
CUST_101459,Mark Jones,mark.69@company.com,473-214-3930,1/31/2024 0:00,342.73,Toys,4,JP,65,Male,Shipped,No,34.64
CUST_100589,Matthew Jones,,293-975-3436,6/6/2022 0:00,66.65,Automotive,3,United States,54,Female,Pending,Y,18.46
CUST_101866,Anthony Martinez,anthony.10@company.com,276-293-9162,3/20/2021 0:00,224.53,Toys,3,US,19,Male,Delivered,Yes,10.13
CUST_101630,daniel jones,daniel.46@company.com,213-583-3200,12/24/2020 0:00,674.9,Automotive,5,USA,22,Male,Cancelled,No,
CUST_100018,David Miller,david.67@company.com,421-452-1129,3/28/2020 0:00,618.18,Automotive,3,DE,50,Female,Shipped,Yes,20.71
CUST_100423,Matthew Rodriguez,matthew.79@,316 274 2465,4/24/2018 0:00,531.46,Automotive,1,JP,39,Female,Delivered,Yes,24.14
CUST_101403,John Rodriguez,,798-915-5729,3/20/2019 0:00,564.93,Automotive,1,Japan,28,Male,Pending,No,30.46
CUST_100285,Nancy Jones,,,3/30/2023 0:00,76.62,Sports,1,United States,70,Female,Cancelled,No,36.09
CUST_101654,Helen Gonzalez,helen.68@gmail.com,899-809-8084,14-Nov-19,564.72,ELECTRONICS,3,Germany,54,Female,Pending,No,45.14
CUST_100428,James Hernandez,,748-842-9060,10/7/2019 0:00,304.7,Clothing,4,Canada,41,Female,Pending,No,45.8
CUST_101580,Susan Jones,susan.57@hotmail.com,665-384-2496,3/25/2021 0:00,51.74,Electronics,3,France,26,Female,Pending,Yes,5.12
CUST_100892,Anthony Wilson,,759-902-1076,8/6/2024 0:00,406.03,Toys,5,Japan,29,Male,Cancelled,Yes,31.26
CUST_100669,Daniel Martinez,daniel.32@hotmail.com,-4133,10/1/2020 0:00,185.23,Clothing,4,Canada,38,Male,SHIPPED,No,14.89 EUR
CUST_100031,Daniel Miller,daniel.31@company.com,213-849-1982,4/10/2019 0:00,593.75,,2,FR,21,Male,Cancelled,no,5.38
CUST_101437,Helen Miller,helen.60@hotmail.com,434-389-7956,12/1/2021 0:00,111.79,Toys,,Australia,42,Female,Delivered,Yes,47.42
CUST_100722,William Martin,william.93@,897-966-6496,10-Oct-23,687.16,Sports,5,AUS,36,Male,Delivered,No,43.21
CUST_101882,Michael Williams,michael.80@company.com,,3/9/2019 0:00,185.53,,1,US,68,Female,SHIPPED,Yes,26.7
CUST_100214,James Johnson,james.76@company.com,-9796,10/24/2024 0:00,262.53,Clothing,2,,79,Female,Pending,Yes,
CUST_100886,Carol Johnson,carol.10@outlook.com,761-531-8130,2/16/2019 0:00,112.91,Clothing,1,United Kingdom,45,Male,Delivered,No,5.87
CUST_101302,jane jackson,jane.45@hotmail.com,584-635-4808,6/21/2021 0:00,54.76,Home & Garden,3,France,30 years,Female,Shipped,1,14.69 USD
CUST_101524,Carol Lopez,carol.34@company.com,849-518-1374,5/22/2022,52.65,Sports,5,United States,67,Male,Shipped,No,32.91
CUST_100326,Helen Taylor,helen.33@company.com,821-113-4811,4/28/2020 0:00,532.87,Clothing,5,DE,63,Female,Shipped,Yes,15.69
CUST_100560,Anthony Thomas,anthony.24@hotmail.com,,6/3/2024 0:00,183.65,Clothing,5,Canada,19,Female,Shipped,No,28.03
CUST_101516,RUTH JOHNSON,ruth.83@,645-501-4688,6/3/2023 0:00,624.33,Automotive,3,United States,67,Female,Delivered,Yes,48.96
CUST_100700,Charles Taylor,charles.45@hotmail.com,708-991-3591,12/4/2018,646.51,Clothing,5,France,68,FEMALE,Shipped,No,28.45
CUST_100859,"  Jane Williams  	",jane.17@company.com,1306481377,1/9/2024 0:00,628.57,Sports,2,France,52,Female,Delivered,Yes,10.44
CUST_101340,Sandra Thomas,sandra.79@,-5801,5/5/2022,756.63,Sports,0,France,74,Male,Cancelled,Yes,20.51
CUST_100341,WILLIAM HERNANDEZ,william.88@gmail.com,171-297-1853,2/6/2019 0:00,Free,Toys,8,FR,75,Female,Cancelled,Yes,13.03
CUST_100629,"  Michael Thomas  	",michael.61@company.com,275-329-1747,4/12/2018 0:00,648.63,Electronics,2.6,DE,59,Female,Cancelled,No,45.63
CUST_100147,Lisa Williams,lisa.32@yahoo.com,,6/9/2023 0:00,465.53,Automotive,2,JP,30 years,Female,Cancelled,No,11.41
CUST_101251,Steven Rodriguez,steven.31@company.com,557-433-5053,8/8/2019 0:00,9.85,Sports,1,Germany,44,Male,Delivered,No,
CUST_100360,Donna Martin,donna.53@outlook.com,847-842-7131,5/3/2024 0:00,372.85,Automotive,4,France,44,Female,shipped,No,28.01
CUST_100083,Sandra Rodriguez,sandra.98@outlook.com,287-361-2468,2/19/2020 0:00,385.58,Books,1,AUS,41,Female,Pending,Yes,13.33
CUST_100048,lisa hernandez,lisa.33@gmail.com,230.596.8499,,48.08,Clothing,,,59,Female,,no,38.76 EUR
CUST_100468,Robert Miller,,707-544-3434,5/24/2022 0:00,557.45,Electronics,3,France,,Male,Shipped,No,14.18
CUST_100155,Robert Gonzalez,robert.60@company.com,448 952 1891,3/21/2022 0:00,189.88,Automotive,2,CAN,72,Male,Cancelled,Yes,43.82
CUST_100874,Robert Martinez,robert.86@hotmail.com,1346235146,2/15/2019 0:00,672.47,Books,2,Germany,20,Male,Delivered,No,21.2
CUST_985029,Daniel Jackson,daniel.28@,124-806-3735,5/4/2020 0:00,799.42,Automotive,5,Germany,21,Male,Pending,Yes,23.18
CUST_101255,Richard Johnson,richard.45@outlook.com,984-600-7750,30-05-2021,720.08,Sports,2,,22,Female,Shipped,No,5.29
CUST_101468,Charles Jones,charles.38@outlook.com,403-885-1385,2/14/2024 0:00,523.26,Clothing,3,DE,45,Female,Cancelled,No,$25.02 
CUST_101957,Carol Martinez,carol.77@gmail.com,407-247-1697,6/7/2022 0:00,,Books,1,United Kingdom,,Male,Cancelled,Yes,43.92
CUST_101702,Thomas Hernandez,thomas.95@outlook.com,839-637-3781,5/25/2024 0:00,146.27,Sports,,,24,Female,Shipped,,5.8
CUST_100500,LISA TAYLOR,lisa.18@outlook.com,292 245 5910,6/19/2020 0:00,,Clothing,1,UK,53,,Pending,Yes,49.1
CUST_101843,Donald Lopez,,813-790-5991,30-10-2020,177.98,Automotive,5,Australia,65,Female,Delivered,No,17.28
CUST_100179,Betty Johnson,john.smith@gmail.com,416.717.6618,N/A,,Electronics,4,United States,26,Female,Delivered,No,
CUST_101448,Richard Rodriguez,richard.57@,,14-05-2024,736.29,,3,AUS,30,Male,Pending,No,6.41
CUST_101834,"  Jennifer Johnson  	",jennifer.89@hotmail.com,548-609-8146,4/30/2023 0:00,352.36,Clothing,4,UK,66,MALE,SHIPPED,Yes,41.36
CUST_101809,Sarah Garcia,sarah.31@company.com,651-282-7520,3/11/2020 0:00,780.88,Books,4,FR,69,Male,Shipped,Yes,31.16
CUST_101475,RICHARD DAVIS,richard.67@company.com,381-453-8504,2/4/2020 0:00,,Clothing,Bad,CAN,60,Male,Cancelled,No,27.3
CUST_101210,Karen Davis,karen.85@hotmail.com,693-620-7990,11/9/2018 0:00,623.95,Clothing,1,,25,Male,Delivered,Yes,21.57
CUST_101691,JENNIFER THOMAS,,943-261-7868,3/5/2022 0:00,106.09,Books,4,CAN,52,male,Cancelled,No,36.88
CUST_100528,Donald Jones,donald.21@hotmail.com,773-229-3337,13-Jul-22,663.4,Clothing,2,Japan,23,Female,Pending,No,11.34
CUST_100346,Anthony Miller,anthony.45@gmail.com,720-354-5966,,47.19,Electronics,,US,38,Female,Delivered,Yes,29.58
CUST_101453,Maria Williams,maria.44@,2316889306,10/30/2024 0:00,283.73,Cloth,Good,France,74,Male,Delivered,No,30.49
CUST_951293,Sandra Martinez,sandra.22@outlook.com,178-175-9265,1/2/2024 0:00,697.93,Books,5,Canada,59,Male,Pending,Yes,31.55
CUST_101454,Nancy Johnson,nancy.79@company.com,565-111-8964,2/18/2024 0:00,193.52,Electronics,5,Japan,36,Male,Cancelled,FALSE,46.69
CUST_100385,Jane Lopez,jane.86@company.com,,4/1/2024 0:00,,Books,3,Japan,60,Female,Pending,Yes,32.48
CUST_101280,William Garcia,william.65@company.com,932-902-7190,2/12/2023 0:00,"$4,994.00 ",HOME & GARDEN,5,Canada,77,Male,Cancelled,Yes,30.53
CUST_101404,Matthew Lopez,matthew.19@yahoo.com,-6836,3/13/2023 0:00,437.92,Electronics,Excellent,DE,63,Male,Delivered,Yes,33.95 USD
CUST_100601,James Smith,james.10@company.com,358-603-6956,17-08-2022,163.5,Toys,1,DE,30,Male,Cancelled,Yes,26.82
CUST_101100,Maria Taylor,maria.14@,488-798-1296,6/23/2018 0:00,552.84,Books,2,DE,67,Female,SHIPPED,yes,31.35
CUST_100243,Sandra Hernandez,sandra.84@company.com,628-701-8679,1/1/2018 0:00,459.45,Automotive,,United Kingdom,73,Female,Cancelled,Yes,6.51
CUST_100973,Michael Wilson,,,1/14/2018 0:00,,BOOKS,5,Germany,40,Female,Delivered,Yes,31.55
CUST_100802,Susan Anderson,susan.22@company.com,764-566-7783,9/7/2021 0:00,460.05,Electronics,2,USA,68,Male,Shipped,Yes,$39.47 
CUST_101536,Robert Miller,,516-987-9515,11/2/2018 0:00,"$1,125.00 ",Sports,1,United States,72,Male,Delivered,Yes,40.61
CUST_101545,Richard Anderson,richard.58@gmail.com,475-522-6567,8/31/2021 0:00,120.04,Toys,,United Kingdom,40,Male,Shipped,TRUE,25.39
CUST_100312,Steven Jackson,steven.22@gmail.com,115-511-6181,5/28/2022 0:00,638.97,Electronics,4,UK,72,Male,Delivered,Yes,42.32
CUST_100435,William Smith,william.94@outlook.com,292-862-2902,5/30/2022 0:00,432.10 USD,Sports,2,AUS,19,Female,Delivered,No,48.8
CUST_101987,Michael Martinez,michael.72@outlook.com,921-675-3618,6/4/2019 0:00,494.55,Clothing,2,USA,31,Male,Pending,FALSE,29.54
CUST_101018,Steven Taylor,,985-162-2989,4/21/2018 0:00,636.86,Books,3,FR,,Female,shipped,Yes,11.58
CUST_100308,jane davis,jane.47@outlook.com,145-525-9396,10/3/2021 0:00,524.65,Sports,2,USA,40,Male,Cancelled,Yes,30.69
CUST_100430,Donald Williams,user430@,884-715-2059,11/4/2018 0:00,178.28,Electronics,,,146,Female,Cancelled,Yes,$8.86 
CUST_100660,David Davis,david.85@gmail.com,937-446-2392,26-02-2023,24.55,Home & Garden,3,JP,21,Female,Delivered,No,47.09
CUST_100370,Betty Moore,betty.62@gmail.com,760-251-5281,12/22/2026,560.41,Electronics,1,,52,Female,Delivered,No,5.61
CUST_100566,Sarah Gonzalez,sarah.15@company.com,-6889,N/A,121.75,Books,1,United Kingdom,69,M,Delivered,Yes,16.13
CUST_101873,Anthony Jones,,912-223-6106,5/17/2024 0:00,93.38,Automotive,4,CAN,69,Female,Delivered,No,7.59
CUST_101044,Lisa Martinez,lisa.16@hotmail.com,615-315-6715,31-Aug-24,685.15,Automotive,5,united states,45,Male,Cancelled,No,41.81 USD
CUST_100824,Jennifer Martin,USER824@GMAIL.COM,483.960.9502,12/30/2021 0:00,683.39,Toys,3,Canada,41,Female,Cancelled,No,34.03
CUST_100181,Susan Jackson,susan.17@company.com,,23-02-2019,479.51,Books,4,AUS,53,Female,Delivered,Yes,33.45
CUST_101023,RUTH SMITH,ruth.16@,738-804-4288,11/26/2026,"$3,686.00 ",Clothng,2,Germany,50,Female,Pending,Yes,15.56
CUST_100621,David Taylor,,176-269-8172,N/A,99.34,Toys,Bad,DE,61,Female,Delivered,Yes,11.82 EUR
CUST_101898,Daniel Jones,,636-969-3921,6/23/2022 0:00,356.63,Toys,2,UK,69,Female,Pendng,No,23.4
CUST_101386,John Hernandez,john.21@,286-847-2415,9/1/2020 0:00,518.82,HOME & GARDEN,4,United States,39,Male,Delivered,No,
CUST_101948,Daniel Gonzalez,john.smith@gmail.com,,9/22/2020 0:00,610.45 USD,Toys,3,JP,27,Female,Delivered,No,11.97
CUST_100813,Donald Williams,user813@,972-530-4471,1/31/2024 0:00,495.08,Home & Garden,0,UK,67,Female,,No,$35.28 
CUST_101489,"  Lisa Moore  	",lisa.39@company.com,794-391-5467,1/3/2018 0:00,398.32,Books,1,Japan,62,Female,shipped,Yes,$11.94 
CUST_101925,Anthony Hernandez,anthony.43@,214-334-1623,4/28/2019 0:00,625.24,Toys,4,Japan,50,Female,Delivered,TRUE,49.61
CUST_101005,Charles Taylor,charles.38@,(639) 552-6132,1/19/2019 0:00,220.41,Toys,10,Germany,57,Female,Pending,No,28.71
CUST_101125,Maria Gonzalez,  user473@gmail.com  ,550 765 8434,N/A,586.22,Sports,2,United Kingdom,32,Female,Shipped,Yes,43.2
CUST_100296,Thomas Anderson,  user103@gmail.com  ,7878811183,8/18/2019 0:00,646.77,Boks,10,Canada,60,Male,Pending,No,20.09
CUST_100984,Donald Taylor,donald.30@outlook.com,253-635-5747,4/17/2023,480.55,Toys,4,,51,Male,Shipped,Yes,10.65
CUST_100461,Anthony Anderson,anthony.37@,398-248-4436,3/14/2024 0:00,675.32,Sports,3,Australia,19,Female,Delivered,TRUE,$13.37 
CUST_101362,Matthew Jackson,matthew.96@hotmail.com,590-507-1719,8/14/2022 0:00,$200.38 ,Toys,5,Germany,23,Female,Pending,Yes,16.2 USD
CUST_101230,Richard Martin,richard.40@,564-745-9402,6/8/2022 0:00,223.04,Home & Garden,1,US,49,Female,Cancelled,No,25.52
CUST_100377,James Gonzalez,user377@invalid,358-808-5951,7/25/2019,($47.59),Sports,-5,uk,26,Female,Shipped,Yes,26.25
CUST_100798,Betty Wilson,betty.42@hotmail.com,715-486-4541,7/4/2024 0:00,,Electronics,2,fr,77,Female,Delivered,Yes,19.86
CUST_101384,Matthew Rodriguez,,681-956-2410,1/2/2018 0:00,428.45,Automotive,4,Canada,22,Female,Cancelled,No,20.91
CUST_100105,Nancy Garcia,,489-459-4485,9/2/2018 0:00,72.47,Sports,5,Germany,62,Male,Cancelled,No,37.35
CUST_100126,Lisa Rodriguez,lisa.70@gmail.com,9357285967,9/18/2021 0:00,691.26,Home & Garden,3,France,22,Female,Cancelled,Yes,30.35
CUST_101178,Emma Jones,emma.89@yahoo.com,224-967-9646,9/23/2024,431.47,Automotive,1,DE,,Male,Pending,Yes,25.2
CUST_101922,Lisa Taylor,lisa.43@outlook.com,(222) 504-4311,5/9/2023 0:00,735.23,Automotive,2,United Kingdom,80,Male,Cancelled,No,37.44
CUST_101978,Jane Johnson,jane.36@company.com,233-880-8973,7/23/2023 0:00,733.87,HOME & GARDEN,3,JP,48,Male,delivered,No,7.87
CUST_100914,Robert Garcia,robert.83@company.com,970-523-8320,3/24/2021 0:00,111.11,Toys,,CAN,31,Male,Cancelled,No,$27.04 
CUST_100355,Richard Thomas,,844.279.5215,8/9/2022 0:00,38.79,Books,1,,47,M,Cancelled,Yes,15.6
CUST_101688,David Williams,,259.243.8697,9/4/2023 0:00,,Home & Garden,5,Australia,59,Male,Pending,,18.22
CUST_100682,Ruth Martin,ruth.72@yahoo.com,385-248-2481,9/14/2022 0:00,494.22,Electronics,Bad,JP,45,Male,PENDING,No,21.1
CUST_101001,Maria Jackson,maria.33@hotmail.com,304-356-3223,22-02-2021,724.35,Sports,3,FR,31,Female,Delivered,Yes,11.99
CUST_101316,Charles Gonzalez,charles.29@,109-403-2926,8/24/2019 0:00,319.86,Clothing,2,UK,35,Male,Pending,Yes,27.96 EUR
CUST_101816,Matthew Moore,matthew.58@yahoo.com,141-351-9978,7/9/2023 0:00,338.28,Electronics,7,DE,27,Male,Cancelled,No,17.91
CUST_100209,David Rodriguez,,539-751-5006,11/4/2019 0:00,299.92,Automotive,,Germany,39,Male,Delivered,yes,40.27
CUST_100965,Ruth Lopez,user965@,459-658-5216,,408.17,Cloth,3,FR,48,Female,Delivered,Yes,11.86
CUST_100140,Sandra Hernandez,sandra.70@company.com,,2/5/2021 0:00,,,1,United States,62,Female,Cancelled,No,32.72
CUST_101505,Jane Lopez,jane.83@yahoo.com,,10/7/2020 0:00,16.12,Clothing,Bad,Canada,45,Male,Delivered,No,18.11
CUST_101446,Thomas Martinez,thomas.68@hotmail.com,535-254-5668,12/15/2019 0:00,689.15,Toys,1,United States,59,Female,PENDING,Yes,41.01
CUST_101111,Emma Anderson,user1111@,770-350-5790,8-Jan-21,632.74,Toys,3,JP,18,Female,Delivered,No,23.32 EUR
CUST_101645,Mark Martin,mark.35@outlook.com,132-616-6358,4/30/2018 0:00,"$5,924.00 ",Clothing,5,JP,44,Male,Pending,No,8.93
CUST_101344,Anthony Rodriguez,,535-780-8728,4/15/2018 0:00,586.25,Sports,2,USA,47,Female,Cancelled,Y,39.64
CUST_100925,Thomas Martinez,thomas.77@yahoo.com,420-878-6108,10/23/2018 0:00,117.89,Toys,3,FR,78,Male,,Yes,43.77
CUST_100974,Charles Lopez,charles.96@company.com,812-541-6888,22-Mar-18,786.1,Books,7,UK,34,Female,Delivered,,8.72
CUST_100711,Maria Williams,,796-996-8443,6/9/2018 0:00,738.82,Electronics,4,UK,150,Female,Pendng,No,30.94
CUST_101355,Ruth Garcia,ruth.49@gmail.com,-5798,6/22/2020 0:00,399.59,Automotive,2,AUS,25,Female,pending,No,11.99
CUST_100943,Thomas Brown,thomas.36@company.com,(151) 761-5078,,41882.74745,Automotive,2,CAN,21,Female,Cancelled,Yes,
CUST_101756,DAVID LOPEZ,david.64@yahoo.com,,7/26/2020 0:00,646,Clothing,4,AUS,51,Male,,Yes,37.72
CUST_100931,Jane Johnson,jane.13@outlook.com,691-763-2672,10/30/2021 0:00,142.57,Sports,,Australia,60,Female,Delivered,Yes,11.36
CUST_100938,"  Thomas Jackson  	",thomas.41@company.com,441-154-8230,8/21/2019 0:00,369.47,Books,1,United States,53,,Delivered,Yes,41.03 USD
CUST_100010,John Moore,,972-628-6927,12/13/2020 0:00,545.22,Electronics,1,France,20,Male,Delivered,,$7.33 
CUST_101771,John Hernandez,john.97@gmail.com,970 780 9102,9-Sep-18,399.85,Home & Garden,1,,32,Female,Pending,Yes,48.82
CUST_101177,Matthew Jackson,matthew.61@company.com,745-661-7849,2/23/2019 0:00,168.98,Electornics,1,JP,73,Male,Pending,No,25.17
CUST_100282,Helen Wilson,helen.42@company.com,178-873-2723,1/24/2024 0:00,523.3,Sports,5,Canada,twenty-five,Male,Cancelled,No,18.19
CUST_100810,Maria Jones,john.smith@gmail.com,(116) 731-7738,13-Oct-22,378.86,Home & Garden,2,DE,68,Male,Shipped,Yes,28.02
CUST_101144,Robert Brown,robert.23@yahoo.com,470-375-5104,,201.33,Home & Garden,5,Australia,53,Female,Delivered,No,47.29
CUST_100291,"  Nancy Smith  	",nancy.22@,169-184-9985,9/25/2021 0:00,514.98,Toys,,United States,76,Male,Cancelled,Yes,
CUST_100754,donna hernandez,,362-881-8242,9/26/2022 0:00,277.07,Books,2.3,,47,Female,Pending,No,17.86 EUR
CUST_100626,Ruth Anderson,USER626@GMAIL.COM,909-625-8461,11/9/2026,130.14,Books,3,CAN,54,Female,Shipped,,35.97
CUST_101235,Sandra Hernandez,user1235@,742-108-5029,3/1/2020 0:00,105.21,Automotive,4,USA,57,Female,Shipped,Yes,31.6
CUST_100940,William Martin,william.24@outlook.com,532-298-5816,9/21/2020 0:00,638.74,Toys,,CAN,32,Male,Delivered,No,33.21
CUST_100129,David Jackson,,823-720-4425,7/26/2020 0:00,381.97,Toys,2,United Kingdom,,Male,Shipped,No,47.14
CUST_101229,Jane Martinez,jane.83@hotmail.com,434-260-9307,10/14/2021 0:00,750.82,Electronics,1,FR,26,Female,,Yes,6.79
CUST_100843,Maria Smith,maria.34@company.com,775-152-5505,2/19/2022 0:00,451.28,Electronics,2,JP,63,Female,Delivered,No,
CUST_100323,Ruth Brown,ruth.17@yahoo.com,782-593-2106,1/31/2019 0:00,619.89,Automotive,3,JP,37,Male,Cancelled,No,6.48
CUST_101263,Helen Martin,helen.53@gmail.com,519-326-3728,3/14/2022 0:00,($79.52),Home & Garden,2,US,71,Female,Delivered,Yes,
CUST_101068,Maria Williams,maria.57@hotmail.com,928-908-4150,12/5/2020,597.56,Books,,US,80,Female,Shipped,No,42.76
CUST_101034,Jennifer Thomas,jennifer.25@gmail.com,396-396-2638,9/18/2022 0:00,240.84,Automotive,10,Australia,53,Male,Pending,Yes,8.94 EUR
CUST_101950,William Jones,william.23@,730-496-8367,2/18/2024 0:00,394.63,Clothing,0,Canada,28,Female,Pending,Yes,5.29
CUST_100944,Donna Hernandez,donna.43@company.com,324-217-1870,2-Sep-18,705.46,Automotive,3,united kingdom,61,Male,cancelled,No,45.84
CUST_100952,maria martinez,maria.11@gmail.com,737-588-6002,7/7/2020 0:00,89.17,Electronics,1,,55,Female,Cancelled,,20.06
CUST_100695,Michael Martinez,michael.40@outlook.com,247-955-7898,8/21/2020 0:00,32.63,Clothing,5,DE,34,Male,Cancelled,Yes,33.04
CUST_100215,Michael Wilson,michael.23@gmail.com,729-166-3743,3/12/2020 0:00,655.27,Sports,5,AUS,32,Male,Cancled,No,
CUST_101083,Donna Miller,donna.33@company.com,973-630-9192,7/27/2024 0:00,472.56,Electronics,2,France,39,Female,PENDING,Yes,29.32
CUST_101353,Sarah Jones,sarah.93@yahoo.com,9864748636,8/12/2022 0:00,649.65,Home & Garden,2,AUS,28,Male,Shipped,Yes,34.14
CUST_101319,William Moore,william.60@company.com,635.801.4349,3/30/2022 0:00,777.48,Automotive,2,France,69,Male,Delivered,No,
CUST_100158,John Gonzalez,john.76@hotmail.com,740-557-3045,14-Apr-18,569.83,Books,2,AUS,66,Male,Pending,,26.9
CUST_101352,Anthony Thomas,anthony.89@gmail.com,545-767-6704,12/16/2027,772.56,HOME & GARDEN,3,France,36,MALE,Pending,Yes,18.74
CUST_101110,Betty Wilson,,389-144-6146,19-08-2022,489.48,,1,Canada,62,,Delivered,No,8.5
CUST_101815,EMMA THOMAS,emma.44@outlook.com,184-431-4683,12/14/2023 0:00,185.21,Home & Garden,3,United States,74,Female,Shipped,No,28.91
CUST_959946,Sarah Johnson,sarah.67@outlook.com,637-499-9405,5/12/2024 0:00,248.31,Toys,4,usa,43,Female,Pending,Yes,15.58
CUST_100841,James Martinez,USER841@GMAIL.COM,7683275864,7/18/2023 0:00,214.72,Automotive,2,United Kingdom,23,Male,Delivered,Yes,$34.45 
CUST_100634,Carol Hernandez,carol.76@outlook.com,,7/28/2018 0:00,586.04,TOYS,1,Japan,49,Male,Cancelled,FALSE,32.81
CUST_100516,Karen Martinez,karen.32@,471-441-5476,12/18/2022 0:00,572.94,Automotive,2,JP,30,Female,Shipped,No,22.21
CUST_101711,Daniel Davis,daniel.18@company.com,-3597,,396,Home & Garden,,DE,38,Male,Delivered,No,20.18
CUST_101591,Susan Smith,susan.53@yahoo.com,299-703-8475,20-04-2019,659.98,Electronics,2,Japan,74,Male,Pending,No,49.42
CUST_100597,ch@rl3s jon3s,user597@invalid,(472) 387-6751,8/9/2023 0:00,324.09,Clothing,5,US,80,Female,Delivered,No,47.84
CUST_100195,D@vid Lop3z,david.86@hotmail.com,6998836896,,786.04,Automotive,3,Germany,79,Female,Pending,No,17.97
CUST_101828,Matthew Thomas,matthew.64@,947-819-5045,12/6/2022 0:00,35.25,Sports,3,FR,29,Female,Cancelled,No,5.14
CUST_100949,Thomas Taylor,  user146@gmail.com  ,275-904-4335,2/26/2018 0:00,85.76,Clothing,1,,49,Female,Pending,Yes,28.43
CUST_100410,donna jackson,donna.47@yahoo.com,733-802-8785,5/8/2022,455.83,Sports,4,JP,24,Female,Delivered,No,20.67
CUST_100096,Steven Martinez,john.smith@gmail.com,668 767 3057,24-Jan-20,297.1,Electronics,1,UK,29,Female,Pending,Yes,10.77
CUST_100440,William Rodriguez,william.30@hotmail.com,915-229-9515,5/1/2022 0:00,60.45,Elec,1,Japan,56,Female,Cancelled,No,49.86
CUST_100549,Karen Taylor,karen.19@company.com,626-461-1834,7/25/2020 0:00,726.39,Clothing,0,,48,Male,Cancelled,Yes,24.8
CUST_100156,Steven Johnson,steven.45@company.com,632-913-4878,2/14/2018 0:00,690.17,Home & Garden,1,France,66,Male,Pending,Yes,26.23
CUST_100419,Maria Anderson,maria.16@gmail.com,,1/21/2022 0:00,40.05,Sports,5,CAN,66,Female,Shipd,Yes,
CUST_100922,William Hernandez,william.71@company.com,-9776,16-10-2020,537.91,Clothing,4,Germany,58,Male,Delivered,Yes,11.38
CUST_101885,Anthony Lopez,anthony.61@gmail.com,676-688-9715,11/28/2020 0:00,792.67,Home & Garden,1,UK,21,Female,Shipped,Yes,16.91
CUST_100477,anthony moore,anthony.74@gmail.com,-10241,2/6/2023 0:00,103.97,Home & Garden,3,United Kingdom,37,Male,Cancelled,Yes,24.19
CUST_101941,Sandra Miller,sandra.90@company.com,,10/25/2022 0:00,423.94,ELECTRONICS,2,FR,64,Male,Cancelled,NO,24.66
CUST_100668,Thomas Lopez,thomas.53@gmail.com,461-771-5699,2/16/2021 0:00,343.21,Sports,4,USA,49,Female,Delivered,Yes,13.48
CUST_101090,Jennifer Lopez,jennifer.91@yahoo.com,779-999-2021,7/5/2021 0:00,591.31,Clothing,2,Germany,34,Male,Pendng,No,
CUST_101958,Robert Taylor,robert.50@company.com,827-654-4718,11/30/2023 0:00,Free,Electronics,3,JP,80,Male,Pending,Yes,16.53
CUST_101359,William Martinez,william.88@yahoo.com,196-477-5157,10/27/2019 0:00,171.89,  Clothing  ,1,JP,27,Male,Cancelled,No,45.46
CUST_100447,Karen Moore,user447@invalid,968-823-8836,9/15/2018 0:00,410.8,Books,1,AUS,51,Female,Delivered,No,31.34
CUST_100553,Susan Thomas,susan.27@hotmail.com,594-400-5337,11/11/2020 0:00,$412.16 ,Home & Garden,4,,43,Male,Pending,Yes,32.74
CUST_100178,Lisa Jackson,lisa.34@hotmail.com,654-894-3385,,306.62,,1,FR,37,Female,Delivered,No,33.22
CUST_100390,Donald Smith,donald.27@hotmail.com,1608673993,7/18/2019 0:00,568.1,Automotive,5,FR,32,,delivered,No,12.82
CUST_100578,ruth martinez,ruth.43@yahoo.com,859-963-7370,,528.12,Clothing,2,Germany,68,Male,Delivered,Yes,32.25
CUST_101927,Carol Wilson,carol.10@hotmail.com,730 479 8177,10/1/2022 0:00,25.19,Sports,2,JP,78,Female,Pending,No,37.21
CUST_101783,Sandra Martin,sandra.87@,(958) 912-2615,7/20/2022 0:00,599.29,Books,,France,80,Female,Delivered,No,
CUST_100963,William Williams,william.77@outlook.com,893-196-2638,10/17/2023 0:00,311.3,Toys,4,Germany,12,Female,Cancelled,N,37.36
CUST_101345,David Brown,user1345@invalid,612-878-2921,,718.27,Home & Garden,1,Australia,21,Male,shipped,Yes,40.23 USD
CUST_101524,Carol Lopez,carol.34@company.com,849-518-1374,5/22/2022,52.65,Sports,5,United States,67,Male,Shipped,No,32.91
CUST_101716,Robert Jackson,robert.50@yahoo.com,483-777-3379,9/11/2019 0:00,600.82,Electronics,4,DE,21,Male,Shipped,Yes,49.72
CUST_101782,Richard Smith,richard.74@gmail.com,,27-01-2022,90.02 USD,BOOKS,1,Germany,79,Male,Shipped,No,10.53
CUST_100820,Helen Brown,helen.90@gmail.com,774-370-6036,10/14/2021 0:00,Free,Toys,N/A,AUS,35,Male,Shipped,No,33.23
CUST_101622,Steven Jackson,steven.23@yahoo.com,209-176-4983,3/13/2023 0:00,549.98,Books,5,FR,61,Male,Pendng,No,29.25
CUST_101908,Robert Jones,robert.26@,957-511-1733,11/28/2020 0:00,,Clothing,2,Australia,10,Male,Delivered,Yes,46.79 USD
CUST_101054,Jennifer Wilson,jennifer.41@company.com,694-456-7615,7/30/2020 0:00,715.44,BOOKS,5,Canada,26,Female,Delivered,Yes,17.17
CUST_101946,Michael Brown,michael.70@gmail.com,222-977-4678,8/7/2019,Free,Clothing,3,United Kingdom,64,Male,Shipped,Yes,5.44
CUST_100664,Steven Anderson,steven.76@company.com,226-121-1729,2/23/2024 0:00,389.66,,4,US,68,Female,Cancelled,No,11.83
CUST_100142,Lisa Miller,,430-542-7666,8/30/2018 0:00,537.27,Toys,,DE,45,Male,Cancelled,Yes,40.14
CUST_101587,Ruth Thomas,ruth.12@hotmail.com,552-185-8799,10-Jun-21,497.67,Books,5,AUS,61,Female,Shipped,Yes,10.9 USD
CUST_101546,Nancy Lopez,,348.914.8906,4/8/2020 0:00,244.72,Electronics,,CAN,50,Female,,No,
CUST_100864,James Miller,james.78@hotmail.com,664-767-5822,4/4/2022 0:00,349.11,Electronics,4,US,56,Male,Shipped,No,24.93
CUST_100421,Susan Garcia,susan.66@yahoo.com,578-272-8311,11/4/2022 0:00,217.31,Home & Garden,4,France,72,Male,Pending,No,31.68
CUST_100636,richard hernandez,richard.76@,(822) 662-5326,1/12/2022,137.77,Sports,2,France,39,Female,Shipped,No,26.6
CUST_101474,Susan Moore,susan.96@company.com,248.748.9084,1/18/2024 0:00,,Clothing,,Canada,58,Male,,No,18.91
CUST_100799,Sarah Brown,sarah.25@,295-795-1235,3/12/2024 0:00,"$5,575.00 ",CLOTHING,2,FR,75,Male,Delivered,No,33.33
CUST_101118,Donna Garcia,donna.73@yahoo.com,654-615-2710,N/A,88.28,Electronics,2,Canada,18,Female,Cancelled,Yes,15.46
CUST_100615,Lisa Wilson,lisa.25@,559-744-2923,30-07-2018,"$3,689.00 ",Home & Garden,4,United States,19,Female,Shipped,No,42.2
CUST_100294,Donna Jackson,donna.89@gmail.com,1187212646,11/4/2019 0:00,,Toys,5,Japan,66,Male,Pending,No,21.38
CUST_101006,Susan Garcia,susan.35@yahoo.com,801-829-6858,9/16/2024 0:00,,Books,2,AUS,65,Female,Shipped,Yes,26.95
CUST_101541,Anthony Miller,anthony.27@company.com,507-948-1653,6/4/2018 0:00,439.99,Home & Garden,1,CAN,37,Female,Cancelled,Yes,36.76
CUST_101991,"  Nancy Hernandez  	",nancy.23@,355-216-3402,1/12/2018 0:00,562.07 USD,Home & Garden,4.4,United Kingdom,20,Male,Pending,Yes,48.28
CUST_100088,Betty Miller,betty.88@yahoo.com,431-364-7152,3/18/2023 0:00,297.95,Sports,2,DE,N/A,Female,Delivered,No,44.12
CUST_100041,Helen Rodriguez,,535.948.7751,3-Mar-23,180.48,Sports,4,,65,Female,Shipped,No,
CUST_101884,SANDRA RODRIGUEZ,  user495@gmail.com  ,193-779-6251,4/23/2018 0:00,350.93,Clothing,2,US,36,Male,Pending,No,21.15
CUST_101932,Sarah Hernandez,sarah.89@company.com,458-573-4287,9/27/2021 0:00,346.11,Clothing,5,France,55,Male,Cancelled,No,22.05
CUST_100131,Lisa Thomas,lisa.57@yahoo.com,753-505-2817,10/17/2020 0:00,279.55,Books,5,AUS,45,Female,Pending,No,24.62
CUST_101058,Emma Williams,emma.14@yahoo.com,795-587-6302,7/6/2024 0:00,601.31,H&G,2,Germany,30 years,Male,Shipped,,33.2
CUST_100409,Donna Brown,donna.28@gmail.com,643.386.5072,5/27/2020 0:00,198.69,Books,2,DE,58,Male,Pending,YES,9.59
CUST_101121,Helen Anderson,helen.14@yahoo.com,308-240-9535,12/25/2021 0:00,$128.27 ,Toys,2,DE,29,Female,Cancelled,No,35.3
CUST_101940,Thomas Lopez,thomas.28@,519-630-9753,10/15/2020 0:00,26.96,Clothing,3,AUS,25,Male,Delivered,Yes,26.17
CUST_101405,Anthony Davis,anthony.85@company.com,(891) 315-5230,8/9/2023 0:00,781.37,,4,FR,65,Male,Pending,Yes,29.91
CUST_101569,Thomas Garcia,thomas.16@outlook.com,465-610-8525,10/20/2022 0:00,535.59 USD,Home & Garden,4,Australia,24,Female,Shipped,Yes,11.99
CUST_100164,Jennifer Miller,jennifer.43@hotmail.com,672-153-5831,7/10/2021 0:00,($20.15),Books,Excellent,CAN,51,Female,Pending,No,31.23 USD
CUST_100724,Matthew Anderson,matthew.75@hotmail.com,654-209-2070,3/8/2021 0:00,549.84,Electronics,2,United States,40,Female,Cancelled,Yes,7.56
CUST_100290,Jennifer Gonzalez,jennifer.11@outlook.com,239-434-8606,11/3/2020,$630.11 ,HOME & GARDEN,2,USA,70,Male,Delivered,Yes,$41.29 
CUST_101196,Daniel Jackson,daniel.28@,124-806-3735,5/4/2020 0:00,700.57,Automotive,5,Germany,21,Male,Shipped,Yes,23.18
CUST_101606,daniel davis,daniel.18@outlook.com,296-884-7491,6/16/2019 0:00,266.44,Automotive,5,Germany,129,Male,Pending,No,38.91
CUST_101984,Michael Moore,michael.53@hotmail.com,318-414-2081,9/16/2018 0:00,452.44,Toys,4,FR,47,Female,Cancled,YES,40.77
CUST_101938,Daniel Smith,,641 394 3639,3/5/2021 0:00,207.48,Automotive,7,United States,40,Male,Delivered,No,26.43
CUST_101423,Mark Davis,john.smith@gmail.com,2704079586,10/18/2021 0:00,$646.75 ,Toys,5,,28,Male,Cancelled,NO,14.08
CUST_100778,Charles Jackson,charles.78@outlook.com,750-280-2369,,371,Automotive,5,Germany,39,,Cancelled,,47.35
CUST_100839,ruth rodriguez,ruth.33@gmail.com,,10/2/2018 0:00,363.46,Electronics,3,United Kingdom,18,Female,Delivered,No,19.5
CUST_100348,Susan Hernandez,susan.40@gmail.com,900-592-2310,2/6/2024 0:00,317.81,Books,3,France,46,Female,Cancelled,No,40.58
CUST_101852,Thomas Brown,thomas.16@yahoo.com,439-191-2542,,13.12,Home & Garden,3,Canada,57,Male,Pending,Yes,29.93
CUST_100571,Jane Miller,,826-303-2813,2/5/2020 0:00,413.02,Clothing,3,CAN,51,Male,Pending,Yes,36.15
CUST_100917,Emma Thomas,user917@invalid,848-594-4700,8/1/2023 0:00,"$4,687.00 ",Clothing,1,DE,69,Female,Delivered,Yes,41.58
CUST_101041,Nancy Martin,nancy.94@yahoo.com,,8/20/2024 0:00,432.96,Clothing,1,UK,57,Female,Shipped,Yes,$10.51 
CUST_101974,M@rk Willi@ms,mark.95@hotmail.com,-5286,9/23/2021,711.1,Sports,3,FR,77,Male,Shped,No,21.62
CUST_101538,Sandra Thomas,sandra.66@outlook.com,366-833-9803,9/19/2024 0:00,569.41,Automotive,-5,Australia,41,Female,Cancelled,FALSE,$16.00 
CUST_101662,William Lopez,william.94@company.com,2513116054,7/13/2023 0:00,738.34,Books,8,de,60,Male,Delivered,No,28.39
CUST_100994,Maria Davis,maria.88@outlook.com,830-377-3337,10/25/2018 0:00,549.65,Toys,3,Japan,54,Female,delivered,Yes,36.65
CUST_101592,John Taylor,john.13@,357-872-7671,7/23/2021 0:00,779.72,Automotive,,Germany,51,Female,Cancelled,Yes,24.64
CUST_101929,Karen Williams,  user245@gmail.com  ,615-885-4096,,382.04,,5,JP,27,Female,Shipped,TRUE,33.62
CUST_100136,Susan Anderson,susan.79@hotmail.com,976-333-9570,11/30/2018 0:00,430.39,Automotive,,CAN,72,Male,Shipped,No,36.53
CUST_100458,Maria Wilson,maria.78@company.com,234-431-1886,7/25/2019 0:00,Free,Books,,USA,67,Female,Delivered,No,$26.06 
CUST_100375,David Anderson,david.63@gmail.com,700-182-9495,7/25/2020 0:00,454.88,  Home & Garden  ,5,FR,48,Female,Pending,Yes,41.08
CUST_101402,Daniel Jackson,user1402@,819-544-6683,6/20/2022 0:00,197.39,Electronics,Good,United States,64,Male,Pending,No,35.48
CUST_100333,Thomas Rodriguez,thomas.77@,712-554-6385,5/29/2021 0:00,339.44,Automotive,0,United States,78,Female,Cancelled,Yes,$31.69 
CUST_101366,Susan Garcia,susan.25@outlook.com,584-867-9938,7/9/2023 0:00,23.02,Sports,,Germany,76,Female,Cancelled,No,39.84
CUST_101429,Sarah Johnson,sarah.69@outlook.com,408-414-2316,9/8/2018 0:00,698.39,Clothing,2,AUS,57,Female,Shipped,Yes,21.01
CUST_101839,Nancy Taylor,user1839@invalid,,4/13/2018 0:00,589.96,,4,DE,24,Female,Delivered,Yes,8.16
CUST_100910,Robert Lopez,robert.50@company.com,(411) 176-5320,5/11/2022 0:00,227.86,Toys,4,United States,42,Female,Cancelled,,16.97
CUST_101216,Thomas Miller,user1216@,395-365-2738,5/10/2023 0:00,718.28,Clothing,3,Germany,72,Male,Cancelled,Yes,21.93
CUST_101179,Susan Taylor,susan.71@hotmail.com,721-583-9592,3/26/2023 0:00,797.81,Electronics,2,US,56,Male,Pending,Yes,39.25
CUST_100328,William Anderson,,227-416-4873,N/A,$714.46 ,Books,5,Canada,63,Male,Pending,No,22.86
CUST_101600,Lisa Miller,,196-982-8261,4/19/2022 0:00,258.26,Clothing,3,France,22,Male,Shped,Yes,24.2
CUST_100012,Susan Davis,susan.15@yahoo.com,629-171-2389,1/22/2021 0:00,384.82,Automotive,4,,51,Male,,No,33.91
CUST_100557,HELEN BROWN,  user186@gmail.com  ,,6/30/2021 0:00,355.58,Toys,4,US,80,Male,Shipped,Yes,28.53
CUST_100171,Emma Johnson,emma.44@outlook.com,(112) 709-2106,2/19/2022 0:00,447.85,,1.2,Canada,42,Female,Pending,No,29.2
CUST_100260,Richard Moore,,4953904373,4/25/2024 0:00,578.2,Home & Garden,5,United Kingdom,37,Female,DELIVERED,No,
CUST_101269,Robert Martin,robert.54@gmail.com,631-315-6932,9/23/2018 0:00,280.29,Books,1,Canada,25,Female,Pending,Yes,13.82
CUST_101477,Maria Jones,maria.18@yahoo.com,141-178-6350,11/16/2018 0:00,412.56,Home & Garden,2,United Kingdom,63,Female,Delivered,Yes,15.39
CUST_100901,Daniel Gonzalez,daniel.22@company.com,813-565-9082,3/10/2018 0:00,76.29,Automotive,1,CAN,66,Male,Delivered,Yes,26.31
CUST_100258,Mark Rodriguez,mark.91@hotmail.com,,7/2/2024 0:00,$47.45 ,Electronics,5,United States,73,Female,Pending,Yes,41.02
CUST_100844,Emma Jones,emma.80@yahoo.com,(247) 742-1379,9/4/2026,"$1,707.00 ",Sports,4,UK,twenty-five,Female,Cancelled,Yes,21.3
CUST_100138,Helen Brown,helen.59@company.com,809-794-9731,12/25/2020 0:00,177.87,Sports,4,Germany,50,Female,Shipped,,27.77
CUST_100319,Lisa Garcia,lisa.68@outlook.com,197-714,23-Oct-18,578.16,Sports,,AUS,71,Female,Delivered,No,
CUST_101869,Steven Brown,steven.52@gmail.com,551-823-3908,12/15/2019 0:00,470.24,Clothing,1,FR,30 years,,Pending,Yes,23.17
CUST_101292,Jennifer Smith,jennifer.42@yahoo.com,674-385-8919,8/2/2019 0:00,195.52,Electronics,3,United States,76,Female,Shipd,Yes,45.55
CUST_101231,Susan Davis,susan.62@company.com,175-823-6157,7/9/2018 0:00,340.44,SPORTS,2,Japan,34,Male,Cancelled,Yes,44.81
CUST_100558,Carol Garcia,carol.25@,,1-Oct-18,783.86,Electronics,4,FR,20,Female,DELIVERED,Yes,47.32
CUST_100139,Jane Gonzalez,jane.78@,797-673-8437,N/A,444.21,Cloth,5,Japan,,Female,Delivered,Yes,24.93
CUST_101813,David Jackson,USER1813@GMAIL.COM,506-236-7311,7/15/2018 0:00,394.88,Sports,4,Canada,39,Male,Shipped,No,26.17
CUST_100531,Betty Jackson,betty.88@,528-823-8500,4/5/2021 0:00,109.96,Electronics,2,Japan,72,Male,Pending,No,7.93
CUST_100224,Steven Jones,steven.50@,237-869-2376,5/24/2024 0:00,17.26,Clothing,1,United Kingdom,68,Female,Cancelled,Yes,12.32
CUST_100723,Lisa Williams,lisa.46@outlook.com,,10/20/2024,575.3,Home & Garden,1,UK,31,Female,Shipped,Yes,11.35
CUST_101794,Thomas Brown,thomas.27@outlook.com,799-452-6773,23-03-2024,658.07,Clothing,5,Australia,N/A,Female,Cancelled,No,27.76
CUST_100325,Donna Anderson,donna.71@company.com,755-859-4808,,127.21,Clothing,5,Japan,49,Male,Pending,N,40.03
CUST_101320,Maria Rodriguez,,831-480-9509,10/26/2018 0:00,489.63,Toys,5,US,68,Male,Cancelled,Yes,18.47
CUST_101133,Richard Hernandez,richard.97@company.com,456-126-6508,10/16/2020 0:00,,Clothing,7,FR,41,Male,Delivered,No,15.14
CUST_100714,Nancy Brown,john.smith@gmail.com,194-634-7185,2/27/2020 0:00,356.88,BOOKS,9,CAN,72,Male,Pending,No,29.65
CUST_100846,Michael Jones,michael.24@gmail.com,(710) 225-2754,3/12/2018 0:00,384.24,Automotive,2,,39,Female,Delivered,No,46
CUST_100193,Nancy Miller,nancy.25@,175-466-1491,8/20/2018 0:00,442.51,Sports,3,FR,78,Male,Cancelled,No,37.26
CUST_100573,"  Betty Thomas  	",betty.37@hotmail.com,439-132-3626,12/5/2019 0:00,759.57,Home & Garden,3,USA,55,Male,PENDING,No,9.36
CUST_100946,Charles Garcia,charles.12@hotmail.com,,8/21/2022 0:00,579.16,Clothing,2,United States,49,Female,Cancelled,No,12.68
CUST_100503,Jennifer Jackson,jennifer.95@,,1/9/2019 0:00,741.66 USD,Clothing,3,US,22,Female,Shipd,Yes,21.61
CUST_101226,Sarah Rodriguez,  user261@gmail.com  ,542-605-5309,5/1/2024,,Home & Garden,1,Germany,51,Female,Delivered,Yes,37.4
CUST_101877,Mark Gonzalez,mark.67@outlook.com,774-661-7370,31-Oct-22,613.24,Clothing,Excellent,United Kingdom,35,Female,Pending,Yes,$7.55 
CUST_101867,Jennifer Jackson,jennifer.33@hotmail.com,3234532588,6/10/2023 0:00,211.36,Electronics,N/A,United Kingdom,77,,Shipped,No,6.13
CUST_100003,David Brown,david.27@company.com,306.549.7811,,496.74,Home & Garden,1,France,54,Male,Cancelled,Yes,46.02
CUST_101493,Donald Jackson,donald.80@hotmail.com,(330) 118-6318,1/16/2022 0:00,442.92,Automotive,4,Japan,69,Male,Shipped,Yes,18.2
CUST_100467,MARK GARCIA,,1532209444,7/29/2023 0:00,786.73,Toys,2,DE,77,Male,Pending,Yes,46.25
CUST_100005,MICHAEL JACKSON,user5@invalid,617-275-2396,11/1/2020 0:00,253.32,Books,4,,80,Male,delivered,Yes,40.58
CUST_101437,Helen Miller,helen.60@hotmail.com,434-389-7956,12/1/2021 0:00,111.79,Toys,,Australia,42,Female,Delivered,Yes,47.42
CUST_100547,Daniel Johnson,daniel.32@hotmail.com,790-882-9577,3/12/2020 0:00,447.96,Clothing,5,JP,53,Male,Delivered,YES,25.97
CUST_100228,David Wilson,david.61@hotmail.com,609-424-5473,8/11/2018 0:00,530.03,Sports,5,Germany,,Female,Delivered,No,23.16
CUST_101063,Nancy Smith,nancy.88@,483-721-1482,9/14/2023 0:00,421.91,,4,JP,61,Male,Shipped,No,14.97
CUST_100542,Betty Rodriguez,betty.68@gmail.com,793-645-3042,2/10/2022 0:00,58.17,Toys,3,JP,38,Female,Delivered,No,5.05
CUST_100242,John Garcia,john.70@gmail.com,333-332-4438,2/15/2018 0:00,610.04,Sports,2,US,57,Male,Shipped,Yes,15.43
CUST_100898,Michael Wilson,,871-454-7559,11/21/2019,457.42,Electronics,4,UK,34,Male,Shipped,No,44
CUST_101187,Steven Martinez,steven.51@company.com,335-683-3052,5/23/2018 0:00,29.96,Books,4,France,21,,Pending,No,49.08
CUST_101245,Jane Johnson,jane.63@outlook.com,728-489-4845,12/28/2021 0:00,386.92,Automotive,1,United Kingdom,30,Female,Cancelled,Yes,24.91
CUST_101138,Richard Moore,richard.51@yahoo.com,647-574-7944,26-Sep-18,201.65,,,US,19,Male,Shipped,No,44.01
CUST_100842,Ruth Hernandez,ruth.94@company.com,9603517194,2/19/2023 0:00,542.44,Books,,JP,,Male,Delivered,Yes,48.3
CUST_101486,Helen Johnson,helen.70@outlook.com,584-320-8158,6/20/2024 0:00,362.92,Toys,5,Germany,36,Female,Pending,Yes,24.1
CUST_101208,Karen Moore,karen.55@gmail.com,199-337-5871,11/2/2024 0:00,315.35,Books,5,Germany,41,Male,Cancelled,Yes,
CUST_100276,Maria Wilson,,283-732-8079,6/25/2023 0:00,226.36,Clothing,4,AUS,50,Female,Cancelled,Yes,
CUST_100661,Thomas Rodriguez,thomas.43@gmail.com,-9746,11/4/2021 0:00,263.76,Toys,1,AUS,30,Female,Shipped,No,6.91
CUST_101875,ANTHONY HERNANDEZ,anthony.44@company.com,271-202-9153,3/2/2018 0:00,396.68,Clothing,Bad,can,70,Female,Cancelled,Yes,23.37
CUST_100314,Karen Gonzalez,user314@invalid,-6053,3/12/2019 0:00,174.6,Clothing,4,Australia,72,Male,Shipped,Yes,8.28
CUST_100691,Steven Johnson,,340-470-1046,6/16/2023 0:00,663.5,Home and Garden,Bad,DE,79,Male,Shipped,Yes,27.6 EUR
CUST_101574,Ruth Moore,ruth.86@yahoo.com,647-966-9810,11/18/2019 0:00,563.98,Automotive,1,AUS,78,Male,Delivered,Yes,11.53
CUST_100424,Betty Moore,betty.34@outlook.com,(832) 129-3625,3/5/2027,234.74,Toys,3,France,29,Female,Cancelled,No,5.21
CUST_100594,Thomas Moore,thomas.71@hotmail.com,413-816-4791,7/18/2022 0:00,623.8,Home & Garden,,United Kingdom,N/A,Female,Cancelled,Yes,6.49
CUST_912764,Richard Brown,,739-907-8244,10/6/2021 0:00,115.13,Electronics,3,JP,28,Male,Delivered,Yes,
CUST_100622,daniel hernandez,daniel.91@gmail.com,493-675-7393,10/1/2023 0:00,102.42,Automotive,5,USA,78,Male,,No,
CUST_101281,Richard Martin,richard.44@outlook.com,234-937-5423,11/9/2023,595.96,Home & Garden,3,USA,,Male,Delivered,No,11.08
CUST_101094,Donna Lopez,donna.80@outlook.com,206-136-9136,12/15/2018 0:00,437.46,Books,3,Japan,54,Female,Delivered,,15
CUST_100227,Daniel Moore,daniel.47@outlook.com,578-542-7700,5/27/2021 0:00,380.62,Automotive,4,UK,147,Female,cancelled,Yes,19.43
CUST_101764,Charles Thomas,charles.57@outlook.com,,11/3/2018 0:00,45126.5062,Books,5,Australia,25,Male,Pending,No,5.89
CUST_101391,Donald Wilson,donald.79@company.com,855-235-6087,11/1/2018 0:00,685.19,Home & Garden,4,USA,61,Male,Pending,Yes,25.18
CUST_101151,Nancy Moore,user1151@invalid,693-181-5529,5/16/2022 0:00,612.16,Toys,1,AUS,37,Male,Shipped,FALSE,8.74
CUST_100066,Charles Thomas,USER66@GMAIL.COM,433-191-7711,3/15/2021 0:00,52.68,Electronics,5,Japan,twenty-five,Male,Pending,No,13.65
CUST_100024,Donna Johnson,donna.90@,499-842-3064,11/2/2021 0:00,44.08,Clothing,4,United States,18,Female,Shipped,No,8.37
CUST_100144,Thomas Jones,thomas.76@company.com,629-877-1712,9/2/2021 0:00,"$4,614.00 ",Clothing,4,United States,58,Female,,No,$11.48 
CUST_100536,James Taylor,james.55@gmail.com,965-192-2302,3/31/2018 0:00,305.61,Sports,1,United Kingdom,,Male,Shipped,yes,36.06
CUST_100811,Helen Thomas,user811@invalid,(867) 869-9924,11/3/2019 0:00,,Home & Garden,5,Canada,,Female,Shipped,No,43.38
CUST_101173,Thomas Anderson,user1173@invalid,829-452-4520,12/25/2021 0:00,488.57,Electronics,5,United Kingdom,60,Male,Cancelled,No,38.68
CUST_100085,Charles Brown,charles.99@company.com,,,311.77,Electronics,,Canada,61,Male,Shipped,No,42.47
CUST_101427,Charles Lopez,charles.76@hotmail.com,569-505-3708,10/22/2022 0:00,767.33,Automotive,5,,N/A,Female,Cancelled,Yes,37.68
CUST_101237,Karen Taylor,karen.76@company.com,371-581-3481,4/12/2020 0:00,698.43,Books,5,UK,39,Male,Delivered,Yes,26.41
CUST_101249,John Brown,john.82@outlook.com,656-592-5840,6/11/2023 0:00,81.63,Sports,4,AUS,69,Male,Cancelled,Yes,36.01
CUST_101887,William Jackson,john.smith@gmail.com,238-558-4244,12/9/2018 0:00,117.37,Clothing,4,JP,73,Male,Shipped,No,30.58
CUST_101901,Steven Johnson,steven.15@company.com,829-427-2195,1/23/2023 0:00,148.95,Sports,4,USA,,Female,,Yes,21.39
CUST_101435,"  Carol Taylor  	",carol.15@hotmail.com,823-348-2569,8/12/2019 0:00,175.12,Home & Garden,3,,78,Male,Delivered,Yes,18.73 EUR
CUST_101198,Helen Martin,helen.59@company.com,532-462-3088,10/2/2021 0:00,652.77,Books,2,United Kingdom,26,Male,Cancelled,,31.79
CUST_100362,Karen Davis,karen.89@company.com,415-756-2167,7/19/2018 0:00,550.91,Electronics,2,Germany,43,Male,Shipped,No,33.55
CUST_101683,Daniel Taylor,,968-767-5926,8/11/2018 0:00,142.45,Clothing,,JP,,Male,Shipped,Yes,27.12
CUST_101206,Susan Martin,,564-488-6250,29-08-2022,,Home & Garden,3,Germany,46,Female,Pending,Yes,45.49
CUST_101026,Maria Davis,maria.24@yahoo.com,952-617-8271,7/5/2019 0:00,692.42,Books,1,CAN,,Male,Delivered,No,25.52
CUST_101030,Ruth Brown,  user303@gmail.com  ,731-226-8083,17-Sep-18,467.34,Books,,DE,twenty-five,Male,Pending,No,25.7
CUST_101273,David Hernandez,david.78@yahoo.com,-2426,7/15/2024 0:00,$57.92 ,Electronics,5,US,65,Female,,Yes,45.54
CUST_101542,Richard Davis,richard.28@yahoo.com,833-623-8209,1/31/2022,59.38,Toys,1,UK,60,Male,Pending,No,19.96
CUST_101124,Mark Lopez,mark.74@yahoo.com,,9/22/2018 0:00,($70.57),Automotive,Excellent,AUS,61,Female,Delivered,Yes,30.91
CUST_100665,Steven Martinez,,(403) 205-9381,9/16/2021 0:00,584.94,Clothing,1,Canada,42,Male,Delivered,Yes,33.15
CUST_100364,Karen Smith,karen.24@gmail.com,266-298-8148,7/5/2023 0:00,547.17,Books,1,United Kingdom,46,Male,Shipped,Yes,22.21
CUST_100077,Helen Moore,helen.30@,822 959 8278,10/16/2024 0:00,329.8,CLOTHING,5,France,29,Male,Cancelled,No,45.66
CUST_100027,Ruth Gonzalez,ruth.35@,750-263-1383,12/31/2026,466.39,Books,5,United States,36,Female,Delivered,Yes,37.77
CUST_101668,Michael Garcia,michael.65@gmail.com,,4/23/2019 0:00,376.72,Sports,3,AUS,49,Female,Cancelled,Yes,13.24
CUST_100525,Nancy Davis,nancy.29@outlook.com,859-794-9711,8/15/2019 0:00,161.65,Books,1,US,57,Male,Delivered,No,34.84
CUST_101918,Anthony Brown,anthony.60@gmail.com,,11/9/2019 0:00,425.57,Toys,2,USA,43,Male,Delivered,Yes,36.05
CUST_100055,Steven Hernandez,steven.17@yahoo.com,480.412.7135,9/8/2018 0:00,770.81,Clothing,4,France,77,Male,Cancelled,Yes,8.96
CUST_100638,Carol Moore,user638@,158-740-1170,5/29/2018 0:00,360.07,Sports,4,Australia,18,Male,Pending,Yes,17.74
CUST_100302,Helen Martin,,149-890-7183,9/13/2022,113.25,Sports,4,United States,25,Female,Delivered,No,
CUST_100718,Donald Lopez,donald.42@outlook.com,579-588-6131,11/25/2023 0:00,"$2,829.00 ",Sports,4,Australia,68,Male,Shipped,Yes,49.19
CUST_100624,Carol Anderson,carol.65@gmail.com,,5/18/2023 0:00,215.49,Clothing,5,France,64,Male,Delivered,Yes,14.48
CUST_100007,John Williams,user7@invalid,780-351-3483,4/7/2018 0:00,212.67,Sports,4,United Kingdom,50,Female,Pending,Yes,13.63
CUST_100803,Steven Davis,steven.36@hotmail.com,460-948-9887,3/31/2020 0:00,739.07,Automotive,1,United Kingdom,72,Male,Delvered,Yes,30.25
CUST_101049,Sarah Thomas,sarah.73@company.com,880-774-5963,3/24/2018 0:00,$600.60 ,Home & Garden,4,FR,39,Male,CANCELLED,No,49.19
CUST_100336,Mark Taylor,mark.98@,334-967-6427,,361,Home & Garden,5,JP,54,Female,Cancelled,0,35.3
CUST_100047,Ruth Moore,ruth.74@outlook.com,526-943-3668,1/11/2019 0:00,337.89,Clothing,2,CAN,120,Female,DELIVERED,No,48.63
CUST_101550,Thomas Brown,  user196@gmail.com  ,561-816-5225,11/19/2023 0:00,"$2,319.00 ",Clothing,1,AUS,69,Male,Pending,Yes,47.14
CUST_100106,James Taylor,james.23@gmail.com,622-388-1745,3/11/2019 0:00,619.98,Sports,5,Germany,56,Male,Shipped,No,19.06 USD
CUST_100349,Nancy Anderson,nancy.83@hotmail.com,468-507-7188,10/2/2020,271.77,Toys,3,Canada,,Female,Delivered,Yes,46.8
CUST_101079,Donna Jones,donna.50@outlook.com,329-941-5749,,704.58,Home & Garden,5,FR,35,Female,Pending,Yes,33.06
CUST_100238,Ruth Davis,,108-888-5906,9/10/2024 0:00,770.9,Sports,5,Canada,twenty-five,Female,Pending,0,
CUST_100213,Charles Thomas,charles.37@hotmail.com,971-620-9011,10/17/2019 0:00,,Sports,1,United Kingdom,19,Female,,No,48.59
CUST_101310,Ruth Thomas,ruth.28@company.com,535-816-2269,11/12/2021 0:00,237.57,Automotive,2,,44,MALE,Pending,Yes,$14.29 
CUST_101192,Matthew Martinez,matthew.58@outlook.com,747-891-4245,8/13/2023 0:00,220.09,Automotive,1,JP,69,Male,Shipped,Y,41.09
CUST_100793,Betty Jackson,betty.14@outlook.com,(790) 516-5305,1/25/2021 0:00,23.7,Sports,4,Germany,75,Female,Cancelled,0,22.54
CUST_101096,Sandra Anderson,sandra.60@,900-970-4731,6/18/2024 0:00,41.9,Electronics,5,Japan,37,Male,Cancelled,No,9.14
CUST_101233,Donald Hernandez,donald.57@gmail.com,913-633-6202,12/6/2019,136.04,Electronics,4,USA,49,Female,Delivered,No,32.86
CUST_101176,Steven Moore,steven.19@outlook.com,329-678-9249,6/27/2020 0:00,417.6,Toys,3,CAN,45,Female,Cancelled,Yes,19.43
CUST_101653,Emma Jackson,emma.72@company.com,174-286-6567,3/5/2024 0:00,204.05,Toys,4,Japan,79,MALE,Pending,FALSE,33.43
CUST_101747,Sarah Rodriguez,sarah.18@hotmail.com,838-407-1005,12/25/2027,230.03,Books,2,United Kingdom,36,Female,Cancelled,TRUE,14.8
CUST_100523,Helen Miller,helen.80@outlook.com,722-201-1785,5/8/2022 0:00,$271.69 ,Electronics,4,UK,51,Male,Delivered,Yes,$40.52 
CUST_100232,Steven Lopez,steven.70@,904-383-4731,6/5/2020 0:00,66.64,Electronics,1,Japan,72,Female,Delivered,NO,11.93 USD
CUST_100644,Mark Brown,mark.61@company.com,-9149,12/30/2020 0:00,217.31,Books,1,United Kingdom,35,Female,Cancelled,No,7.98
CUST_101578,Donald Johnson,donald.55@yahoo.com,-5307,9/25/2022 0:00,413.39,Books,4,France,76,Female,Pending,Yes,29.04
CUST_100533,Thomas Brown,thomas.67@yahoo.com,382-538-9529,4/8/2023 0:00,33928.59819,HOME & GARDEN,1,US,59,Male,Delivered,Yes,24.97
CUST_101931,Michael Brown,michael.87@,256-449-5109,3/15/2024 0:00,265.26,Automotive,2,Germany,68,Female,,,24.32 USD
CUST_100603,Donald Jackson,donald.36@,888-982-3134,7/12/2021 0:00,792.95,Clothing,1,DE,45,Male,Delivered,No,14.05
CUST_101892,Donna Moore,donna.49@,815-156-9643,12/9/2018 0:00,604.99,Home & Garden,2,JP,41,Male,Shipped,No,
CUST_101074,Maria Moore,john.smith@gmail.com,465-733-3258,12/17/2022 0:00,18.6,Automotive,3,AUS,69,Male,Pendng,Yes,8.51
CUST_101364,SANDRA JOHNSON,sandra.51@yahoo.com,685-943-1498,21-03-2018,223.71,Home & Garden,3,Australia,32,Female,Cancelled,No,20.71
CUST_100060,SANDRA MOORE,sandra.13@,457.169.1732,2/15/2020 0:00,87.41,Automotive,4,JP,32,Male,Delivered,No,10.52
CUST_101923,Helen Anderson,helen.33@yahoo.com,668-966-9158,7/24/2018 0:00,317.74,Toys,N/A,Australia,55,Male,Shipd,No,17.29
CUST_100092,Ruth Smith,ruth.31@,375-162-6215,7/21/2021 0:00,703.53,Books,4,Germany,59,Female,Delivered,NO,37.32
CUST_100666,Helen Moore,helen.41@outlook.com,525-245-1019,8/30/2021 0:00,$153.12 ,Home & Garden,4,Australia,34,Female,Cancelled,Yes,9.14
CUST_100280,Sandra Martinez,sandra.25@outlook.com,168-814-4559,2/9/2024 0:00,227.6,Automotive,5,France,42,Female,Delivered,Yes,46.06
CUST_101394,Helen Brown,helen.34@gmail.com,523-331-4084,11/22/2019 0:00,573.13,Books,2,,,Male,Shipped,No,40.35
CUST_100359,NANCY MOORE,john.smith@gmail.com,294.104.1210,N/A,761.08,Automotive,4,,,Female,Delivered,No,41.61
CUST_101182,Charles Jones,charles.65@hotmail.com,886 470 4782,9/14/2020 0:00,12.85,Books,2,CAN,,Female,Shipped,No,34.16
CUST_101223,Charles Moore,user1223@invalid,684-536-8288,9/10/2022 0:00,,Books,5,,30 years,Female,Pending,Yes,34.6
CUST_100847,Sandra Smith,sandra.18@gmail.com,368.284.2520,3/6/2022 0:00,790.72,Toys,2,Japan,53,Male,Pendng,Yes,21.09
CUST_101441,Thomas Johnson,thomas.37@yahoo.com,448-613-1026,,187.78,Electronics,4,AUS,79,Female,Shipped,No,17.58
CUST_100110,Mark Miller,mark.65@,315-725-9270,7/18/2023 0:00,,Clothing,4,Canada,24,Male,Cancelled,1,43.85
CUST_100042,Anthony Williams,anthony.63@yahoo.com,(163) 535-3130,9/17/2021 0:00,645.19,Automotive,,DE,32,Female,Pending,No,32.55
CUST_100125,Michael Taylor,  user150@gmail.com  ,876-387-6862,3/23/2024 0:00,,Sports,,United Kingdom,74,Female,Delivered,Yes,24.23
CUST_100204,Jennifer Brown,jennifer.62@company.com,481-776-3807,5/28/2018 0:00,722.84,Electronics,4,CAN,41,Male,Shipped,Yes,14.61 USD
CUST_100052,Richard Rodriguez,richard.84@yahoo.com,672.478.2945,10/15/2024 0:00,541.84,Home & Garden,Excellent,USA,78,Male,Cancelled,Yes,8.44
CUST_100545,Daniel Smith,daniel.91@outlook.com,856 777 9652,7/26/2024 0:00,99.22,,4,AUS,33,Male,Shipped,No,37.99
CUST_100068,Carol Brown,carol.10@outlook.com,,9/13/2020 0:00,,Home & Garden,4,United States,73,Male,Delivered,Yes,17.67
CUST_101190,Matthew Moore,,449-421-2932,9/3/2021 0:00,444.54,Electronics,2,AUS,51,Male,Shipped,Yes,46.48
CUST_101618,Daniel Brown,  user387@gmail.com  ,313-777-5193,N/A,,Electronics,0,Germany,50,Male,Cancelled,Yes,33.56
CUST_100183,William Rodriguez,william.61@yahoo.com,300-305-4297,1/15/2022,573.32,Books,4,United Kingdom,61,Female,Cancelled,,42.14
CUST_100137,Carol Johnson,carol.85@yahoo.com,380-296-1378,3/11/2023 0:00,57.44,Sports,3,,71,Female,Cancelled,Yes,13.55
CUST_100899,Carol Brown,carol.71@yahoo.com,,5/19/2024 0:00,603.84,Sports,5,Germany,53,Male,Pending,No,17.09
CUST_100796,Charles Martinez,charles.60@gmail.com,,6/8/2021 0:00,640.64,Automotive,2,Canada,62,Female,Shipped,Yes,
CUST_100132,Donna Wilson,donna.43@hotmail.com,682-612-9093,4/9/2023 0:00,Free,Books,-4,United Kingdom,34,Female,Pending,No,8.5
CUST_100080,Sarah Martinez,sarah.98@company.com,284-524-1394,5/22/2023 0:00,736.02,  Sports  ,5,Japan,59,Female,Shipped,No,22.88
CUST_101553,Ruth Miller,ruth.81@,677-471-5771,,533.13,Boks,4,FR,34,Male,Cancelled,No,37.03
CUST_101611,Richard Gonzalez,richard.45@company.com,413-441-6798,12/10/2019 0:00,596.3,Electronics,3,,21,Female,Delivered,No,13.74
CUST_100541,Sandra Hernandez,sandra.56@hotmail.com,239-591-9156,11/27/2021 0:00,594.79,Electronics,4,,51,Female,Cancelled,FALSE,48.85 USD
CUST_101666,Mark Rodriguez,mark.79@company.com,-6241,6/23/2024 0:00,710.36,Automotive,5,Germany,75,Female,,Yes,
CUST_100983,Charles Moore,charles.28@,108-610-3410,1/1/2022 0:00,205.2,Toys,4,,23,Male,Delivered,Yes,40.41
CUST_100165,Jane Jackson,jane.83@company.com,511-198-7735,1/25/2021,442.02,Electronics,1.5,US,43,Female,Cancelled,Yes,27.26
CUST_100248,Richard Johnson,user248@invalid,855-109-9188,3/8/2022 0:00,76.72,Home & Garden,3,UK,42,Female,Shipped,,21.85
CUST_100446,Sandra Wilson,sandra.93@gmail.com,416-614-3022,12/23/2023 0:00,435.11,Clothing,,FR,24,Male,Delivered,FALSE,22.06
CUST_101202,Michael Johnson,michael.65@,518-745-8368,3/26/2022 0:00,335.72,Home & Garden,2,Germany,59,Male,Shipped,Yes,17.75 EUR
CUST_100858,MARK MARTIN,mark.63@outlook.com,859.360.2992,7/22/2021 0:00,158.21,Clothing,2,Australia,51,Female,PENDING,,10.37
CUST_101023,RUTH SMITH,ruth.16@,738-804-4288,11/26/2026,"$3,686.00 ",Clothng,2,Germany,50,Female,Pending,Yes,15.56
CUST_100097,Lisa Johnson,lisa.54@outlook.com,516-556-2374,3/9/2018 0:00,274.14,Clothing,5,CAN,55,Male,Cancelled,No,16.9
CUST_100805,Donald Anderson,user805@,569-538-7113,N/A,311.6,,2,US,55,Female,Pending,No,16.95
CUST_100737,STEVEN WILSON,steven.33@gmail.com,255-798-8587,1/13/2023,255.63,Clothing,2,DE,26,Male,Pending,Yes,
CUST_101313,Charles Miller,charles.14@gmail.com,216-139-7949,10/30/2021 0:00,134.26,Toys,4,US,69,Male,Delivered,No,24.14
CUST_100102,Mark Moore,mark.83@,949-735-5739,2/18/2020 0:00,493.75,Electornics,10,FR,68,Female,Pending,Yes,33.96
CUST_100434,Helen Gonzalez,helen.16@,214-191-6574,6/13/2018 0:00,151,  Books  ,,JP,70,Female,Pending,No,$36.94 
CUST_100074,Charles Rodriguez,charles.56@gmail.com,634-293-8796,N/A,629.55,Automotive,1,AUS,42,Female,Pending,Yes,37.87
CUST_101872,James Jones,james.29@gmail.com,,9/3/2024 0:00,596.85,SPORTS,,Germany,58,Male,Cancelled,Yes,40.1
CUST_101309,Mark Martin,mark.32@,594-626-2334,3/12/2021 0:00,342.76 USD,Clothing,1,UK,30,Female,Delivered,No,
CUST_100918,Thomas Jackson,,(884) 403-2356,,176.34,Sports,3,US,69,Female,Cancelled,N,42.88
CUST_101788,ROBERT RODRIGUEZ,robert.90@outlook.com,635-138-7532,11/26/2021 0:00,609.64,Clothing,5,JP,43,Male,Pending,No,
CUST_101746,Sarah Smith,sarah.50@company.com,531-587-8667,8/19/2024 0:00,529.64,Books,5,CAN,2,,Cancelled,No,40.92
CUST_101692,Donna Williams,donna.53@yahoo.com,6312553975,1/3/2022 0:00,740.56,Books,4,Japan,61,Female,Delivered,No,41
CUST_100762,"  Donna Martin  	",donna.21@hotmail.com,674-108-3532,2/12/2021 0:00,"$3,272.00 ",Automotive,1,France,,Female,,Yes,19.68
CUST_100989,Emma Garcia,emma.62@hotmail.com,707-226-1871,4/22/2024 0:00,203.57,,4,Germany,74,Female,Delivered,No,18.55
CUST_100388,Mark Smith,mark.45@hotmail.com,2373028970,1/4/2022 0:00,676.4,Toys,1,FR,20,Female,Pending,,27.98
CUST_100235,Maria Moore,maria.70@yahoo.com,863-935,2/19/2023 0:00,,Home & Garden,2,France,55,Female,Pending,No,45.7
CUST_101729,Donna Gonzalez,donna.18@,369-164-6987,10/15/2020 0:00,664.75,Sports,5,AUS,63,,Cancelled,Yes,
CUST_100267,S@ndr@ H3rn@nd3z,user267@invalid,417-542-8778,6/30/2018 0:00,105.43,Books,3,Japan,30,Male,Delivered,No,21.93 USD
CUST_101909,steven martinez,steven.41@company.com,713.352.5230,9/12/2022 0:00,204.28,Home & Garden,1,UK,70,Male,Delivered,Yes,42.96
CUST_100117,John Jackson,john.48@yahoo.com,813-820-9011,3/10/2022 0:00,38.15,Electronics,2,US,68,Male,Pending,Yes,42.48
CUST_101883,Richard Taylor,richard.61@outlook.com,591-930-2618,8/13/2018,127.04,Automotive,3,Japan,20,Female,Pending,No,8.04
CUST_100673,Robert Gonzalez,robert.43@yahoo.com,719-254-3917,7/16/2022 0:00,398.03,,,JP,53,Female,Delivered,Yes,6.23
CUST_100249,Carol Thomas,john.smith@gmail.com,954-463-6567,N/A,393.18,Home & Garden,2,United States,37,Male,Cancelled,No,
CUST_101521,James Miller,james.49@gmail.com,768-528-7852,10/26/2024 0:00,330.37,Books,3,USA,35,Male,Delivered,No,22.95
CUST_916351,Michael Johnson,michael.70@yahoo.com,384-688-6150,6/13/2024 0:00,26.39,Clothing,4,FR,70,Female,Pending,No,26.86
CUST_100094,karen smith,karen.52@hotmail.com,,2/27/2018 0:00,42.48,Home & Garden,,US,72,Female,Delivered,FALSE,16.11
CUST_100033,Jane Davis,,148-874-3043,3/15/2019 0:00,44.75,CLOTHING,1,UK,23,Female,Delivered,No,19.32
CUST_101822,Betty Johnson,betty.40@company.com,664-681-4149,1/5/2023 0:00,402.9,Electronics,1,DE,19,Female,Shipped,Yes,10.02
CUST_101743,Matthew Gonzalez,matthew.92@gmail.com,869-833-3491,7/6/2019 0:00,591.91,Home & Garden,4,United Kingdom,67,Female,Pending,Yes,9.68
CUST_100448,Mark Davis,mark.40@,320-606-5775,1/3/2021 0:00,125.42,Toys,5,AUS,37,Female,Delivered,Yes,38.33
CUST_100716,Helen Rodriguez,helen.52@outlook.com,157-324-7427,7/2/2023 0:00,771.52,Home & Garden,-2,Germany,76,Female,Cancelled,No,
CUST_101322,Robert Davis,robert.18@company.com,864-837-3217,,94.17,Books,1,FR,72,,Delivered,Yes,22.4
CUST_101588,Helen Thomas,helen.98@outlook.com,6557034522,7/29/2020 0:00,73.17,Home & Garden,2.6,Canada,58,Female,Delivered,No,8.89
CUST_100000,Matthew Brown,matthew.60@,552-880-9288,8/6/2021 0:00,495.09,Home & Garden,2,DE,29,Female,Pending,Yes,6.47
CUST_101752,Lisa Anderson,lisa.84@company.com,247-592-3625,5/19/2024 0:00,7,Automotive,4,DE,24,Female,Cancelled,No,42.19
CUST_101101,James Williams,user1101@invalid,153-496-7180,4/5/2023 0:00,674.75,Toys,4,Germany,21,Female,Shipped,No,26.37
CUST_101108,Helen Martinez,,921-115-5094,9/7/2019 0:00,675.85,Automotive,3,US,67,Male,Cancelled,Yes,43.74
CUST_101307,Susan Miller,susan.43@yahoo.com,913-600-9938,11/1/2023 0:00,411.93,Electronics,4,UK,44,Female,Shipped,Yes,13.74
CUST_100082,Thomas Smith,thomas.32@hotmail.com,(201) 654-3755,7/7/2021 0:00,186.9,Clothing,1,AUS,55,Female,Cancelled,No,6.18
CUST_101627,Daniel Johnson,daniel.25@hotmail.com,,12/4/2021 0:00,,Books,1,France,,Female,Cancelled,No,45.75
CUST_100676,Richard Jackson,user676@,393-456-2702,8/30/2019,568.8,,2,JP,19,Female,Pending,Yes,30.07
CUST_101519,Charles Jones,charles.71@gmail.com,103-645-6473,8/10/2024 0:00,643.06,Toys,3,JP,,Female,Pending,No,12.73
CUST_101046,LISA WILSON,lisa.25@yahoo.com,,1/14/2023 0:00,Free,,1,DE,29,Female,DELIVERED,Yes,33.91 USD
CUST_100770,"  Daniel Hernandez  	",daniel.10@company.com,718-597-4483,8/31/2023 0:00,325.81,Home & Garden,5,Germany,40,Female,Delvered,No,20.7
CUST_101271,Charles Johnson,user1271@,835-334-5754,3/6/2018 0:00,782.11,Clothing,2,France,55,Female,Delivered,Yes,
CUST_101338,Maria Anderson,  user369@gmail.com  ,890-973-5542,5/14/2022 0:00,266.23,Electronics,1,FR,38,Male,,Yes,10.31
CUST_101651,Maria Moore,maria.92@hotmail.com,885-800-8060,7/24/2024 0:00,,Electronics,4,FR,30,Male,PENDING,No,47.72
CUST_101559,Nancy Jackson,nancy.98@,697-410-3430,5/15/2019 0:00,339.43,Electronics,4,USA,70,Male,,No,9.83
CUST_100404,Richard Miller,richard.64@gmail.com,487-725-1937,2/6/2018 0:00,503.35,Automotive,3,United Kingdom,61,Female,Cancelled,Yes,13.36
CUST_101805,Daniel Williams,daniel.43@,824-597-6744,2/9/2022 0:00,573.47,,0,AUS,33,Male,Cancelled,No,42.45
CUST_101358,Mark Martinez,mark.24@hotmail.com,,9/18/2024 0:00,$582.26 ,Automotive,3,United States,63,Female,Cancelled,TRUE,48.42
CUST_101851,Maria Williams,maria.94@,130-764-9109,12/7/2019 0:00,405.19,,3,AUS,26,Male,Pending,Yes,28.71
CUST_100104,David Thomas,david.14@outlook.com,593-379-5110,10/17/2019 0:00,498.53,Books,1,Canada,45,Female,Delivered,Yes,9.79
CUST_100688,Betty Rodriguez,betty.97@yahoo.com,649-941-4770,23-Apr-23,484.69,Electronics,2,Japan,78,Female,Delivered,No,30.45
CUST_101418,Maria Wilson,user1418@invalid,794-510-5918,8/6/2020 0:00,,Toys,5,Australia,54,Male,Delivered,Yes,18.13
CUST_100826,Sarah Jackson,sarah.66@,6855404962,2/15/2020 0:00,449.87,Books,5,,40,Female,Cancelled,No,37.2 USD
CUST_101240,Karen Smith,,977-840-4509,4/22/2018 0:00,148.74,Automotive,3,FR,56,Female,Shipped,Yes,20.53 USD
CUST_100062,Sandra Jackson,user62@,900-486-8786,8/9/2021 0:00,84.43,Books,4,CAN,126,Female,Delivered,No,21.59
CUST_100852,MARIA MARTINEZ,maria.89@,178-315-7879,4/18/2024 0:00,,Books,2,US,74,Female,Pending,No,$28.12 
CUST_101414,Lisa Davis,lisa.68@yahoo.com,290-870-1356,2/15/2024 0:00,544.68,Electronics,Excellent,Australia,18,Female,Pending,No,43.4
CUST_100223,Sarah Williams,sarah.17@company.com,962-483-5170,4/22/2020 0:00,313.79,,1,UK,32,Male,Pending,Yes,40.47
CUST_100145,Susan Garcia,susan.89@yahoo.com,329-148-5553,5/31/2023 0:00,208.09,Toys,4,Japan,71,Female,Delivered,No,42.43
CUST_101088,Karen Rodriguez,karen.88@hotmail.com,305-442-1973,10/13/2024 0:00,,,4,JP,20,,,No,
CUST_100373,Helen Smith,helen.37@hotmail.com,,7/4/2020 0:00,$112.51 ,Toys,-4,,50,Female,Pending,Yes,32.85
CUST_101488,Richard Anderson,richard.18@gmail.com,787-146-7531,7/27/2021 0:00,20.65,Home & Garden,3,UK,,Female,Pending,Yes,10.61
CUST_101142,Robert Martin,user1142@,(355) 889-9893,6/13/2021 0:00,285.11,,5,FR,55,Male,Cancelled,No,31.46
CUST_101910,Emma Rodriguez,emma.82@gmail.com,532-796-6074,4/23/2023 0:00,,Home & Garden,,FR,71,Male,Cancelled,No,37.04
CUST_101565,Karen Moore,karen.83@gmail.com,593-279-8929,10/8/2023 0:00,219.93,Toys,2,United Kingdom,76,Female,Pending,Yes,39.74
CUST_101265,Sarah Gonzalez,sarah.62@hotmail.com,728-725-6401,N/A,280.47,Toys,5,DE,21,Male,Pending,yes,48.49 USD
CUST_101673,Michael Lopez,user1673@,8894893042,N/A,,Clothing,3,United Kingdom,22,Female,Shipped,0,
CUST_101328,William Thomas,william.92@gmail.com,162-739-8679,2/26/2020 0:00,330.63,Sports,,AUS,24,Male,Shipped,No,32.45
CUST_100009,Charles Martin,charles.43@gmail.com,539.523.7706,N/A,492.89 USD,Sports,2,USA,138,Female,Cancelled,No,14.28
CUST_100449,Anthony Thomas,anthony.89@yahoo.com,485-160-6458,3/29/2021 0:00,75.27,Home & Garden,7,FR,65,Male,Delivered,Yes,22.02 USD
CUST_100708,David Davis,david.90@company.com,259-161-1526,1/3/2022 0:00,769.72,,1,Japan,38,Female,Pending,Yes,41.9
CUST_100255,Helen Miller,helen.36@yahoo.com,292-586-2779,5/6/2023 0:00,"$3,281.00 ",Sports,2,,50,Male,Shipped,,10.7
CUST_100882,Anthony Davis,anthony.10@,914-429-4811,11/23/2018 0:00,435.92,,4,USA,37,Male,Cancelled,FALSE,45.1
CUST_100389,Lisa Miller,lisa.47@hotmail.com,2125614482,9/9/2023 0:00,442.84,Automotive,3,DE,52,Male,CANCELLED,Yes,18.92 USD
CUST_100908,Matthew Brown,matthew.90@hotmail.com,650-105-1860,9/1/2020 0:00,758.06,Toys,7,Germany,37,Female,Shipped,No,19.66
CUST_100924,Michael Thomas,michael.35@company.com,933-704-9644,10/20/2020 0:00,13.51,Toys,,Japan,18,Male,Delivered,0,34.65
CUST_101780,Matthew Garcia,matthew.52@,957-679-7157,3/15/2021 0:00,171.84,Clothing,5,United States,twenty-five,Male,Shipped,,38.78
CUST_101288,Donald Smith,,535-624-1383,5/21/2024 0:00,393.22,Sports,3,UK,60,Female,Shipped,,40.4
CUST_100460,William Lopez,,691-240-8239,1/20/2022 0:00,319.22,Clothng,2,Japan,47,Male,Pending,Yes,13.15
CUST_101740,Helen Lopez,user1740@,810-643-3732,11/20/2023 0:00,126.13,Home & Garden,3,CAN,,Male,Delivered,Yes,19.93
CUST_101777,William Moore,william.92@hotmail.com,597-348-9109,12/5/2020 0:00,500.2,Sports,9,US,60,Female,Shipped,No,27.83
CUST_101168,Charles Wilson,charles.51@hotmail.com,767-483-8711,9/10/2018 0:00,368.54,Sports,5,DE,46,Male,Shipped,Yes,48.91
CUST_100958,Sarah Moore,sarah.22@outlook.com,973-109-6769,4/25/2022 0:00,($70.99),Home & Garden,1,USA,41,Male,Delivered,No,23.77
CUST_100501,Richard Anderson,,320-237-4539,4/19/2022 0:00,Free,Sports,4,FR,73,,Cancelled,No,34.87
CUST_100739,Donald Thomas,USER739@GMAIL.COM,835-337-4533,9/24/2021 0:00,524.29,TOYS,3,UK,55,Male,Pending,N,7.47
CUST_101935,Mark Jones,user1935@invalid,-7543,6/19/2022 0:00,362.93,TOYS,2,AUS,69,Female,Pending,Yes,5.47
CUST_100868,Jennifer Jackson,jennifer.23@,205-697-6105,8/3/2023 0:00,"$3,209.00 ",BOOKS,3,JP,21,Male,Pending,Yes,24.07
CUST_100731,Lisa Moore,user731@,507-612-4192,6/20/2021 0:00,633.33,Books,4,FR,38,Male,Shipped,Yes,39.98 USD
CUST_100539,Betty Johnson,betty.15@,(392) 667-9074,12/30/2022 0:00,99.87,Home & Garden,3.3,UK,53,Male,Cancelled,Yes,11.47
CUST_101201,Jane Smith,jane.96@outlook.com,146-175-6815,2/23/2018 0:00,795.9,Automotive,,Germany,54,Female,Pending,No,45.75
CUST_100697,Emma Miller,emma.73@hotmail.com,220-812-3344,10/8/2021 0:00,370,Sports,4,FR,46,Female,Cancelled,Yes,
CUST_101826,Donald Gonzalez,donald.51@,473-340-6245,9/29/2021 0:00,"$4,290.00 ",Books,2,Australia,68,Female,Pending,No,18.77
CUST_101471,Mark Smith,,710-214-6853,1/4/2020,382.54,Books,3,JP,37,Male,Cancelled,0,45.12
CUST_101145,David Williams,david.80@outlook.com,929-890-1202,6/19/2019 0:00,283.21,Automotive,3,Germany,63,,Cancelled,FALSE,18.24
CUST_101031,Donald Hernandez,donald.35@hotmail.com,122.289.3321,10/14/2019 0:00,199.27,Books,3,,,Male,Pending,No,46.8
CUST_100372,Daniel Jackson,user372@invalid,692 778 3644,6/29/2018 0:00,,Home & Garden,2,USA,31,Female,DELIVERED,No,17.64
CUST_100667,Emma Williams,,124-332-7998,8/12/2024 0:00,678.11,Sport,5,AUS,78,male,Shped,No,5.76
CUST_101596,Donald Wilson,user1596@invalid,381 794 9242,10/10/2022 0:00,218.87,Toys,2,France,61,Female,Shipped,No,25.74
CUST_100357,Jennifer Gonzalez,jennifer.89@,720-592-2178,4/26/2018 0:00,,Books,3,FR,49,Male,Cancelled,No,15.57
CUST_100967,David Martin,david.40@company.com,,3/4/2021 0:00,503.62,Home & Garden,4,usa,78,Female,DELIVERED,No,44.99
CUST_100783,Jennifer Anderson,jennifer.72@yahoo.com,404-268-4253,7/14/2021 0:00,506.62,Sports,1,UK,41,Female,Shipped,Yes,33.85
CUST_100735,Susan Jackson,susan.66@outlook.com,893-253-1388,N/A,395.96,Clothing,2,United Kingdom,73,Male,shipped,Yes,12.92
CUST_101035,Anthony Jon3s,user1035@invalid,604-476-5508,10/8/2019,148.01,Electronics,5,,36,Female,Delivered,Yes,41
CUST_100970,Richard Hernandez,richard.45@yahoo.com,(802) 631-1339,6/10/2024 0:00,73.33 USD,Sports,3,JP,47,Female,Cancelled,Yes,32.26
CUST_101744,Mark Hernandez,mark.72@gmail.com,724-534-4312,20-Mar-21,288.75,,1,Japan,37,Male,Cancelled,No,6.44
CUST_101557,sandra jones,sandra.93@,399.979.7295,,303.78,Clothing,1,United Kingdom,39,Female,Pending,Yes,11.12
CUST_101994,Jennifer Wilson,jennifer.88@company.com,885-120-6937,11/23/2018,98.71,Home & Garden,2,,28,Female,DELIVERED,No,8.36
CUST_101594,Nancy Martinez,nancy.28@,594-626-5649,5/23/2023 0:00,667.72,  Automotive  ,3,,66,Female,Pending,No,14.04
CUST_101494,William Jackson,william.82@yahoo.com,-9666,5/18/2022 0:00,$499.00 ,Clothng,5,France,63,Female,Shipd,Yes,26.25
CUST_101561,Jennifer Jones,jennifer.18@company.com,629-515-8814,9/4/2018 0:00,108.79,Sports,5,United Kingdom,57,Female,Shipped,No,5.63
CUST_101896,William Martinez,william.59@hotmail.com,148-410-7306,9/13/2023 0:00,248.98,,3,United Kingdom,40,Female,Cancelled,No,$29.14 
CUST_101252,Sandra Lopez,,218-280-8614,11/19/2023 0:00,775.71,Home & Garden,4,United Kingdom,54,Female,Pending,,
CUST_101770,Donna Brown,donna.99@outlook.com,(849) 717-6940,9/5/2018 0:00,8.33,Automotive,,AUS,30 years,Male,Pending,Yes,$45.52 
CUST_101911,Michael Lopez,michael.15@company.com,-7233,1/7/2020 0:00,304.91,Clothing,5,Canada,34,Female,Cancelled,No,39.87
CUST_101236,Robert Garcia,robert.45@hotmail.com,485.993.4607,8/15/2018 0:00,278.63,Electronics,1,US,60,Female,Delivered,Yes,26.42
CUST_100885,Michael Gonzalez,user885@invalid,926-980-2225,3/12/2024 0:00,130.27,Electronics,2,JP,44,Female,Cancelled,Yes,13.01
CUST_100079,Mark Hernandez,mark.32@,146-603-1381,7/30/2021 0:00,65.53,Sports,1,US,26,Male,Shipped,Yes,8.09
CUST_101172,William Williams,william.87@company.com,623-832-9326,6/4/2020 0:00,763.12,Electronics,4,Australia,77,Male,Delivered,Yes,15.84
CUST_100814,Michael Wilson,michael.25@hotmail.com,-8471,10/8/2018 0:00,355.9,Home & Garden,1,UK,49,Male,PENDING,NO,17.41
CUST_101343,James Moore,james.53@,153-240-9383,10/3/2021 0:00,"$4,863.00 ",Electronics,4,DE,72,Female,Shipd,No,28.45
CUST_100671,Anthony Rodriguez,anthony.97@yahoo.com,388-465-2249,1/19/2021 0:00,178.01,Toys,5,United States,78,Female,Delivered,No,34.96
CUST_101602,James Lopez,  user17@gmail.com  ,2118814797,28-Jun-20,138.7,Sports,5,Australia,78,Male,Cancelled,No,16.12
CUST_100057,Richard Anderson,richard.32@yahoo.com,703.531.1797,,556.69,Home & Garden,,FR,76,Male,Shipped,No,
CUST_100133,Robert Brown,robert.38@outlook.com,2987753875,7/7/2021 0:00,733.85,Home & Garden,2,,74,Male,Pending,No,5.69
CUST_101140,Mark Rodriguez,mark.66@,490-578-4903,4/23/2021 0:00,765.44,Toys,5,Canada,61,Female,Shipped,Yes,36.41
CUST_100933,Michael Williams,michael.66@company.com,571 291 5370,20-May-19,653.77,Clothng,5,CAN,54,Female,Cancelled,0,5.67
CUST_101760,Sarah Jones,sarah.17@hotmail.com,111-752-2921,1/20/2024 0:00,693.61,Home & Garden,2,,70,Female,Shipped,No,27.31
CUST_100823,Carol Johnson,carol.26@hotmail.com,133-115-1430,2/13/2021 0:00,243.27,Sports,,Germany,30 years,Female,Delivered,No,47.48
CUST_101214,Emma Anderson,  user197@gmail.com  ,(391) 269-2942,1/18/2024 0:00,454.44,Automotive,3,Japan,25,Female,Cancelled,Yes,21.48
CUST_100504,Susan Martinez,USER504@GMAIL.COM,490-765,1/9/2021 0:00,112.54,,5,DE,,Male,Cancelled,No,32.23
CUST_101854,Robert Jackson,USER1854@GMAIL.COM,490-813-8772,5/4/2021 0:00,648.54,Clothing,5,Germany,72,Male,Delivered,Yes,31.14
CUST_100347,Michael Wilson,michael.80@,559-750-4299,12/22/2018 0:00,741.97,Sports,5,United Kingdom,20,Male,Cancelled,Yes,
CUST_100386,Lisa Williams,lisa.74@hotmail.com,637-526-5724,10/2/2018 0:00,764.91,Home & Garden,3,USA,75,Male,Delivered,No,39.24
CUST_101024,Susan Johnson,susan.28@hotmail.com,(100) 256-2983,3/3/2023,130.35,Automotive,4,FR,20,Female,Cancelled,Yes,32.19
CUST_100894,Richard Smith,richard.84@yahoo.com,,,658.14,Sports,4,JP,45,Female,Cancelled,No,16.74
CUST_100828,David Thomas,david.27@outlook.com,920-691-8030,12/20/2018 0:00,738.47,Electronics,4,,71,Female,Delivered,No,5.32 USD
CUST_101980,Charles Martinez,,996-136-2590,10/23/2022 0:00,647.63 USD,Elec,4,UK,31,Male,Cancelled,No,36.72
CUST_100475,Maria Garcia,maria.18@,,,529.9,Electronics,9,United Kingdom,twenty-five,Male,Cancelled,Y,38.12
CUST_101540,Anthony Martin,anthony.64@,549-592-1979,6/10/2027,399.30 USD,Electronics,2,UK,76,Female,Cancelled,,40.34
CUST_948839,Thomas Moore,thomas.29@,729-480-3718,3/5/2024,558.51,Automotive,3.1,United States,76,Female,Pending,No,32.67
CUST_101793,William Miller,william.50@hotmail.com,846-567-5153,1/12/2018 0:00,677.09,Toys,3,DE,30,Male,,TRUE,18.77
CUST_100652,David Davis,david.62@company.com,,5/16/2024 0:00,372.93,Automotive,2,UK,51,Female,PENDING,Yes,38.27
CUST_100172,Charles Williams,,960-298-3064,17-Mar-22,120.84,Home & Garden,4.4,CAN,69,Male,Cancelled,No,37.01
CUST_101149,Helen Lopez,helen.26@gmail.com,,6/17/2018,304.61,Home & Garden,3,Japan,51,Male,Shipped,Yes,32.19
CUST_100038,Thomas Lopez,thomas.88@yahoo.com,632-855-5057,,275.23,Home & Garden,5,,20,,Pending,No,37.24
CUST_100713,John Rodriguez,user713@,332-533-3569,1/1/2018 0:00,325.02,Toys,2,CAN,,Female,Pending,No,15.6
CUST_100090,MARK GARCIA,user90@,711 700 4874,4/29/2022 0:00,103.11,,1,Japan,60,Female,Cancelled,No,21.79
CUST_100876,Mark Rodriguez,mark.51@outlook.com,130-217-3947,9/29/2021 0:00,645.9,,3,AUS,74,Female,,Yes,25.84 EUR
CUST_101205,Mark Jackson,mark.26@outlook.com,(107) 707-7060,9/7/2024 0:00,15.12,Electronics,3,,19,Male,Cancelled,yes,20.13 EUR
CUST_100875,Robert Jones,robert.50@company.com,400-718-9691,1/25/2019 0:00,446.52,Books,1,DE,18,Male,,No,29.21
CUST_101412,Matthew Martinez,matthew.16@hotmail.com,444-763-2641,3/3/2020,702.39,Sports,5,United Kingdom,35,Female,Cancelled,No,
CUST_101977,James Miller,james.63@hotmail.com,424.579.5025,2/14/2021 0:00,668.93,Books,3,FR,75,Male,Pending,No,45.66
CUST_101093,James Brown,james.18@outlook.com,590-232-5432,4/11/2021 0:00,133.23,Sports,,AUS,39,Male,Delivered,No,10.27
CUST_101155,Donna Lopez,donna.99@hotmail.com,-2339,2/20/2022 0:00,454.58,Books,,Japan,40,Male,Delivered,Yes,28.02
CUST_101324,Jennifer Davis,jennifer.98@hotmail.com,,8/20/2019 0:00,464.06,Books,4,USA,34,FEMALE,Pending,Yes,12.86
CUST_101425,Carol Williams,carol.31@company.com,441.907.1881,4/4/2018 0:00,65.85,Automotive,5,Australia,37,Male,,Yes,23.59
CUST_101350,Jane Brown,jane.72@,960-547-8235,N/A,$16.44 ,Clothing,3,CAN,37,Female,Cancelled,No,39.58
CUST_100510,James Williams,user510@,529-941-3514,9/5/2020,$779.28 ,Books,5,Canada,71,Female,Shipped,Yes,43.19
CUST_100499,Donna Martin,donna.80@gmail.com,804-201-1732,,"$4,266.00 ",Elec,5,United Kingdom,39,Male,Shipped,No,23.79
CUST_100338,James Anderson,james.71@outlook.com,780-354-4644,5/8/2018 0:00,204.84,Toys,5,Germany,31,Female,Shipped,Yes,$41.64 
CUST_101188,Carol Williams,,350-895-7678,12/10/2018 0:00,769.14,Automotive,3,Japan,26,Female,Cancelled,Yes,28.76
CUST_100028,Michael Moore,michael.26@gmail.com,,1/17/2023,Free,Clothing,2,FR,72,Male,Cancelled,Yes,$43.26 
CUST_101217,William Martin,william.95@yahoo.com,782-385-3310,4/19/2018 0:00,361.82,Home and Garden,3,JP,71,Male,Delivered,No,33.4
CUST_101385,Anthony Garcia,  user256@gmail.com  ,574-190-2904,6/15/2020 0:00,787.88,Clothing,5,US,20,Male,Shipped,Yes,12.22
CUST_101904,John Brown,john.29@hotmail.com,805-219-5758,12/9/2022 0:00,318.57,TOYS,1,,69,Male,Shipped,Yes,26.41
CUST_100945,Anthony Williams,anthony.28@,689-372-4911,11/18/2023 0:00,,Toys,1,United States,31,Male,Delivered,Yes,38.25
CUST_100169,Daniel Thomas,daniel.52@,791-901-1425,11/3/2018,Free,Electronics,1,Canada,18,Female,Shipped,Yes,44.15
CUST_101876,Donald Davis,donald.52@gmail.com,2587276527,N/A,111.52,Sports,2,France,26,Male,,Yes,13.33
CUST_101197,David Garcia,user1197@,235-627-9672,5/1/2018 0:00,267.25,Books,1,Australia,60,Female,pending,No,35.36
CUST_101253,Mark Gonzalez,mark.89@gmail.com,776-216-6694,4/4/2021 0:00,584.28,,1,Japan,41,Male,Shipd,No,$28.70 
CUST_101464,Helen Moore,USER1464@GMAIL.COM,575-388-1652,10/15/2021 0:00,166.46,Home & Garden,Excellent,Canada,26,Female,Delivered,No,19.02
CUST_100912,Lisa Brown,lisa.29@gmail.com,274-241-8548,7/15/2022 0:00,585.22,Electronics,3,France,77,Male,Cancelled,No,5.56
CUST_100491,Michael Jackson,john.smith@gmail.com,311.768.3641,5/9/2024 0:00,560.99,Automotive,1,France,39,Female,Cancelled,No,48.38
CUST_100953,Richard Wilson,richard.44@,804-344-3789,2/2/2021 0:00,482.57,Cloth,,Australia,69,Female,Shipped,Yes,48.02 EUR
CUST_101097,Steven Gonzalez,steven.13@yahoo.com,,3/22/2021 0:00,219.77,Sports,3,JP,11,Female,Pending,No,5.87
CUST_101032,Donna Jones,,773-346-3797,2/1/2018 0:00,650.83,Electronics,3,AUS,75,Male,Cancelled,No,40.35
CUST_100587,Lisa Brown,,539-303-8764,22-03-2021,759.74,Toys,4,US,27,Female,Shipped,Yes,10.46
CUST_100750,Sarah Anderson,USER750@GMAIL.COM,565-421-3780,8/1/2023 0:00,749.74,Home & Garden,1,United Kingdom,45,Female,Shipped,Yes,12.13
CUST_100657,Carol Gonzalez,carol.66@hotmail.com,888.185.5385,6/16/2020 0:00,740.38,Clothing,1,USA,73,Male,Cancelled,,26.78
CUST_100234,Helen Brown,helen.81@yahoo.com,441-301-6394,5/11/2022 0:00,193.21,Books,4,France,74,Male,Cancelled,,
CUST_100732,David Gonzalez,USER732@GMAIL.COM,500-843-6830,5/12/2020 0:00,640,Home & Garden,3,France,71,Female,Pending,Y,33.22
CUST_924994,Charles Wilson,charles.12@hotmail.com,241-611-4079,12/21/2020 0:00,263.86,,2,Japan,76,Female,Shipped,No,31.62
CUST_101704,David Martinez,david.65@yahoo.com,(167) 215-8793,,682.44,Home & Garden,2,Germany,33,Male,Shipped,Yes,19.89
CUST_101156,Charles Davis,charles.49@outlook.com,770 139 4018,2/5/2020 0:00,278.03,AUTOMOTIVE,1,JP,80,Female,Pending,Yes,47.55
CUST_101807,William Brown,william.86@outlook.com,430-116-2826,3/20/2019 0:00,26.85 USD,Electronics,5,USA,64,Female,Delivered,No,32.1
CUST_101492,Jennifer Davis,jennifer.95@,573-713-6212,1/8/2021 0:00,798.28,Home & Garden,2,UK,142,Female,Cancelled,,37.51
CUST_101699,Richard Hernandez,richard.83@gmail.com,,6/8/2024 0:00,731.19,,1.9,united states,49,Female,Delivered,Yes,28.41
CUST_100934,Betty Martin,user934@,,8/24/2021 0:00,Free,Toys,4,Japan,27,Female,Cancelled,Yes,33.44
CUST_101209,Jennifer Martinez,jennifer.13@yahoo.com,149-677-9481,7/3/2019 0:00,85.95,Automotive,1,Australia,69,Male,SHIPPED,Yes,40.86 USD
CUST_101065,Jane Gonzalez,jane.32@hotmail.com,752-687-4272,9/16/2020 0:00,590.72,Home & Garden,2,CAN,45,Male,Delivered,No,34.49
CUST_100108,Susan Miller,susan.80@gmail.com,504-815-3014,10/25/2024 0:00,515,Clothing,1,CAN,19,Female,Shipped,No,49.44
CUST_101613,Jane Smith,jane.88@yahoo.com,502-880-7834,2/19/2020 0:00,491.69,Electronics,3,JP,68,Female,Cancelled,Yes,47.53
CUST_100568,Donald Smith,user568@,(549) 772-8198,3/10/2023 0:00,"$3,770.00 ",Automotive,5,AUS,38,Female,Delivered,NO,34.59
CUST_101167,Richard Thomas,  user470@gmail.com  ,907-468-6488,7/4/2019 0:00,,Toys,2,US,78,Female,Shipped,No,42.83
CUST_101174,Helen Taylor,user1174@invalid,696-133-3458,12/26/2026,245.3,Sports,2,JP,65,Female,Delvered,FALSE,49.37
CUST_100890,D@ni3l Wilson,daniel.75@company.com,(563) 275-6355,8/2/2018 0:00,,Clothing,5,United Kingdom,52,Female,Pending,No,44.06
CUST_100947,Jane Davis,jane.94@company.com,(331) 735-7628,22-03-2021,210.86,Sports,3,DE,63,Female,Shped,No,33.76
CUST_101048,Thomas Williams,thomas.11@hotmail.com,979-905-3294,12/1/2020 0:00,Free,Books,4,DE,44,Male,Shipped,No,31.47
CUST_101998,Sarah Anderson,sarah.36@outlook.com,7394077449,6/4/2022 0:00,104.72,Sports,3,FR,79,Female,,Yes,$34.37 
CUST_101841,Sarah Rodriguez,user1841@,602-541-3184,N/A,313.77,  Electronics  ,4,US,57,Female,Pending,Yes,28.65
CUST_101514,jennifer jones,jennifer.79@company.com,713-385-6233,N/A,361.68,Toys,5,CAN,59,Male,Pendng,No,34.53
CUST_100884,Donald Lopez,donald.12@company.com,205-674-5555,2/15/2024 0:00,150.94,Toys,4,France,24,Female,Cancelled,No,
CUST_101973,Mark Thomas,mark.46@,,9/25/2023 0:00,359.29,Toys,6,DE,28,Male,Shipped,Yes,35.32
CUST_101122,Jane Jones,jane.66@company.com,859 666 4453,3/11/2018 0:00,129.7,Electronics,2,CAN,62,Female,Delivered,No,46.97
CUST_100850,Susan Anderson,susan.22@gmail.com,(914) 122-7778,3/14/2023 0:00,219.34,Spts,6,Germany,55,Male,Cancelled,No,5.75
CUST_100734,Helen Moore,helen.92@hotmail.com,859-615-2654,5/31/2018 0:00,220.89,Electronics,Bad,Australia,28,Male,Delivered,No,6.17
CUST_100717,Daniel Gonzalez,daniel.81@company.com,8636722264,8/27/2024,786.06,Automotive,3,JP,N/A,Male,Pending,No,
CUST_100454,Anthony Davis,anthony.67@hotmail.com,661-501-6528,10/22/2023 0:00,701.78,Automotive,3,,23,Female,Shipped,No,13.87
CUST_100264,James Johnson,,213.232.9789,,41.07,Clothing,5,France,27,Male,Pending,No,13.39
CUST_100075,Nancy Smith,nancy.94@hotmail.com,119-223-9713,,,Clothng,8,usa,22,Female,Pending,No,5.61
CUST_101732,Daniel Gonzalez,user1732@,829.402.3069,10/13/2021 0:00,,Clothing,1,Germany,73,Female,Shipped,No,34.93
CUST_100444,Charles Miller,john.smith@gmail.com,566-250-5643,12/10/2021,288.15,Sports,,France,20,Female,Pending,Yes,32.84
CUST_100395,Thomas Rodriguez,john.smith@gmail.com,699-340-8829,12/13/2020 0:00,766.13,Sports,3,DE,74,Male,Delivered,NO,
CUST_100176,richard brown,richard.66@outlook.com,698.546.9407,8/20/2021 0:00,,AUTOMOTIVE,4,USA,52,Female,Cancelled,No,6.16
CUST_101042,CHARLES WILSON,user1042@,242-579-8509,7/26/2024 0:00,39.67,Books,3,Germany,36,Male,Shipped,N,$47.94 
CUST_101814,Richard Wilson,john.smith@gmail.com,(853) 934-5815,3/24/2021 0:00,162.38 USD,Clothing,1,AUS,26,Male,,Yes,49.47
CUST_101467,Nancy Gonzalez,john.smith@gmail.com,478-358-7974,3/7/2021 0:00,168.41,Toys,4,Australia,28,Male,Pending,No,38.21
CUST_101581,Donald Davis,donald.30@gmail.com,850-950-2043,6/12/2019 0:00,,Sports,1,United Kingdom,62,Male,Pending,No,47.98
CUST_101444,Thomas Jackson,thomas.30@,,9/8/2019 0:00,638.84,Electronics,1,Germany,30,Female,Delivered,Yes,9.93
CUST_100595,David Gonzalez,david.99@company.com,-3130,11/15/2023 0:00,553.41,SPORTS,5,australia,73,Female,Shped,No,42.92
CUST_100061,Nancy Rodriguez,nancy.82@company.com,686-417-8411,11/7/2018 0:00,Free,Home & Garden,1,,26,Male,Cancelled,Yes,42.15
CUST_101296,Sandra Johnson,sandra.25@gmail.com,691-125-7510,4/5/2018 0:00,430.28,Home & Garden,2,Germany,77,Male,Cancelled,No,7.27
CUST_100872,Richard Martin,  user206@gmail.com  ,680-461-7126,1/17/2019 0:00,477.95,Home & Garden,5,USA,78,Male,Delivered,FALSE,14.22
CUST_101560,Daniel Wilson,daniel.25@outlook.com,365-472-9332,11/16/2023 0:00,256.07,Elec,2.1,United States,20,Female,Cancelled,Y,7.89
CUST_101965,Karen Martin,karen.70@outlook.com,846-775-6954,9/22/2024 0:00,81.05,Clothing,4,Germany,40,Male,Pending,Yes,34.52
CUST_100278,Betty Hernandez,betty.37@,144-345-3587,12/29/2018 0:00,736.04,Electronics,1,AUS,,Female,Delivered,No,26.01 USD
CUST_101392,Charles Hernandez,john.smith@gmail.com,,2/12/2024 0:00,38.96,Home and Garden,4,france,43,Male,Pending,No,6.02
CUST_100036,Carol Brown,  user144@gmail.com  ,339-458-5902,8/28/2020 0:00,252.04,Electronics,2,Germany,76,Male,Cancelled,Yes,8.52
CUST_101586,Betty Martin,betty.19@gmail.com,749-174-4218,6/25/2018 0:00,459.65,,1,Japan,74,Male,Shipped,No,38.72
CUST_100662,Thomas Rodriguez,thomas.38@,414-439-8846,3/5/2022 0:00,787.35,Toys,5,JP,46,Female,Pending,No,42.54
CUST_101889,Sandra Anderson,sandra.93@yahoo.com,184-602-1390,8/29/2023 0:00,,Boks,3,FR,52,Female,Pending,Yes,17.63
CUST_101512,Karen Davis,karen.28@hotmail.com,2628857571,10/25/2021 0:00,,Home & Garden,5,DE,77,Male,Cancelled,No,42.94
CUST_100977,Robert Hernandez,robert.49@company.com,560-997-9632,,780.92,Toys,6,,80,Female,Cancelled,Yes,17.22
CUST_101642,Susan Davis,user1642@,537-505-8968,3/23/2020 0:00,$78.51 ,Sports,4,jp,34,Female,Cancelled,No,41.07
CUST_100738,Matthew Brown,user738@invalid,,28-10-2018,760.07,Toys,10,JP,35,Female,Cancelled,Yes,10.91
CUST_100191,Betty Jackson,betty.35@outlook.com,934-439-7158,4/18/2019 0:00,630,Sports,3,UK,49,Female,Delivered,Yes,$28.58 
CUST_100919,Mark Jackson,mark.16@company.com,955-993-4971,2/23/2020 0:00,187.63,Elec,2,FR,37,Male,Shipped,No,13.64
CUST_100456,Maria Thomas,maria.34@outlook.com,640-844-5637,10/3/2022 0:00,262.01,Clothing,Bad,United Kingdom,78,Female,Pending,Yes,9.66
CUST_101417,Sandra Martin,sandra.35@outlook.com,482-715,10/11/2022 0:00,149.46,Boks,3,,63,Female,Pending,Yes,13.37
CUST_100675,Sarah Davis,sarah.89@outlook.com,253-783-5940,11/21/2020 0:00,305.58 USD,Automotive,5,USA,65,Female,Pending,No,44.15 EUR
CUST_100760,Robert Davis,robert.91@,998-996-1699,29-Jul-19,384.34,Clothing,3,USA,63,Female,Cancelled,No,12.18
CUST_101890,Matthew Lopez,user1890@invalid,429-674-8931,7/22/2024 0:00,662.39,,1,Canada,79,Male,Cancelled,Yes,12.1
CUST_101674,Nancy Williams,nancy.49@,(279) 618-9462,9/6/2024 0:00,$497.71 ,  Home & Garden  ,3,CAN,48,Male,Shipped,No,
CUST_100728,Jane Johnson,jane.53@hotmail.com,909-595-1748,6/9/2021 0:00,794.48,Automotive,2,JP,78,Male,Pending,Yes,12.65
CUST_101718,Helen Moore,helen.95@company.com,913-302-3984,4/29/2019 0:00,318.42,Sports,1,USA,67,Female,cancelled,No,35.59
CUST_101399,Richard Davis,richard.88@hotmail.com,803-951-3793,3/12/2021 0:00,67.7,Clothing,1,United Kingdom,38,Male,Delivered,No,16.92
CUST_100412,Maria Moore,maria.23@company.com,932-429-1272,10/18/2018 0:00,$52.16 ,Electronics,2,United States,55,Male,Pending,FALSE,$32.83 
CUST_101098,William Garcia,  user427@gmail.com  ,,11/10/2018 0:00,719.82,Toys,5,FR,38,Female,Shipped,No,23.5
CUST_100825,Jennifer Lopez,jennifer.92@outlook.com,714-425-6490,12/17/2021 0:00,733.35,Automotive,N/A,France,33,Male,Pending,No,20.29
CUST_101567,James Thomas,,416-311-4675,7/15/2019 0:00,283.85,Automotive,3,FR,19,Female,Delivered,Yes,
CUST_100616,Jane Hernandez,USER616@GMAIL.COM,169-594-7864,8/20/2019 0:00,245.16,Electronics,Bad,AUS,73,Female,Cancelled,Yes,17.62
CUST_100114,Thomas Brown,john.smith@gmail.com,-2408,10/24/2022 0:00,525.77,Toys,4,,,Male,Cancelled,No,43.24 USD
CUST_100417,Donald Thomas,donald.16@hotmail.com,400-721-4196,10/8/2020 0:00,,Sports,3,Canada,28,Female,Pending,Yes,36.6
CUST_101999,Betty Martin,user1999@,213-909-4229,12/21/2020 0:00,338.73,Books,0,United States,60,Male,Shipped,Yes,
CUST_100969,Jennifer Moore,jennifer.59@gmail.com,977-985-8935,3/27/2024 0:00,$153.11 ,Toys,2,jp,76,Female,Cancelled,Yes,$15.79 
CUST_100604,Daniel Thomas,daniel.62@outlook.com,859-929-6920,3/7/2018 0:00,312.39,Electronics,4,Germany,34,Female,Cancelled,Yes,25.78
CUST_100539,Betty Johnson,betty.15@,(392) 667-9074,12/30/2022 0:00,99.87,Home & Garden,3.3,UK,53,Male,Cancelled,Yes,11.47
CUST_100089,"  David Lopez  	",david.23@hotmail.com,223-153-4318,8/5/2019 0:00,413.67,Clothing,2,France,2,Male,Shipped,No,42.68
CUST_100848,Michael Taylor,michael.26@yahoo.com,,8/30/2022 0:00,428.88,Sports,4,CAN,28,Female,Cancelled,No,12.56
CUST_101313,Charles Miller,charles.14@gmail.com,216-139-7949,10/30/2021 0:00,134.26,Toys,4,US,69,Male,Delivered,No,24.14
CUST_100862,Karen Martin,karen.37@company.com,325-185-3073,N/A,199.32 USD,Toys,5,Japan,41,Female,Delivered,Yes,25.96
CUST_100753,JOHN JOHNSON,john.31@gmail.com,8905715226,9/1/2021 0:00,$455.15 ,Books,2,FR,34,Female,,Yes,10.31
CUST_100498,Betty Martin,betty.16@company.com,635-460-9818,9/14/2019 0:00,796.37,Clothing,2,Canada,55,Female,Pending,No,25.74
CUST_101276,David Martin,,204-613-7519,9/20/2022 0:00,78.73,Clothing,4,France,26,Male,Shipped,Yes,8.67
CUST_101325,Jennifer Martinez,user1325@invalid,253-581-2098,12/5/2023 0:00,190.99,Sports,1,JP,40,Female,Shipped,Yes,33.47
CUST_100011,Robert Moore,robert.48@,553-249-1162,11/9/2022 0:00,,Sports,2,,30 years,Male,Delivered,No,40.55
CUST_100396,Mark Lopez,mark.97@outlook.com,878-203-1155,1/30/2020 0:00,776.02,Home & Garden,3,Germany,23,Male,Shipped,TRUE,31.53
CUST_100284,Anthony Martinez,anthony.93@gmail.com,358-312-9291,7/4/2024 0:00,20472.7026,Sports,3,,38,Male,Pending,Yes,$39.82 
CUST_101066,Maria Rodriguez,maria.56@gmail.com,6025485687,12/9/2018 0:00,324.37,Sports,1,France,38,Male,Delivered,No,39.42
CUST_101191,James Jones,user1191@invalid,(531) 617-3431,1/26/2019 0:00,19.37,Sports,2,Canada,,,Shipped,FALSE,33.84
CUST_101440,Steven Taylor,steven.11@,-5856,2/8/2022 0:00,97.27,H&G,1,United States,76,Female,Pending,YES,6.19
CUST_101823,Carol Lopez,carol.41@outlook.com,968-631-7547,10/26/2022 0:00,,Clothing,5,USA,49,Female,Delivered,No,12.8 USD
CUST_101450,Sandra Miller,sandra.19@hotmail.com,629-954-2743,6/11/2018 0:00,687.27,Clothing,,Australia,31,Female,Pending,Yes,22.3
CUST_100690,Matthew Brown,matthew.50@,895-810-4593,4/30/2019 0:00,683.03,Sports,2,Australia,30,Female,Delivered,Yes,
CUST_101703,Susan Martin,user1703@,115.457.4648,1/19/2019 0:00,"$4,529.00 ",Home & Garden,1,AUS,52,,Pending,,47.39
CUST_101962,Donna Davis,donna.92@outlook.com,445-433-7535,10/30/2018,,Clothing,1,Germany,53,Male,Shipped,,32.68
CUST_100689,Helen Jones,helen.25@,694-832-7911,9/29/2021 0:00,Free,Clothng,1,DE,57,Female,Delivered,No,18.78
CUST_100851,William Garcia,william.59@,,1/29/2019,87.37,Electronics,5,JP,43,Male,Shipped,Yes,18.25
CUST_100159,JAMES ANDERSON,user159@invalid,(162) 134-7183,,Free,Clothing,1,United States,23,Male,Shipped,No,10.04
CUST_100895,William Garcia,USER895@GMAIL.COM,640-140-6527,3/14/2019 0:00,30.97,Sports,3,CAN,35,Male,Cancelled,No,13.76
CUST_101646,Betty Gonzalez,john.smith@gmail.com,603-389-6468,12/8/2019 0:00,778.36,Electronics,4,UK,73,Female,Cancelled,Yes,39.94
CUST_100257,James Williams,james.21@yahoo.com,(206) 791-3910,8/19/2020,412.22,ELECTRONICS,1,CAN,78,Male,Cancelled,No,9.66
CUST_100335,DONALD RODRIGUEZ,donald.95@outlook.com,524-763-5726,8/27/2024 0:00,351.16,Automotive,4,Canada,26,,Cancelled,No,15.59
CUST_101967,Steven Smith,steven.97@outlook.com,414-318-7436,4/17/2020 0:00,218.57,Home & Garden,2,USA,73,Female,Shipped,Yes,14.39
CUST_101039,John Rodriguez,john.58@company.com,677-498-1180,11/1/2023 0:00,275.02,,4,Canada,71,Female,Cancelled,Yes,36.01
CUST_100515,Thomas Martin,thomas.49@hotmail.com,,8/1/2022 0:00,783.05,Books,,DE,21,Male,Delivered,Yes,40.7
CUST_101348,Jane Taylor,user1348@,180-719-4504,10/20/2024,513.24,  Home & Garden  ,1,AUS,77,Female,Pending,No,38.01
CUST_101015,Jennifer Williams,jennifer.76@gmail.com,155-186-1896,10/16/2022 0:00,480.2,,3,AUS,57,Female,Cancelled,Yes,9.41
CUST_100768,David Smith,david.72@hotmail.com,2105068096,8/15/2023 0:00,459.4,Books,3,FR,44,Male,Delivered,Yes,25.33
CUST_101825,David Miller,,472-922-5318,,639.73,Sports,5,France,55,Male,Delivered,No,11.22
CUST_100761,WILLIAM JONES,william.54@hotmail.com,759-158-5011,10/9/2024 0:00,,Sports,4,Canada,65,Male,Pending,No,12.7
CUST_101246,Jennifer Thomas,jennifer.47@outlook.com,595-643-3950,N/A,435.24,Clothing,1,DE,7,Male,Cancelled,Yes,5.07
CUST_101203,Matthew Jackson,matthew.54@gmail.com,546-396-8816,7/31/2023 0:00,16.58,Sports,2,USA,65,Male,Cancled,Yes,34.06
CUST_101537,Sandra Brown,sandra.66@,982-494-2152,4/9/2019 0:00,206.84,Clothing,2,US,18,Male,Shipped,No,27.56
CUST_101123,Michael Davis,,842.935.3325,11/24/2023 0:00,574.93,Automotive,2,Canada,28,Male,Shipped,Yes,12.2
CUST_100521,Ruth Rodriguez,ruth.84@company.com,413-702-9021,11/17/2023 0:00,37.94,Home & Garden,Excellent,US,69,Male,Shipped,No,15.77
CUST_100022,Maria Lopez,maria.38@yahoo.com,931-900-7627,10/1/2023 0:00,211.62,Automotive,2,United States,68,,Delivered,Yes,
CUST_100356,John Lopez,,413-564-5640,6/10/2019,251.03,Clothing,,FR,48,Female,delivered,No,27.48
CUST_101277,Steven Taylor,steven.67@hotmail.com,143-260-5638,6/3/2024 0:00,249.27,Clothing,5,USA,32,Female,Pending,Yes,39.96
CUST_101312,Anthony Jones,anthony.66@,224-270-4233,5/8/2024 0:00,356.94,Clothing,1,Australia,47,Female,Cancelled,Yes,40.02
CUST_101758,SARAH MARTINEZ,  user497@gmail.com  ,857.699.3487,21-Feb-20,642.09,Automotive,4,AUS,79,Female,Pending,No,32.44
CUST_100340,Lisa Rodriguez,user340@,7441062058,4/21/2022 0:00,246.39,Books,,,50,Male,Cancelled,No,37.01
CUST_100431,James Anderson,james.10@outlook.com,486-834-7252,5/7/2018 0:00,663.61,BOOKS,2,Canada,23,Male,Pending,Yes,11.06
CUST_100473,Sarah Miller,sarah.25@company.com,985-937-7260,3/23/2022 0:00,561.84,Toys,1,United Kingdom,,Male,Cancelled,No,15.58
CUST_100217,Jane Smith,jane.86@company.com,631-575-3932,3/14/2021 0:00,38.36,Toys,4,United Kingdom,26,Female,Shipped,Yes,9.69
CUST_100911,Maria Jones,maria.51@company.com,727-910-7218,1/13/2027,149.03,Toys,N/A,France,60,Female,Pending,No,8.67 EUR
CUST_101227,Thomas Davis,thomas.67@hotmail.com,(240) 385-2908,6/25/2018 0:00,240.02,Home & Garden,2,US,48,Female,Shipped,Yes,37.85 EUR
CUST_101667,Sarah Jones,,322 890 6821,8/3/2023 0:00,552.62,Electronics,3,FR,78,Male,Pending,,20.09
CUST_101011,Carol Lopez,carol.87@,482-230-9900,6/5/2020 0:00,547.09,Sports,1,France,75,Male,Pending,Yes,12.39
CUST_100105,Nancy Garcia,,489-459-4485,9/2/2018 0:00,72.47,Sports,5,Germany,62,Male,Cancelled,No,37.35
CUST_100093,Betty Hernandez,betty.21@,516-167-8932,9/4/2019 0:00,603.18,Home & Garden,5,USA,73,Female,Shipped,No,12.54
CUST_101008,Donna Martin,donna.66@company.com,572-128-1432,,305.13,Toys,4,JP,,Male,Cancelled,No,49.84
CUST_101070,Sandra Brown,,-2256,6/30/2018 0:00,528.51,Sports,1,CAN,72,Male,Shipped,Yes,$11.09 
CUST_101092,Carol Hernandez,john.smith@gmail.com,172-526-2320,8/27/2023 0:00,$281.53 ,Sports,2,AUS,58,Female,Shipped,No,26
CUST_101656,Jennifer Davis,jennifer.39@,,9/28/2020 0:00,"$1,197.00 ",Automotive,Good,Canada,66,Female,Cancelled,No,35.6
CUST_101308,Susan Taylor,susan.72@yahoo.com,767-341-6272,17-04-2024,453.80 USD,Home & Garden,1,France,57,Male,Pending,Yes,
CUST_100696,William Wilson,william.88@outlook.com,947 329 1915,11/5/2024 0:00,726.38,Electronics,4,DE,80,Male,Delivered,No,5.45
CUST_101874,Lisa Jones,lisa.94@hotmail.com,210-457-3955,11/5/2024 0:00,65.71,Electronics,4,Germany,34,Female,Pending,No,11.93
CUST_100996,Jennifer Anderson,jennifer.39@,132-584-6810,7/10/2019 0:00,766.7,Automotive,4,CAN,45,Female,Delivered,Yes,22.73
CUST_101458,SUSAN GARCIA,susan.16@gmail.com,899-584-6489,7/30/2020 0:00,161.25,,3,France,74,,Cancelled,Yes,13.79
CUST_100153,Emm@ Wilson,emma.50@,124-706-6477,3/9/2020 0:00,88.2,Automotive,Bad,US,59,Female,Pending,No,$45.27 
CUST_101099,Karen Thomas,karen.96@hotmail.com,930-300-9752,29-Mar-21,6.52,Clothing,5,France,52,MALE,Delivered,No,26.22
CUST_101995,"  Sandra Davis  	",sandra.23@company.com,698-685-3979,8/22/2022 0:00,281.71,Home & Garden,,CAN,4,Male,Cancled,No,19.42
CUST_910572,David Davis,david.31@gmail.com,180 536 8652,7/2/2023 0:00,85.07,Electronics,5,US,28,Female,Delivered,Yes,10.88
CUST_100789,Michael Williams,,731-248-6304,,581.44,Home & Garden,5,Canada,56,Male,Delivered,Yes,7.09
CUST_100580,Sarah Smith,sarah.18@yahoo.com,452.612.1223,2/13/2022 0:00,449.97,Toys,3,CAN,65,Male,Pendng,No,30.57
CUST_101470,Donald Smith,donald.45@gmail.com,557-432-5877,12/13/2022 0:00,175.49,Clothing,2,,48,Male,Shipped,N,30.07
CUST_100703,James Thomas,james.44@yahoo.com,,1/14/2019 0:00,,Sports,1,France,28,Male,Pending,No,47.31
CUST_101212,J3nnif3r And3rson,jennifer.79@yahoo.com,142-933-4451,11/25/2023 0:00,760.5,Automotive,5,Canada,20,Female,Cancelled,TRUE,41.07
CUST_101295,Daniel Davis,daniel.37@company.com,881-659-2774,8/13/2018 0:00,,  Electronics  ,4,Canada,40,Male,Pending,Yes,40.98
CUST_101741,Emma Martin,user1741@invalid,202-796-3713,12-Oct-21,74.07 USD,Books,1,Japan,61,Female,Cancelled,No,19.03
CUST_101260,Charles Anderson,charles.32@outlook.com,928-552-7966,3/3/2024 0:00,380.48,Sports,5,Canada,69,Female,Shipped,No,12.62
CUST_100487,"  Emma Johnson  	",emma.28@gmail.com,312-774-2922,,308.47,Toys,3,Canada,46,Male,,No,15.94
CUST_100559,William Wilson,USER559@GMAIL.COM,405-462-2755,1/13/2019 0:00,485.7,Clothing,3,Germany,35,,Pending,Yes,32.88 USD
CUST_101141,Anthony Anderson,user1141@invalid,115.387.5495,11/7/2023 0:00,734.99 USD,Electronics,6,,41,Female,Shipped,No,27.19
CUST_101119,john jones,john.48@yahoo.com,,10/2/2024 0:00,247.24,Clothing,1,USA,65,,Delivered,No,
CUST_100801,Sandra Miller,sandra.14@yahoo.com,614-938-3043,5/13/2022 0:00,351.03,Toys,10,,61,Female,,0,20.06 EUR
CUST_100512,Emma Moore,emma.65@outlook.com,,9/22/2024 0:00,562.38,Toys,3,Australia,62,Male,Pending,No,19.34
CUST_100633,MATTHEW WILLIAMS,john.smith@gmail.com,315-647-2903,8/30/2021 0:00,28.84,Toys,4,AUS,76,Female,Cancelled,No,26.67 USD
CUST_101549,Steven Thomas,steven.27@yahoo.com,450-402-8285,5/4/2023 0:00,$320.86 ,Elec,1,United States,137,FEMALE,Pending,Yes,22.18
CUST_101868,James Taylor,james.41@hotmail.com,258-714-7130,12/26/2020 0:00,395.01,Electronics,4,JP,38,Male,Delivered,Yes,16.5
CUST_101616,Carol Wilson,john.smith@gmail.com,243-567-5492,1/30/2018 0:00,76.54,Books,,,,Female,DELIVERED,Yes,5.56
CUST_101150,Anthony Williams,anthony.96@gmail.com,753-964-4569,4/9/2021 0:00,658.47,Sports,Bad,Canada,70,F,Cancelled,Yes,21.89
CUST_100790,William Martin,,943-851-6185,,271.22,Electronics,,CAN,20,Female,Cancelled,Yes,7.12
CUST_100116,Michael Hernandez,michael.79@outlook.com,104-109-3843,28-02-2021,312.68,Books,5,,21,Female,Cancelled,1,$7.97 
CUST_101497,Steven Jones,steven.46@gmail.com,427-454-8280,,"$3,657.00 ",Electronics,3,Canada,69,Female,Shipped,Yes,36.19 USD
CUST_100740,Betty Wilson,betty.99@,769-244-3638,6/30/2024 0:00,15.77,Automotive,1,AUS,79,Female,Delivered,Yes,38.86 EUR
CUST_101767,SANDRA ANDERSON,sandra.94@gmail.com,(577) 536-3759,9/27/2022 0:00,691.24,Electronics,2,UK,18,Male,Cancelled,No,35.93 USD
CUST_101081,Jane Martinez,jane.88@company.com,,5/5/2018 0:00,379.49 USD,Automotive,,Germany,38,Female,Shipped,Yes,31.23
CUST_100830,Maria Moore,maria.47@company.com,425-629-3595,19-Oct-19,267.67,Toys,2,Canada,79,Female,Cancelled,No,$35.03 
CUST_100119,Daniel Davis,daniel.80@hotmail.com,952-935-8293,4/24/2023 0:00,,Electronics,,USA,68,Male,Cancelled,No,26.52
CUST_100656,Michael Martin,michael.78@company.com,(113) 881-1716,5/31/2023 0:00,54.25,Toys,9,United States,62,Male,Cancelled,Yes,10.34
CUST_101996,JANE DAVIS,,120-603-6633,3/5/2019 0:00,,Sports,4,Germany,58,Female,Cancelled,No,30.18
CUST_100635,Carol Moore,  user402@gmail.com  ,719-477-6317,7/26/2024 0:00,427.01,Home & Garden,5,JP,50,Female,Shipped,No,48.21
CUST_100369,Ruth Jones,ruth.73@yahoo.com,470-746-1462,11/11/2018 0:00,654.97,Toys,2,UK,68,Female,Pending,yes,11.44
CUST_100268,Susan Martin,susan.49@yahoo.com,688.417.4325,2/24/2021 0:00,400.07,Sports,,CAN,22,Female,,Yes,13.05
CUST_100655,EMMA GARCIA,emma.24@company.com,486-493-1339,3-Jun-18,7.71,Clothing,1,Japan,39,Female,Pending,Yes,49.79
CUST_100935,charles gonzalez,,563-460-5351,4/1/2022 0:00,,Toys,5,UK,67,Female,Delivered,Yes,12.38
CUST_100822,Carol Wilson,carol.99@company.com,,5/16/2019 0:00,26541.01869,Toys,3,Canada,70,Female,Delivered,N,24.5
CUST_100866,Sarah Lopez,sarah.82@,509-297-5097,8/15/2022 0:00,"$5,328.00 ",,5,,31,Female,Pending,No,6.33
CUST_100046,Richard Rodriguez,richard.72@outlook.com,550-805-9020,11/29/2018 0:00,684.16,Clothing,Bad,Canada,49,Male,shipped,Yes,$44.82 
CUST_101373,Daniel Martin,daniel.12@hotmail.com,855-117-6450,12/12/2020 0:00,180.7,Electronics,2,AUS,51,Male,Shipped,Yes,29.62
CUST_101785,Thomas Jackson,thomas.16@,788-826-7911,1/24/2023 0:00,334.88,Home & Garden,4,,56,Female,SHIPPED,Yes,34.51
CUST_100991,Donna Garcia,donna.34@gmail.com,100-151-5119,7/16/2019,,Sports,3,JP,twenty-five,Female,Shipped,No,18.93
CUST_100876,Mark Rodriguez,mark.51@outlook.com,130-217-3947,9/29/2021 0:00,645.9,,3,AUS,74,Female,,Yes,25.84 EUR
CUST_100773,David Wilson,david.92@hotmail.com,318.427.1513,3/16/2020 0:00,176.42,Electronics,1,CAN,39,Female,Delivered,Yes,49.78
CUST_101219,Carol Hernandez,,128-712-1651,12/12/2027,731.61,Automotive,5,US,69,Male,Pending,No,23.33
CUST_101126,Daniel Johnson,daniel.77@outlook.com,121-610-1553,5/24/2022 0:00,718.68,Clothing,1,JP,76,Female,Cancelled,No,20.15
CUST_100004,Helen Moore,user4@invalid,106-351-8760,11/24/2019 0:00,744.6,Books,2,JP,43,Female,Cancelled,Yes,33.55
CUST_101003,Mark Martinez,  user17@gmail.com  ,(680) 743-8555,1/18/2019 0:00,417.26,Elec,4,can,,Female,Pending,No,24.66
CUST_101801,Carol Anderson,,956-333-6186,1/4/2019 0:00,448.7,Automotive,1,AUS,28,Male,Pendng,YES,20.32
CUST_100263,Emma Jackson,,9805207407,5/3/2018 0:00,301.41,Sports,3,DE,49,Female,Cancelled,No,23.54
CUST_101640,Charles Lopez,charles.94@,8203655183,4/5/2023 0:00,359.31,Boks,4,France,,Female,Shipped,No,15.28
CUST_101914,Jane Gonzalez,jane.82@outlook.com,110-741,1/10/2019 0:00,273.91,Sports,1,JP,41,Female,Cancelled,TRUE,24.52
CUST_100443,Nancy Smith,nancy.56@outlook.com,935-403-4586,6/9/2024 0:00,340.3,Clothing,3,UK,41,Male,Delivered,No,44.33
CUST_101002,Thomas Anderson,thomas.27@yahoo.com,304-408-5997,1/17/2023 0:00,,SPORTS,1,CAN,24,Male,Shipped,No,31.82
CUST_101077,Anthony Thomas,anthony.71@,405-203-2932,2/5/2021 0:00,778.2,Sports,3,Japan,32,Male,,Yes,13.06
CUST_100837,Betty Moore,betty.79@outlook.com,256-128-9907,2/18/2020 0:00,197.75,Toys,,France,50,Male,Shipped,Yes,7.42
CUST_101871,RUTH JOHNSON,ruth.85@gmail.com,,10/13/2023 0:00,201.19,H&G,5,USA,61,Female,Shped,No,12.94
CUST_100304,Donald Davis,donald.29@gmail.com,1165311457,10/30/2023 0:00,648.68,Clothing,4,,35,Male,,Yes,23.82
CUST_101365,Ruth Garcia,ruth.85@yahoo.com,582-722-8446,1/13/2019 0:00,463.27,Clothing,4,,42,Female,,Yes,41.41
CUST_101628,Emma Hernandez,user1628@invalid,,8/7/2021 0:00,,Clothing,3,United States,20,Female,Cancelled,Yes,47.27
CUST_100313,Robert Gonzalez,,,12/9/2021 0:00,333.5,Clothing,2,United Kingdom,69,Female,Delivered,Yes,19.03
CUST_100149,Sarah Johnson,,331-806-7943,3/30/2020 0:00,708.42,Clothing,1,,37,Female,cancelled,No,15.05
CUST_101148,Michael Hernandez,michael.53@company.com,550-109-8642,10/28/2020 0:00,586.85,,3,CAN,59,Female,Shipped,No,49.44
CUST_101213,Michael Johnson,michael.70@yahoo.com,384-688-6150,6/13/2024 0:00,82.19,Clothing,4,FR,70,Female,Cancelled,No,26.86
CUST_100574,Matthew Anderson,matthew.70@hotmail.com,590-781-5354,10/4/2023 0:00,551.36,Electronics,4,CAN,30,Female,Pending,Yes,10.21
CUST_100050,Lisa Johnson,lisa.45@gmail.com,(317) 566-8755,12/9/2023 0:00,186.98,Clothing,5,AUS,72,Female,Pending,Yes,20.43
CUST_101623,Karen Rodriguez,karen.58@hotmail.com,8405918698,12/22/2023 0:00,368.11,Sports,2,United Kingdom,,Female,Pending,No,$43.13 
CUST_100726,Matthew Wilson,matthew.46@hotmail.com,3067531530,4/21/2023 0:00,327,BOOKS,5,Australia,46,Male,,,43.5
CUST_100833,Daniel Davis,daniel.69@outlook.com,742-366-3605,5/14/2022 0:00,209.63,Books,,United Kingdom,41,Female,pending,FALSE,32.33
CUST_101377,Charles Thomas,charles.63@,785-162-2064,7/10/2021 0:00,374.42,Automotive,1,Australia,30,Male,Cancelled,No,45.51
CUST_101115,James Johnson,user1115@invalid,979-325-8266,3/18/2022 0:00,506.73 USD,Home & Garden,3,FR,77,Female,Shipped,No,6.41
CUST_101166,Michael Martinez,michael.56@hotmail.com,389-246-1404,2/2/2021 0:00,22.17,Books,1,DE,45,Female,Cancelled,Yes,35.45
CUST_100470,James Jackson,james.39@outlook.com,(506) 600-5959,2/24/2023 0:00,641.92 USD,Home & Garden,3,France,47,Male,Pending,No,31.59
CUST_100971,Donald Jones,user971@,520.976.4608,12/11/2023 0:00,,Toys,5,,,Male,Shipped,Yes,35.99
CUST_100653,Charles Wilson,user653@invalid,760 512 2642,5/12/2020 0:00,"$4,509.00 ",Toys,2,US,40,Female,Cancelled,Yes,6.85
CUST_100399,Mark Garcia,mark.91@outlook.com,(634) 910-1118,5/15/2021 0:00,,Automotive,4,,45,Male,Shipped,Yes,
CUST_100511,Emma Davis,emma.38@,906-544-7208,11/18/2022 0:00,463.93,Clothing,5,,71,Male,Shipped,Yes,$9.52 
CUST_100320,Donna Taylor,donna.98@hotmail.com,746-813-7366,6/9/2021 0:00,782.04,Books,2,JP,19,Male,Shipped,Yes,13.93
CUST_100019,"  Mark Hernandez  	",mark.41@gmail.com,640-725-3406,4/6/2022 0:00,169.68,Books,1,DE,65,Male,Cancelled,Yes,46.59
CUST_100684,Donald Martinez,donald.83@yahoo.com,606-534-8885,10/28/2019,728.09,  Toys  ,5,United States,N/A,Female,Pending,No,32.26
CUST_100035,Michael Davis,john.smith@gmail.com,341-924-9737,9/23/2019 0:00,,Home & Garden,2,AUS,55,Female,Cancelled,Yes,19.54
CUST_100902,Charles Williams,charles.14@,224-963-7126,6/3/2019 0:00,392.4,Clothing,1,DE,70,Female,delivered,YES,27.41
CUST_101858,Emma Martin,emma.73@gmail.com,305-332-6754,7/5/2020 0:00,294.96,Clothing,4,uk,26,Female,pending,No,9.61
CUST_100827,Charles Miller,  user353@gmail.com  ,500-297-7444,10/22/2020 0:00,271.64,Home & Garden,1,United Kingdom,79,Male,Delivered,Yes,19.48
CUST_101879,Daniel Rodriguez,john.smith@gmail.com,474-244-4923,,128.04,,5,Australia,48,Male,Cancelled,yes,41.29
CUST_100407,Sarah Martinez,sarah.35@outlook.com,511-842-3275,5/24/2020 0:00,714.07,Automotive,4,France,64,Male,Pending,Yes,36.67 USD
CUST_100920,Thomas Jackson,thomas.20@hotmail.com,852-976-4373,6/10/2019 0:00,206.64,Sports,2,Australia,30,Female,CANCELLED,Yes,12.77
CUST_100537,Nancy Thomas,john.smith@gmail.com,,11/14/2021 0:00,689.18,Books,1,US,46,Female,Shipped,No,16.63
CUST_100758,Donald Moore,donald.85@company.com,624-965-6138,8/31/2022 0:00,260.23,,2,Canada,53,Male,Cancelled,No,33.02
CUST_101993,Matthew Williams,matthew.68@gmail.com,490.584.7215,8/19/2019 0:00,74.17,Sports,4,AUS,49,Male,Delivered,Yes,17.91
CUST_101062,Donna Taylor,donna.32@yahoo.com,217-138-2194,9/12/2020 0:00,746.29,Books,3,,72,Male,Delivered,Yes,15.12
CUST_101199,Sandra Martin,sandra.35@yahoo.com,670-347-5806,4/4/2019 0:00,496.99,Clothing,5,DE,50,Female,Shipped,No,9.84
CUST_100245,Donna Davis,donna.74@gmail.com,292-539-7843,10/16/2019 0:00,292.16,Home & Garden,9,,50,Female,Shped,No,38.06
CUST_101416,David Anderson,david.90@outlook.com,584-954-4990,10/20/2024 0:00,"$5,345.00 ",SPORTS,4,United States,79,Female,Delivered,No,16.98
CUST_101127,Betty Jones,betty.28@gmail.com,702-493-5921,12/6/2023 0:00,482.07,Clothing,1,,70,Male,Delivered,No,36.67
CUST_100784,MATTHEW SMITH,matthew.29@gmail.com,529-593-8790,7/1/2020 0:00,733.1,,5,Germany,63,Female,Delivered,No,11.18
CUST_101861,Donna Johnson,donna.25@outlook.com,,8/26/2022 0:00,199.83,Spts,1,AUS,50,Female,Cancelled,Yes,
CUST_100489,Sarah Williams,sarah.60@company.com,,6/6/2019 0:00,619.64,Clothing,3,Japan,49,Male,,No,19.56
CUST_100154,Karen Thomas,karen.18@gmail.com,353-210-8759,8/27/2023 0:00,546.41,Toys,,DE,45,Male,Cancelled,Yes,24.41
CUST_100961,Sandra Martin,  user495@gmail.com  ,680-796-5762,2/27/2022,($63.89),,4,United Kingdom,21,Female,Cancelled,No,5.44 USD
CUST_100853,Sandra Hernandez,sandra.16@outlook.com,421-748-8387,8/25/2024 0:00,458.95,Home & Garden,1,DE,N/A,Male,Pending,no,46.68
CUST_101311,Carol Johnson,carol.37@company.com,875-113-3655,4/28/2019 0:00,399.77,Electronics,5,JP,74,Female,Shipped,Yes,10.86
CUST_100625,Sarah Taylor,,706-813-1145,N/A,160.35,Clothing,5,,24,Male,Pending,No,
CUST_100685,Mark Davis,,523-716-6463,9/29/2018 0:00,"$2,755.00 ",Books,1,JP,31,Male,Shipped,No,20.69
CUST_101672,Sarah Smith,sarah.48@,557-549-7540,12/8/2022 0:00,366.27,Clothing,5,United States,76,Female,Cancelled,Yes,7.38
CUST_100569,Helen Moore,helen.76@hotmail.com,4628658110,2/20/2022 0:00,259.85,,4,United Kingdom,69,Female,Cancelled,No,20.03 USD
CUST_101997,Michael Wilson,user1997@invalid,187-478-2128,8/30/2021 0:00,452.75,Sports,1,JP,62,Male,Pending,Yes,9.81
CUST_100017,William Rodriguez,william.32@gmail.com,529-511-5986,3/20/2018 0:00,$666.86 ,Electronics,3,Japan,24,Female,Shipped,No,48.88
CUST_100127,H3l3n Thom@s,helen.60@hotmail.com,326-339-9090,6/5/2019 0:00,593.54,Electronics,2,Canada,49,Female,Cancelled,No,47.08
CUST_101346,"  Betty Jackson  	",betty.95@company.com,502 486 7316,8/18/2018 0:00,671.68,Home & Garden,2,Japan,73,Female,Cancelled,No,26.08
CUST_101279,Ruth Martin,ruth.22@company.com,,10/12/2024 0:00,288.51,Home and Garden,3,,45,Female,Pendng,Yes,38.47
CUST_949302,Sarah Jones,sarah.17@hotmail.com,111-752-2921,1/20/2024 0:00,349.05,Home & Garden,2,,70,Female,Shipped,No,27.31
CUST_100927,Daniel Johnson,daniel.83@gmail.com,(233) 324-6957,2/6/2021 0:00,255.58,Automotive,4,,79,Female,Delivered,No,40.02
CUST_100980,David Jones,user980@invalid,6936326624,1/18/2021 0:00,639.36,Sports,3,JP,73,Male,Cancelled,Yes,25.98
CUST_100252,Maria Martinez,maria.33@gmail.com,123-681-1527,12/12/2020 0:00,517.76,Books,2,United Kingdom,57,Male,Delivered,No,35.29
CUST_100190,"  John Anderson  	",,318-344-8876,4/28/2020 0:00,473.76,Books,,France,6,Female,Cancelled,Yes,25.63
CUST_101139,Sarah Rodriguez,  user142@gmail.com  ,681-887-9501,27-Jun-22,$106.31 ,Clothing,1,JP,22,Male,Shipped,No,10.66
CUST_100992,Sandra Anderson,user992@invalid,999.390.9224,6/29/2018 0:00,123.97,Books,3,Canada,30,Male,Delivered,Yes,
CUST_944073,Nancy Smith,nancy.94@hotmail.com,119-223-9713,,322.29,Clothng,8,usa,22,Female,Shipped,No,5.61
CUST_101731,"  Betty Thomas  	",betty.46@,(568) 949-2820,2/28/2020 0:00,292.48,,3,Canada,62,Female,Delivered,No,20.5
CUST_100606,Thomas Moore,thomas.84@outlook.com,382 315 7292,8/15/2024 0:00,646.48,Home & Garden,4,UK,59,Female,,Yes,7.25
CUST_100180,Betty Williams,betty.72@company.com,108-630-3369,10/6/2018 0:00,,,5,AUS,78,Female,Cancelled,Yes,43.03
CUST_100301,Jennifer Taylor,jennifer.52@yahoo.com,415-554-1858,6/12/2022 0:00,355.27,Home & Garden,1,US,18,Male,Shipped,Yes,16.27
CUST_100496,lisa brown,lisa.34@gmail.com,631-901-5807,12/28/2020 0:00,268.7,Books,2,Canada,71,Male,Pendng,Yes,35.95
CUST_101971,Susan Lopez,susan.96@,-8219,10/15/2020 0:00,737.66,Clothing,1,Australia,36,Male,Delivered,Yes,
CUST_101786,Susan Gonzalez,susan.90@hotmail.com,835-862-1653,6/16/2021 0:00,88.45,Books,1,Japan,50,Female,Shipped,Yes,8.89
CUST_101736,Donna Lopez,,796.327.1273,3/1/2019 0:00,"$2,420.00 ",Clothing,2,Canada,64,Female,Pending,yes,43.98
CUST_101710,Sandra Thomas,sandra.22@company.com,627.232.3336,11/26/2027,167.94,Sports,2,Australia,23,Male,Cancelled,Yes,49.93
CUST_100517,Jane Davis,jane.45@yahoo.com,917.331.5483,24-Apr-22,"$2,233.00 ",Books,3,US,43,Female,Cancelled,Yes,
CUST_101396,Karen Hernandez,karen.30@,550-370,,559.24,Electronics,3,,69,female,Cancelled,,6.73
CUST_101069,Maria Davis,maria.64@company.com,(124) 744-2576,7/12/2019 0:00,580.76,Electronics,5,,62,Female,Cancelled,No,46.53
CUST_100476,Jennifer Smith,jennifer.99@gmail.com,(224) 600-9351,11/9/2020 0:00,$725.99 ,Automotive,3,Australia,47,Male,Pending,No,48.44
CUST_100157,EMMA GONZALEZ,emma.11@,894-714-8184,4/16/2020 0:00,434.66,Books,5,,36,Male,Delivered,Yes,46
CUST_101243,Lisa Miller,lisa.70@hotmail.com,313-827-3918,12/20/2019,354.46,Automotive,5,Germany,67,Female,Cancelled,Yes,
CUST_101195,Matthew Garcia,matthew.84@,229-990-1558,2/13/2018 0:00,434,Clothing,1,CAN,72,Female,Cancelled,No,$28.85 
CUST_100016,anthony wilson,anthony.96@outlook.com,830-918-9516,2/13/2018 0:00,$547.80 ,,5,France,60,Male,Delivered,No,
CUST_101535,JENNIFER SMITH,jennifer.67@company.com,171-107-1529,9/30/2023 0:00,$314.93 ,Clothing,3,JP,,Female,Cancelled,Yes,41.98
CUST_101072,SANDRA HERNANDEZ,sandra.52@company.com,448-289-9653,22-06-2020,647.89,Toys,2,DE,30,Female,Cancelled,Yes,41.5
CUST_902728,Sarah Jones,sarah.86@yahoo.com,898-740-2807,5/24/2019 0:00,668.37,Sports,2,France,45,Male,Pending,Yes,$38.53 
CUST_100546,Mark Rodriguez,mark.43@company.com,143-721-8350,9/19/2024 0:00,403.36,Books,3.5,US,70,Female,Shipped,No,7.2
CUST_101539,Ruth Davis,user1539@,895.721.9751,7/12/2018 0:00,328.97,Books,5,,,Female,Pending,Yes,44.85
CUST_100658,Betty Davis,betty.41@outlook.com,742.714.1221,11/10/2019 0:00,288.9,Automotive,2,JP,34,Male,Pending,No,49.14
CUST_101697,Sarah Jones,sarah.85@gmail.com,,8/25/2020 0:00,602.39,Books,2,Canada,N/A,,Pending,No,10.98
CUST_101019,David Wilson,david.90@gmail.com,790-623-1868,5/30/2024 0:00,24347.70899,Home & Garden,3,AUS,57,Male,,Yes,46.13
CUST_101737,Anthony Moore,anthony.49@hotmail.com,8624629611,1-Mar-21,650.3,Clothing,1,CAN,80,Female,cancelled,No,46.84
CUST_101504,Nancy Thomas,user1504@invalid,422-562-8657,4/19/2021 0:00,635.79,Automotive,5,France,49,Male,Cancelled,No,19.83
CUST_100959,Helen Gonzalez,helen.86@company.com,697-101-9000,3/9/2024 0:00,274.89,Home & Garden,5,CAN,47,Male,Delivered,No,
CUST_101969,David Gonzalez,user1969@invalid,952-893-7752,5/1/2023 0:00,695.34,Books,2,France,28,Female,Cancelled,Yes,19.26
CUST_100283,William Gonzalez,william.86@gmail.com,898-433-7719,21-Nov-21,415.78,Clothing,4,JP,80,Male,Delivered,Yes,22.89
CUST_101632,Ruth Williams,ruth.59@outlook.com,994-254-5896,28-May-24,343.08,Home & Garden,4,United States,46,Female,Cancelled,Yes,20.32
CUST_100797,Thomas Taylor,thomas.33@yahoo.com,292-530-9947,7/29/2018 0:00,10.48,Home & Garden,1,France,47,Female,Delivered,No,23.79
CUST_101943,Ruth Wilson,ruth.28@hotmail.com,,9/14/2019 0:00,324.94,Sports,4,CAN,73,Female,CANCELLED,Yes,45.37
CUST_100225,Nancy Johnson,user225@invalid,631-460-4771,5/8/2021 0:00,349.59,Books,4,Germany,76,Male,Pending,Yes,9.71
CUST_100026,Nancy Brown,nancy.19@gmail.com,(665) 419-9541,3/12/2024 0:00,113.03,Books,3,DE,22,Male,Cancelled,No,28.16
CUST_101850,Thomas Rodriguez,thomas.72@yahoo.com,715 892 3938,9/27/2018 0:00,234.4,Sports,3,DE,27,Female,Shipped,Yes,27.75
CUST_100437,Emma Thomas,emma.50@company.com,690-854-1027,1/2/2024 0:00,757.88,Sports,5,US,37,Male,Shipped,Yes,
CUST_101929,Karen Williams,  user245@gmail.com  ,615-885-4096,,382.04,,5,JP,27,Female,Shipped,TRUE,33.62
CUST_101388,Daniel Miller,daniel.81@yahoo.com,907-110-4563,24-07-2023,38.6,Electronics,5,United States,51,Female,Cancelled,No,23.23
CUST_100229,David Johnson,david.84@,283-552-4830,7/30/2020 0:00,493.42,Sports,4,AUS,77,Male,Shipped,No,39.17
CUST_100037,Richard Rodriguez,richard.29@gmail.com,903-934-3293,11/5/2018 0:00,294.53,  Toys  ,2,USA,68,Male,Pending,Yes,47.15
CUST_100749,James Miller,james.59@outlook.com,916-900-2428,,457.1,Electronics,5,Japan,N/A,Female,Pending,Yes,36.59
CUST_101045,Sarah Johnson,sarah.67@outlook.com,637-499-9405,5/12/2024 0:00,$515.68 ,Toys,4,usa,43,Female,Delivered,Yes,15.58
CUST_101398,John Rodriguez,john.36@hotmail.com,757-635-8367,1/23/2019 0:00,324.64,Books,2,France,62,Male,Cancelled,No,$6.37 
CUST_100469,Sandra Thomas,sandra.81@gmail.com,513-350-1556,1/13/2021 0:00,726.33 USD,H&G,3,,78,Male,Cancelled,No,9.54
CUST_101769,Jennifer Johnson,jennifer.59@outlook.com,330-635-2688,4/2/2024 0:00,596.46,Electronics,,France,67,Female,SHIPPED,Yes,22.53
CUST_954663,carol martin,carol.58@yahoo.com,6466762145,N/A,318.81,Home & Garden,2,DE,70,,Pending,No,27.08
CUST_100687,Lisa Miller,,609-651-9745,11/6/2022 0:00,494.68,Home & Garden,4,JP,,Female,Shipped,Yes,22.58
CUST_101928,Anthony Jones,user1928@invalid,552-711-1672,16-10-2022,668.22,Home & Garden,3,AUS,53,Female,Pending,Yes,37.47
CUST_100639,Jane Martin,,324-848-5582,2/23/2024 0:00,447.8,Clothing,N/A,Australia,22,Female,Shipped,Yes,22.2 USD
CUST_101789,Mark Williams,mark.20@gmail.com,743-862-8074,10/8/2022 0:00,548.58,Books,3,France,28,Female,Shipped,No,49.13
CUST_101218,David Hernandez,user1218@invalid,(665) 958-9334,7/27/2022 0:00,,Electronics,2,Canada,65,Female,Cancelled,Yes,
CUST_101158,Donna Jones,,,4/9/2023 0:00,510.99,Toys,,JP,71,Male,Cancelled,Yes,10.53
CUST_101415,David Thomas,david.27@hotmail.com,731-567-8126,7/6/2023 0:00,,Books,4,United States,31,Male,Shipped,Y,49.66
CUST_101527,Jane Rodriguez,jane.67@,984-297-3644,5/2/2022 0:00,,Books,2,US,33,Female,Pending,,47.9
CUST_101729,Donna Gonzalez,donna.18@,369-164-6987,10/15/2020 0:00,664.75,Sports,5,AUS,63,,Cancelled,Yes,
CUST_101300,Mark Gonzalez,mark.42@outlook.com,312-985-9025,5/6/2018 0:00,12.67,Boks,3,United States,75,Male,shipped,No,18.25
CUST_101906,Thomas Anderson,,933 951 6419,2/17/2018 0:00,152.82,Toys,2,Canada,45,Female,Pending,No,19.53
CUST_100800,Carol Moore,carol.66@yahoo.com,472-116-5947,4/20/2019 0:00,250.8,Electronics,3,AUS,45,Female,Delivered,Yes,33.77 EUR
CUST_101603,JAMES GONZALEZ,james.75@company.com,-7267,12/12/2022 0:00,163.44,Clothing,3,France,33,Male,Delivered,No,34.67
CUST_100160,Jennifer Wilson,user160@,968-810-2065,N/A,"$2,951.00 ",Electronics,2,Germany,69,,Pending,Yes,41.32
CUST_100956,Jane Hernandez,jane.93@hotmail.com,538-442-1341,7/1/2019 0:00,435.59,Electronics,3,USA,59,Female,Delivered,Yes,8.66
CUST_101186,Maria Taylor,user1186@invalid,719-335-8355,6/10/2018 0:00,99.02,Automotive,,FR,59,Female,Cancelled,No,23.16
CUST_100821,susan lopez,,914-524-4957,30-12-2023,133.4,TOYS,3,JP,76,Female,,No,32.64
CUST_101888,John Williams,john.61@outlook.com,741-536-7623,5/30/2024 0:00,356.03,Sports,1,CAN,26,Male,SHIPPED,Yes,21.27
CUST_100877,Jennifer Hernandez,jennifer.91@hotmail.com,539-909-4046,5/22/2019 0:00,489.54,Home & Garden,-1,DE,53,Male,Cancelled,Yes,
CUST_100913,David Rodriguez,david.60@hotmail.com,(426) 982-3424,8/13/2022 0:00,608.23,Spts,3,JP,42,F,Delivered,Yes,39.13
CUST_100152,Michael Davis,user152@,,4/25/2021 0:00,563.95,Clothng,4,US,47,Male,Shipped,Yes,15.45
CUST_101921,David Jackson,david.68@,393-391-5284,26-May-22,29.02,Books,3,,32,Female,Delivered,No,26.02
CUST_101856,Carol Martin,carol.69@hotmail.com,281-824-8051,6/6/2022 0:00,122.15,Home & Garden,4,Japan,37,Male,cancelled,No,25.13 USD
CUST_100509,Matthew Miller,matthew.50@hotmail.com,677-773-9379,2/18/2021 0:00,599.48,Books,2,,71,Male,Shipped,No,23.64
CUST_101135,Lisa Brown,lisa.23@company.com,449-843-8111,2/8/2020 0:00,137.8,Sports,1,USA,49,Female,Delivered,No,12.14
CUST_101250,Susan Jones,,(215) 873-5706,4/18/2024 0:00,189.25,Home & Garden,Bad,United Kingdom,54,Male,Shipped,No,38.47
CUST_101739,Sarah Davis,sarah.14@yahoo.com,919-645-6941,4/6/2024 0:00,592.44,Books,3,United Kingdom,65,Female,Cancelled,Yes,
CUST_100103,Mark Jones,mark.38@yahoo.com,271-100-1985,8/7/2023 0:00,781.83,Toys,,JP,60,Female,Pending,No,12.76
CUST_101445,Jane Moore,jane.83@,195-447-7292,11/12/2023 0:00,324.69,Electornics,3,DE,64,Female,Shipped,1,26.3
CUST_101443,Charles Wilson,charles.12@hotmail.com,241-611-4079,12/21/2020 0:00,,,2,Japan,76,Female,Cancled,No,31.62
CUST_101817,Anthony Garcia,anthony.36@company.com,380.126.9101,6/29/2022 0:00,720.24,HOME & GARDEN,,DE,22,Female,PENDING,Yes,36.21
CUST_100586,Susan Williams,susan.88@company.com,984-369-5052,N/A,200.19,Clothing,5,United Kingdom,25,Male,delivered,0,19.64
CUST_101848,Sandra Davis,sandra.43@company.com,893-172-2042,1/9/2021 0:00,557.4,Sports,4,Canada,67,Female,Pending,Yes,33.78
CUST_101696,Robert Anderson,robert.44@gmail.com,371-736-6260,2/13/2021 0:00,400.72,Books,3,FR,61,Male,Cancelled,Yes,38.12
CUST_101143,Jennifer Thomas,jennifer.11@company.com,684-504-1632,10/12/2019 0:00,465.75,Automotive,4,JP,42,Female,Pending,Yes,21
CUST_100053,Michael Miller,michael.22@yahoo.com,518-212-2980,4/6/2023 0:00,17469.52209,Toys,5,France,53,Male,Shipped,No,41.8 USD
CUST_100151,Donald Smith,donald.35@,164-741-2584,9/13/2024 0:00,788.3,,3,AUS,36,Female,,Yes,29.84
CUST_100403,Daniel Gonzalez,daniel.78@outlook.com,936-345-6918,25-12-2020,56.21,Toys,3,Canada,33,F,Pending,No,18.6
CUST_101578,Donald Johnson,donald.55@yahoo.com,-5307,9/25/2022 0:00,413.39,Books,4,France,76,Female,Pending,Yes,29.04
CUST_100207,Steven Brown,steven.26@,233-913-4107,7/10/2024 0:00,218.59,Electronics,5,australia,,Male,PENDING,Yes,31.87
CUST_101982,Mark Wilson,user1982@,990-154-6431,3/30/2021 0:00,783.22,Electronics,3,US,66,Male,Pending,Yes,13.58
CUST_101682,Steven Davis,steven.13@company.com,417-956-2069,1/2/2022,30.21 USD,Automotive,5,AUS,32,Male,Delivered,Yes,27.53
CUST_101122,Jane Jones,jane.66@company.com,859 666 4453,3/11/2018 0:00,129.7,Electronics,2,CAN,62,Female,Delivered,No,46.97
CUST_101829,Susan Thomas,susan.19@gmail.com,692-231-2583,11/27/2022 0:00,483.96,Home & Garden,1,Germany,141,Male,Delivered,No,45.77
CUST_100008,Robert Davis,robert.36@hotmail.com,642-531-4738,11/15/2019 0:00,529.63,Books,3,,62,Female,Delivered,Yes,
CUST_101014,Carol Brown,carol.92@,573-926-9487,6/15/2024 0:00,171.32,Electronics,4,United Kingdom,67,Female,Delivered,Yes,35.48
CUST_101878,Karen Jones,karen.82@yahoo.com,219-784-2072,7/26/2019 0:00,83.28,Automotive,1,DE,48,Male,Delivered,Yes,25.56
CUST_101060,Michael Taylor,michael.48@outlook.com,(278) 845-7292,N/A,,Electronics,2,Australia,,Female,Delivered,FALSE,32.58
CUST_100452,Michael Martinez,michael.46@gmail.com,844-501-5900,5/7/2024 0:00,270.94,Electronics,2,Japan,22,Female,Cancelled,Yes,43.14
CUST_101675,Betty Martin,betty.24@company.com,874.314.2971,11/29/2023 0:00,450.21,Electronics,3,CAN,22,Female,Shipped,No,17.66
CUST_100253,Donald Davis,donald.90@yahoo.com,257-438-7404,4/18/2020 0:00,"$1,723.00 ",,3,FR,45,Female,Shipped,Yes,20.11
CUST_101327,Anthony Thomas,anthony.61@gmail.com,1966508513,5/8/2019 0:00,38170.86967,  Toys  ,3,DE,76,Male,Pending,Yes,47.55
CUST_100896,Donna Martin,donna.21@company.com,171-581-2558,8/17/2024 0:00,790.92,Electronics,5,Australia,70,Male,Cancelled,Yes,33.56
CUST_101812,Susan Martin,susan.73@gmail.com,249-833-6573,N/A,790.34,ELECTRONICS,4,USA,79,Male,Pending,No,
CUST_100880,Emma Jones,emma.80@,,2/6/2021 0:00,265.17,Home & Garden,4,FR,22,Female,Pending,Yes,34.53
CUST_101595,John Taylor,USER1595@GMAIL.COM,406-370-9719,,783.82,Books,4,AUS,78,,CANCELLED,Yes,43.06
CUST_101976,Michael Smith,  user311@gmail.com  ,688-900-4240,1/15/2022 0:00,162.64,Sports,2,United Kingdom,46,,Pending,Yes,42
CUST_100623,Carol Brown,carol.28@hotmail.com,378-311-4015,6/15/2018 0:00,46.85,Electronics,1,Germany,29,Male,Pending,No,19.3 USD
CUST_100345,Richard Jones,richard.51@yahoo.com,838-302-5012,4/6/2022 0:00,434.45,Clothing,5,Australia,32,Male,Pending,No,11.39
CUST_101779,Lisa Gonzalez,lisa.72@hotmail.com,(899) 946-8993,2/1/2018 0:00,$224.44 ,Toys,1,Australia,61,Male,Cancelled,No,24.88
CUST_100262,Sarah Rodriguez,sarah.77@yahoo.com,477-630-1180,6/17/2022 0:00,445.07 USD,Home & Garden,1,,30,Female,Delvered,Yes,18.39
CUST_101634,Daniel Davis,daniel.66@yahoo.com,686 659 5271,5-Jan-19,,Electronics,9,FR,66,Male,Cancelled,No,7.42
CUST_101321,Betty Thomas,betty.72@hotmail.com,583-573-4450,6/6/2020 0:00,633.29,,-2,US,19,Male,Shipped,Yes,6.41
CUST_101438,Anthony Jackson,anthony.99@gmail.com,646-173-6683,10/15/2019 0:00,698.53,,N/A,Australia,60,Male,CANCELLED,,13.42
CUST_100150,Matthew Moore,,355-301-3694,2/10/2020 0:00,481.09,Home & Garden,-4,USA,57,Female,Delivered,No,45.94
CUST_100472,Betty Martinez,betty.50@gmail.com,914-786-2468,10/23/2018 0:00,9.86,,5,,80,Male,Shped,Yes,5.66
CUST_100640,Michael Davis,USER640@GMAIL.COM,1166502743,5/8/2024 0:00,171.25,Electronics,4,FR,58,Female,Delivered,FALSE,42.05
CUST_100871,Jane Davis,user871@,737-210-7275,9/4/2021 0:00,692.13,Clothing,5,US,33,Male,Shipped,Yes,16.81
CUST_101970,Carol Jackson,carol.59@hotmail.com,,1/2/2018 0:00,707.41,Sports,5,USA,,Male,Cancelled,No,31.43
CUST_100550,MATTHEW ANDERSON,matthew.38@company.com,488-274-7115,10/13/2019,603.75,,10,USA,41,Female,Shipped,No,33.45
CUST_101859,David Miller,david.81@hotmail.com,748-183-6565,3/24/2020 0:00,442.29,Home & Garden,3,,53,Female,Cancelled,Yes,20.69
CUST_100928,Maria Taylor,user928@invalid,563-988-9412,6/11/2024 0:00,50.05,Sports,5,Australia,42,Male,Cancled,No,$44.63 
CUST_100488,James Thomas,,7138113948,2/25/2024 0:00,568.52,Clothing,2,UK,28,Female,Pending,No,27.77
CUST_101734,Ruth Wilson,USER1734@GMAIL.COM,184-987-9269,2/9/2023 0:00,402.98,  Automotive  ,3,USA,77,Female,Cancelled,No,30.13
CUST_101894,Susan Miller,,865-684-9893,1/11/2024 0:00,387.52,Electronics,3,France,32,Female,Cancelled,No,36.18
CUST_101171,Michael Jones,michael.31@outlook.com,126-208-4464,4/8/2021 0:00,230.96,Sports,4,JP,,Female,Pending,FALSE,
CUST_100146,James Anderson,user146@invalid,645-559-6181,1/22/2021 0:00,311.87,Toys,5,AUS,59,Female,Shipped,No,48.79
CUST_101781,Emma Wilson,emma.22@yahoo.com,991-783-7268,,382.5,Clothing,2,Australia,21,Female,,Yes,35.42
CUST_100031,Daniel Miller,daniel.31@company.com,213-849-1982,4/10/2019 0:00,593.75,,2,FR,21,Male,Cancelled,no,5.38
CUST_100402,Ruth Martinez,ruth.96@,444-479-6620,2/19/2018 0:00,560.49,Books,5,Germany,73,Female,Cancelled,No,11.6
CUST_100954,Mark Hernandez,mark.94@outlook.com,171-270-4069,5/19/2022 0:00,740.9,Books,7,Germany,38,Female,Pending,,32.73
CUST_101964,Sarah Davis,user1964@,-5164,10/13/2020 0:00,457.07,Toys,3,DE,123,Female,Shipped,No,39.81
CUST_100659,KAREN JACKSON,karen.68@,109-910-2742,7/15/2023 0:00,($49.54),Sports,1,DE,48,Female,Shipped,No,37.32
CUST_101372,John Martinez,john.88@hotmail.com,384-973-4181,,"$4,533.00 ",Automotive,3,jp,twenty-five,Male,Shipped,No,14.95
CUST_100463,James Davis,james.99@,976-689-2670,12/12/2019 0:00,Free,Home & Garden,2,Australia,60,Female,Shipped,Yes,$37.25 
CUST_101349,Lisa Davis,lisa.19@gmail.com,748-953-5550,N/A,364.22,,Bad,CAN,28,Male,Shipped,Yes,10.76
CUST_100186,Richard Jones,  user427@gmail.com  ,679-443-5909,7/11/2023 0:00,78.89,Electronics,1,Japan,28,Female,Pending,No,32.33
CUST_101147,Steven Anderson,steven.19@outlook.com,967-283-8271,3/3/2019 0:00,,Sports,4,FR,74,Female,Cancelled,No,40.18
CUST_101224,Sarah Hernandez,sarah.68@,950-564-5832,N/A,167.22,Toys,2,Canada,47,Female,Shipped,Yes,27.19
CUST_100608,William Moore,william.88@outlook.com,,5/21/2021 0:00,145.78 USD,Sports,4,,51,Female,Delivered,Yes,30.67
CUST_100143,Robert Moore,robert.14@company.com,796-630-8644,7/3/2020 0:00,478.63,Clothing,3,USA,32,Female,Delivered,Yes,10.77
CUST_100751,Michael Miller,michael.66@,265-169-5589,6/17/2022 0:00,297.79,Clothing,0,jp,72,Male,Delivered,Yes,$22.42 
CUST_101534,Robert Hernandez,robert.46@outlook.com,263-350-8572,5/7/2019 0:00,380.73,Sports,1,USA,40,Female,Cancelled,No,44.99 USD
CUST_100981,Michael Martinez,michael.35@yahoo.com,225-543-8455,7/5/2022 0:00,480.62,Sports,4,Australia,21,Male,Shipped,1,45.47 USD
CUST_100197,Steven Davis,steven.80@outlook.com,,8/10/2020 0:00,$7.90 ,Automotive,2,Canada,65,Female,,No,21.87
CUST_101633,Jennifer Garcia,jennifer.49@,675-190-8180,8/25/2021 0:00,313.86,Home & Garden,,Australia,58,Female,Delivered,no,39.39
CUST_100883,Charles Moore,,494-390-4476,2/27/2024 0:00,708.59,Home & Garden,5,US,78,Male,Cancelled,Yes,24.57
CUST_100279,Helen Brown,,743-650-5782,2/12/2023 0:00,710.5,Sports,1.5,FR,43,Male,Cancelled,No,47.72
CUST_100293,Robert Wilson,robert.63@gmail.com,385-961-3643,1/18/2024 0:00,300.58 USD,Clothing,5,aus,24,Male,,N,47.52
CUST_101907,JOHN WILSON,john.20@hotmail.com,499-946-4741,9/10/2018 0:00,243.7,Books,4,United Kingdom,30 years,,Cancelled,Yes,
CUST_100400,jennifer brown,jennifer.55@company.com,632-879-5355,20-05-2022,750.46,Electronics,5,DE,27,Female,Shipped,Y,
CUST_100122,"  Lisa Williams  	",lisa.94@,931-813-1138,8/29/2021 0:00,120.14,Clothing,5,France,18,Female,Shipped,Yes,32.77
CUST_101207,Matthew Smith,matthew.16@gmail.com,620-839-5576,5/25/2020 0:00,,Books,4,Canada,38,Female,Cancelled,Yes,
CUST_100202,Betty Taylor,betty.37@yahoo.com,906-213-6544,8/27/2022 0:00,595.04,Clothing,,Japan,42,Male,Shipped,No,19.29
CUST_101462,THOMAS GONZALEZ,thomas.81@,824-704-5224,4/10/2021 0:00,666.52,Electronics,1,Canada,23,Female,Pending,No,35.07
CUST_100835,Carol Moore,user835@,,9/30/2023,319.44,Electronics,1,,62,Female,Shipped,Yes,
CUST_100246,James Garcia,james.58@company.com,-3025,2/16/2022,777.35,Automotive,3,Canada,18,Female,Cancelled,No,37.43
CUST_101439,Karen Williams,karen.40@gmail.com,858-700-1440,5/31/2022,211.03,Automotive,4,Germany,56,,Cancelled,No,20.29
CUST_101733,Nancy Taylor,nancy.40@hotmail.com,414-563-8146,2/24/2018 0:00,91.54,Electronics,5,AUS,80,Male,Cancelled,Yes,13.6
CUST_101832,Michael Jackson,michael.95@company.com,834-818-4669,9/20/2018 0:00,20.84,Automotive,10,,46,Female,Cancelled,Yes,30.65
CUST_101990,donna jones,donna.98@company.com,743-580-5607,2/18/2024 0:00,485.75,Home & Garden,N/A,France,150,Female,Delivered,Yes,22.84
CUST_101707,Karen Hernandez,karen.48@company.com,580-363-3100,4/9/2018 0:00,269.65,Electronics,1,United Kingdom,70,Male,Pending,Yes,9.35
CUST_101968,"  Maria Hernandez  	",maria.94@hotmail.com,211.655.8410,3/19/2019 0:00,53.14,Books,3,United Kingdom,52,Female,Cancelled,,
CUST_101153,Carol Garcia,carol.32@,364-884-5524,6/23/2018 0:00,115,Sports,5,Canada,69,Female,Shped,Yes,6.8
CUST_101661,Sandra Gonzalez,sandra.89@gmail.com,832-988-3500,3/12/2023 0:00,"$2,625.00 ",Sports,5,Japan,62,Male,Cancelled,No,38.72
CUST_101426,Charles Anderson,charles.39@gmail.com,416-911-3317,8/7/2024 0:00,500.64,Clothing,4,US,27,Female,Shipped,No,37.59
CUST_100384,Sandra Moore,sandra.26@gmail.com,6031012587,5/18/2018 0:00,496.02,Home & Garden,3.8,US,45,Male,Pending,Yes,23.75
CUST_101837,"  Emma Anderson  	",emma.43@yahoo.com,158-455-8809,2/15/2019 0:00,600.11,Books,3,US,67,Male,Delivered,No,11.85
CUST_101759,SUSAN WILLIAMS,susan.62@outlook.com,-6545,1/10/2022 0:00,794.49,,1,US,67,Male,Pending,Yes,$41.70 
CUST_100854,Mark Jackson,USER854@GMAIL.COM,284-405-1166,18-07-2023,554.56 USD,Clothing,2,FR,33,Male,Shipped,Yes,17.21
CUST_101589,john smith,user1589@invalid,407-682-1157,8/8/2020 0:00,45.03,Electronics,4,DE,25,Female,Shipped,No,28.32 USD
CUST_100219,Matthew Rodriguez,matthew.53@outlook.com,606-585-5396,9/28/2023 0:00,159.74,Toys,5,DE,56,Female,Delivered,Yes,9.88
CUST_100641,Matthew Martinez,,804-491-5216,9/21/2019 0:00,528.06,Electronics,4,France,43,Female,Pending,No,45.44
CUST_100001,John Rodriguez,john.51@outlook.com,991-201-3527,12/7/2018 0:00,644.79,Sports,5,DE,69,Female,Pending,Yes,35.46
CUST_100112,RICHARD LOPEZ,richard.30@gmail.com,870-824-8417,6/15/2021 0:00,139.92,Clothing,1,DE,21,Male,Pending,Yes,
CUST_100698,David Moore,john.smith@gmail.com,126-812-7958,1-Sep-21,314.33,,4,AUS,55,Male,Shped,No,34.47
CUST_101081,Jane Martinez,jane.88@company.com,,5/5/2018 0:00,379.49 USD,Automotive,,Germany,38,Female,Shipped,Yes,31.23
CUST_100951,Emma Lopez,emma.44@gmail.com,196-289-9245,N/A,260.29,Home & Garden,3,Germany,68,Male,Shipped,No,7.11
CUST_101648,John Rodriguez,USER1648@GMAIL.COM,899-215-9712,5/26/2020 0:00,14.57,Automotive,4,JP,43,,Pending,No,48.99
CUST_101636,Helen Moore,  user36@gmail.com  ,888.169.6143,3/18/2024 0:00,673.72,ELECTRONICS,5,United States,48,Female,Pending,,32.88
CUST_101827,Nancy Taylor,nancy.37@,178-809-3203,6/23/2027,42969.62026,Toys,1,UK,,Female,pending,Yes,40.9
CUST_101410,Ruth Martinez,ruth.35@hotmail.com,207-744-6879,8/9/2024 0:00,195.33,Electornics,4,Canada,36,Female,Delivered,Yes,9.52
CUST_101409,Helen Taylor,,774-702-1554,7/7/2023 0:00,689.32,Home & Garden,3,Germany,61,Male,Shipped,Yes,38.15
CUST_101533,Robert Thomas,robert.57@hotmail.com,213-922-6427,,455.27,Sports,4,CAN,47,Male,Delivered,Yes,46.41
CUST_101291,Susan Jackson,susan.54@yahoo.com,539-195-4641,7/2/2020,$631.07 ,Books,5,,129,Male,Delivered,Yes,17.39 EUR
CUST_101891,Carol Williams,carol.65@,413-609-5705,8/24/2019 0:00,292.51,Toys,1,CAN,47,Male,Pending,Yes,22.46
CUST_100441,Steven Martin,steven.61@gmail.com,704-327-2746,8/11/2024 0:00,30.4,Electronics,,UK,61,Female,Shipped,Yes,48.65
CUST_101520,Richard Davis,user1520@invalid,771-276-2610,6/29/2020 0:00,60.71,Sports,2,Germany,65,Female,Shipped,No,9
CUST_101136,John Garcia,john.49@gmail.com,901-846-1935,9/20/2018 0:00,747.79,  Books  ,3,Canada,33,Male,Delivered,No,24.84
CUST_101715,Ruth Jackson,ruth.48@hotmail.com,373-878-3157,8/18/2019 0:00,47608.0502,Toys,1,AUS,18,,Shipped,Yes,23.79
CUST_101256,Daniel Moore,user1256@invalid,129-397-5389,1/21/2018 0:00,,Sports,4,CAN,53,male,Cancelled,No,
CUST_101949,Maria Wilson,maria.60@gmail.com,587-685-7325,7/24/2022 0:00,664.96,Books,4,Canada,35,Male,Pending,TRUE,6.69
CUST_101631,Mark Gonzalez,mark.20@outlook.com,175-432-7779,4/2/2022 0:00,$684.38 ,Books,2,usa,53,Male,Shipped,No,7.61
CUST_101695,Betty Martin,betty.82@company.com,-8366,6/15/2018 0:00,428.22,Books,4,DE,67,Female,Cancelled,No,48.32
CUST_101397,Ruth Davis,ruth.16@,(463) 692-6957,6/26/2018 0:00,399.47,Elec,1,DE,39,Female,Delivered,Yes,30.05
CUST_100663,Helen Smith,helen.50@hotmail.com,157.656.5382,11/23/2020 0:00,,Books,2,JP,70,Male,,No,10
CUST_101920,Karen Williams,karen.48@outlook.com,832-811-7524,8/30/2023 0:00,328.12,Automotive,1,France,21,Male,Cancelled,Yes,6.29
CUST_101257,Robert Lopez,robert.42@gmail.com,971-901-7701,1/7/2023 0:00,318.54,Automotive,5,JP,31,Female,Delivered,Yes,
CUST_101853,Mark Davis,user1853@,687-817-7347,6/5/2018 0:00,592.18,Clothing,5,France,52,Female,DELIVERED,Yes,37.39
CUST_101700,Donald Martin,donald.22@,852-992-3364,3/1/2023 0:00,253.08,Home and Garden,2,Australia,50,Male,Pending,No,48.7
CUST_100317,Steven Brown,steven.21@outlook.com,204-829-9784,8/29/2023 0:00,96.88,Automotive,5,Germany,55,Female,Delivered,No,21.5
CUST_100648,Jane Hernandez,jane.81@company.com,6028463955,,747.34,  Home & Garden  ,-4,Canada,37,Female,Cancelled,NO,9.01 USD
CUST_101434,Emma Hernandez,emma.10@hotmail.com,583-784-7165,1/10/2018 0:00,,Books,-4,UK,27,Female,Delivered,No,41.05
CUST_101479,Ruth Brown,,842-180-6534,3/5/2023 0:00,,Clothing,5,CAN,76,Female,,Yes,45.32
CUST_100709,carol gonzalez,carol.50@hotmail.com,277-615-3627,12/25/2018 0:00,771.11,Toys,5,Australia,,Male,Delivered,no,18.3
CUST_101382,William Garcia,USER1382@GMAIL.COM,8649621052,,469.67,Books,4,United Kingdom,36,Male,Delivered,No,28.77
CUST_101282,Sandra Martinez,sandra.22@outlook.com,178-175-9265,1/2/2024 0:00,94.15,Books,5,Canada,59,Male,,Yes,31.55
CUST_101768,William Williams,william.95@yahoo.com,808-986-8983,26-10-2019,324.15 USD,Electronics,5,Canada,28,Female,PENDING,No,37.7
CUST_100972,Helen Taylor,helen.94@yahoo.com,245-465-9156,7/29/2023 0:00,772.98,Sports,2,USA,34,Male,Cancelled,Yes,41.92
CUST_100627,John Jones,,837-637-5240,,97.49,Home & Garden,3,UK,30,Male,Pending,Yes,
CUST_100632,Anthony Gonzalez,anthony.66@gmail.com,152-757-5079,3/1/2023 0:00,726.43 USD,Home & Garden,1,DE,65,Male,Shipped,No,21.66
CUST_101306,Susan Jones,susan.17@outlook.com,374-806-4427,9/26/2020 0:00,388.69,Sports,4,UK,59,Male,Pending,Yes,10.62
CUST_101400,Thomas Rodriguez,,,8/26/2020 0:00,410.18,Toys,3,UK,46,Female,Shipped,No,6.6
CUST_101408,Emma Gonzalez,emma.51@yahoo.com,700.430.7099,,200.82,CLOTHING,2,Australia,73,Male,,No,22.71 EUR
CUST_101248,Jennifer Moore,jennifer.86@,601-915-7425,3/22/2019 0:00,482.62,Toys,3,France,25,Male,Shipped,,10.95
CUST_100763,john rodriguez,john.62@outlook.com,397-484-3592,1/10/2020 0:00,130.85,Home & Garden,2,US,59,,pending,Yes,31.26
CUST_101254,Maria Johnson,maria.20@yahoo.com,821-231-8925,6/15/2018 0:00,137.15,Clothing,3,France,20,Female,,,15.97
CUST_101496,Lisa Martinez,lisa.39@hotmail.com,587-671-1205,5/20/2024 0:00,739.26,Home & Garden,5,United Kingdom,36,Female,Cancelled,Yes,24.79
CUST_101371,Steven Johnson,,163-421-2597,N/A,299.47,Automotive,1,USA,44,Female,Delivered,Yes,5.24 USD
CUST_101529,Betty Johnson,betty.72@outlook.com,8293046287,11/3/2024 0:00,155.66,Toys,2,Canada,61,Male,Cancelled,Yes,
CUST_101663,Sarah Williams,sarah.69@yahoo.com,1266461646,5/30/2022 0:00,5.9,Sports,3,JP,42,Female,Cancelled,Yes,7.47
CUST_101354,John Moore,,454-845-7948,7/26/2018 0:00,636.87,Home & Garden,3,CAN,,Female,Shipped,Yes,37.83
CUST_101821,William Anderson,,594-958-8191,12/4/2023 0:00,284.76,BOOKS,5,FR,19,Male,Cancelled,No,14.23
CUST_100556,William Hernandez,william.37@yahoo.com,136-574-8999,2/1/2020 0:00,207.51,Elec,5,FR,56,Male,Pending,Yes,19.5
CUST_101989,Ruth Miller,ruth.81@outlook.com,(733) 519-3593,2/17/2024 0:00,560.61,CLOTHING,4,Japan,29,Female,Shipped,Yes,39.1
CUST_101643,Donald Williams,donald.85@gmail.com,951-641-1987,6/8/2020 0:00,518.38,Electornics,1,US,31,Female,Pending,Yes,46.5
CUST_101934,David Gonzalez,david.48@gmail.com,398.617.2042,3/1/2023,526.71,Books,4,united kingdom,34,Male,Shipped,TRUE,15.89
CUST_100795,Richard Martin,richard.28@gmail.com,754-692-2596,3/8/2018 0:00,229.82,,1,United States,71,FEMALE,,Yes,27.7
CUST_100645,Thom@s G@rci@,john.smith@gmail.com,337.847.8109,15-Mar-20,712.78,Automotive,5,Germany,twenty-five,Female,Pending,Yes,14.32
CUST_101012,Nancy Brown,nancy.50@hotmail.com,998-400-1877,9/16/2021 0:00,501.01,Clothing,1,Japan,67,Male,Delivered,Yes,39.31
CUST_101924,John Smith,  user383@gmail.com  ,-9448,8/8/2024 0:00,145.21,Electronics,1,,61,Female,Pending,No,47.81
CUST_100556,William Hernandez,william.37@yahoo.com,136-574-8999,2/1/2020 0:00,207.51,Elec,5,FR,56,Male,Pending,Yes,19.5
CUST_100681,Daniel Johnson,daniel.73@company.com,215-691-8003,8/18/2022 0:00,106.62,Electronics,5,FR,70,Male,delivered,Yes,44.72
CUST_100577,Nancy Jones,nancy.33@company.com,899-509-9222,11/16/2019 0:00,726.41,Home & Garden,5,united kingdom,35,Male,Shipd,Yes,19.98
CUST_101819,Karen Martinez,karen.96@yahoo.com,550-763-4538,,439.89,Clothng,3,FR,22,F,Pending,No,
CUST_101109,jennifer anderson,jennifer.52@outlook.com,178-158-3076,4/25/2024 0:00,169.41,Sports,5,France,37,Male,Delivered,Yes,9.82
CUST_101266,Maria Hernandez,USER1266@GMAIL.COM,652.120.1345,3/15/2018 0:00,541.71,Books,2,Australia,61,Male,Shipped,Yes,
CUST_101722,Donald Williams,donald.69@outlook.com,452-292-7646,1/1/2019 0:00,323.15,Sports,3,France,40,Male,Shipped,No,24.99
CUST_101954,Betty Martin,betty.72@company.com,329-247-5699,8/18/2023 0:00,300.7,Home & Garden,,Australia,24,Male,Delivered,Yes,28.84
CUST_101183,Jennifer Garcia,jennifer.53@company.com,866-218-4949,3/21/2020 0:00,531.99,Boks,4,USA,55,MALE,Pending,No,
CUST_100524,Susan Brown,susan.79@hotmail.com,8694983960,10/20/2024 0:00,,Automotive,5,CAN,65,,DELIVERED,Yes,31.77
CUST_101059,CHARLES LOPEZ,charles.95@company.com,890-927-4876,7/8/2019 0:00,540.61,Clothing,,Canada,25,Female,Cancelled,No,43.21
CUST_100540,Steven Wilson,john.smith@gmail.com,110-534-9334,1/2/2019 0:00,214.62,Toys,4,australia,61,Male,Shipped,No,16.1
CUST_101194,Michael Taylor,,5283698698,11/19/2023 0:00,181.04 USD,Electronics,2,United Kingdom,47,Male,Cancelled,No,39.17
CUST_101678,John Martinez,john.30@company.com,-10414,5/4/2024,504.53,Sports,2,Japan,54,Male,Pending,No,27.89
CUST_100748,Jane Gonzalez,jane.29@gmail.com,(115) 246-6071,9/11/2026,40.8,,2,United States,33,Female,Pending,No,34.49
CUST_101937,Michael Taylor,user1937@invalid,,9/24/2022 0:00,402.35,Sports,5,,40,Female,Delivered,Yes,38.4
CUST_101430,Donald Moore,,9783088152,7/27/2023 0:00,243.19,Clothing,5,UK,50,Male,Delivered,,26.36
CUST_100484,D@ni3l M@rtin3z,daniel.28@outlook.com,649-902-9684,7/6/2021 0:00,705.18,Toys,4,Germany,24,Male,Delivered,No,20.67
CUST_101757,John Thomas,user1757@,382-243-7577,5/1/2019 0:00,424.95,Books,0,,78,Male,Pending,TRUE,11.35
CUST_100095,Sarah Lopez,,119-375-2663,12/9/2019 0:00,346.24,CLOTHING,,USA,32,Male,Pending,No,11.2
CUST_101020,Michael Davis,  user226@gmail.com  ,628-247-9115,,($47.65),Home & Garden,4,Japan,24,,Pending,Yes,20.55
CUST_100563,Jane Anderson,,302-186-9668,11/19/2019 0:00,107.93,Automotive,,DE,35,Male,Delivered,No,35.2
CUST_101264,Sarah Jones,sarah.86@yahoo.com,898-740-2807,5/24/2019 0:00,438.73,Sports,2,France,45,Male,Delivered,Yes,$38.53 
CUST_100742,Anthony Lopez,user742@,449-558-3149,5/18/2019 0:00,324.03,Electronics,5,CAN,41,Female,delivered,No,42.47
CUST_100863,Thomas Wilson,,593-304-2506,7/15/2019 0:00,,Home & Garden,2,USA,66,Female,pending,Yes,
CUST_101598,Sarah Brown,,426-621-8708,3/8/2021 0:00,405.81,Clothing,1,JP,38,Male,Shipped,No,11.19
CUST_101714,Maria Brown,maria.93@outlook.com,573-784-9518,10/29/2024 0:00,330.82,,1,United Kingdom,44,Female,Delivered,No,49.53
CUST_101484,Betty Johnson,betty.12@outlook.com,730-626-9833,9/23/2019 0:00,189.95,Home & Garden,2,UK,20,Female,Shipped,Yes,19.89
CUST_100891,Daniel Gonzalez,daniel.83@yahoo.com,342-690-1348,22-01-2019,363.36,Automotive,1,,50,Female,Shipped,No,31.39
CUST_101577,Donald Williams,donald.56@gmail.com,287-806-5015,10/22/2021 0:00,633.98,Automotive,,USA,4,Female,Shipped,Yes,43.52
CUST_101881,Richard Anderson,richard.51@gmail.com,,1/24/2024 0:00,650.62,Automotive,3,Canada,54,Female,,No,37.04
CUST_101038,John Williams,john.75@company.com,,11/12/2019 0:00,,Clothing,3,France,46,Female,Cancelled,No,39.43
CUST_100206,James Brown,james.97@gmail.com,166-221-3366,12/2/2021 0:00,718.02,Automotive,N/A,JP,27,Male,Cancelled,No,20.84
CUST_100392,Lisa Jones,lisa.80@outlook.com,739-211-3721,2/5/2020,,Electronics,4,USA,76,Female,Shipped,Yes,42.31
CUST_100794,Nancy Hernandez,,103-561-3059,2/17/2024 0:00,647.01,Sports,4,United States,80,Female,Pending,No,40.2
CUST_100870,Helen Martinez,helen.64@gmail.com,556-533-5451,4/18/2018 0:00,371.87,Books,5,Germany,61,Female,Delivered,N,9.53
CUST_100397,Emma Martin,emma.26@,,4/20/2019 0:00,14.7,Toys,2,FR,51,Female,Pendng,No,38.8
CUST_100766,James Garcia,james.27@outlook.com,579-757-9767,3/8/2022 0:00,$584.53 ,Clothing,4,Canada,39,Male,Shipped,No,46.34
CUST_101926,Donald Brown,user1926@invalid,288-185-2104,12/29/2018 0:00,211.47,Sports,3,United Kingdom,34,Female,Shipped,Yes,32.84
CUST_101241,Michael Gonzalez,michael.84@outlook.com,,2/10/2023 0:00,268.77,Electronics,5,France,48,Female,Shipped,YES,18.93 EUR
CUST_101028,maria davis,user1028@invalid,288-939-4849,5/12/2021 0:00,,,5,United States,64,Male,Pending,Yes,$5.03 
CUST_101792,Emma Lopez,emma.97@hotmail.com,201-399-7752,25-10-2020,83.33,Books,,CAN,77,Male,Shipped,Yes,39.87
CUST_100642,Lisa Williams,user642@,749-718-4377,3/28/2022 0:00,145.09,Automotive,1,USA,41,Female,Pending,No,29.48
CUST_101979,Donna Gonzalez,,881-727-9693,26-May-19,182.98,Books,1,AUS,29,Male,Delivered,Y,43.32 USD
CUST_100612,Carol Miller,carol.42@outlook.com,879-306-9741,3/26/2023 0:00,752.22,,Excellent,FR,67,Male,Shipped,No,20.91
CUST_101762,William Anderson,william.64@hotmail.com,548 405 3045,6/18/2019 0:00,654.16,Home & Garden,4,Canada,30 years,Female,Shipped,No,$20.33 
CUST_100960,Jennifer Rodriguez,,583-212-1740,8/16/2019 0:00,55.95,Electronics,2,,53,Female,Shipd,TRUE,9.76 USD
CUST_101570,Sandra Lopez,sandra.91@outlook.com,753-112-9587,8/21/2021 0:00,744.46,Sports,1,Germany,80,Male,Pending,No,26.97
CUST_100725,Ruth Martinez,ruth.67@gmail.com,-7048,,147.02,Spts,5,USA,70,Male,Shipped,Yes,$37.75 
CUST_101118,Donna Garcia,donna.73@yahoo.com,654-615-2710,N/A,88.28,Electronics,2,Canada,18,Female,Cancelled,Yes,15.46
CUST_100683,Sandra Thomas,sandra.75@outlook.com,230-286-7308,5/10/2021 0:00,688.55,Toys,1,France,67,Female,Delivered,No,34.67
CUST_100098,Lisa Jackson,lisa.10@gmail.com,612-308-3332,9/6/2019 0:00,"$2,965.00 ",Home & Garden,4,USA,50,Male,delivered,No,46.68
CUST_100804,Susan Hernandez,susan.49@outlook.com,883-443-2857,,75.78,Sport,2,US,27,Female,Delivered,YES,41.77
CUST_101751,Anthony Jackson,anthony.74@gmail.com,,5/29/2020 0:00,427.3,Home & Garden,3,france,,Male,Shipped,Yes,30.76
CUST_101597,Donna Garcia,user1597@invalid,550-214-3984,1/17/2020 0:00,361.99,Automotive,4,FR,61,Female,Cancelled,TRUE,16.07
CUST_100406,Anthony Davis,user406@,,9/25/2020 0:00,272.76,Clothing,3,Australia,37,Male,Shipped,No,15.47
CUST_100502,ruth anderson,ruth.72@outlook.com,384-231-7914,3/13/2018 0:00,239.16,Sports,3,United Kingdom,53,Male,Shipped,No,8.84
CUST_101071,MARK JACKSON,mark.25@,517-681-9955,4/20/2020 0:00,117.02 USD,Clothing,3,US,73,Male,Shipped,Yes,12.52
CUST_101056,maria davis,maria.36@gmail.com,,4/9/2019 0:00,213.4,Automotive,1,DE,58,MALE,Pending,No,14.71
CUST_100929,Michael Martinez,michael.56@outlook.com,-2924,,299.31,Home & Garden,2,DE,69,Male,Pending,N,26.41
CUST_100779,Sarah Anderson,sarah.18@yahoo.com,380.514.2338,,463.54,Sports,,CAN,67,Male,Shipped,Yes,
CUST_101863,Nancy Rodriguez,nancy.33@yahoo.com,(101) 641-1206,2/23/2019 0:00,189.97,,1,UK,65,Female,Pending,No,33.43
CUST_100200,Donald Moore,,1222805289,6/10/2022 0:00,7.79,Home & Garden,5,Canada,71,Female,Delivered,No,9.61
CUST_100134,Sarah Wilson,sarah.29@,,1/27/2019 0:00,213.01,Books,9,Canada,70,Male,Cancelled,Yes,24.55
CUST_101051,John Taylor,USER1051@GMAIL.COM,583-720-3955,3/20/2023 0:00,301.13 USD,Books,1,FR,34,Female,Pending,,17.77
CUST_100040,Maria Miller,maria.71@gmail.com,469-565-2605,10/16/2018 0:00,250.27,Electronics,4,Japan,24,Male,Pending,Yes,25.05
CUST_101017,James Anderson,james.60@,941-397-8888,3/28/2024 0:00,737.42,Automotive,3,DE,48,Male,Delivered,Yes,43.92
CUST_100230,Jennifer Lopez,jennifer.34@outlook.com,177-467-2350,10/30/2020 0:00,299.94,Home & Garden,2,,50,Male,Pending,Yes,14.72
CUST_101513,Carol Davis,carol.29@gmail.com,460-869-4567,12/3/2020 0:00,,Books,2,Germany,30,Female,Delivered,No,$6.86 
CUST_101796,"  charles hernandez  	",charles.46@yahoo.com,432-569-5311,10/8/2023 0:00,,Electronics,5,DE,26,Male,Shipped,Yes,
CUST_100378,William Miller,william.68@,645-774-7271,14-10-2024,735.58,,,United Kingdom,63,Female,,Yes,12.94
CUST_100288,Helen Garcia,helen.99@yahoo.com,863-508-4185,7/29/2022 0:00,619.08,TOYS,,United Kingdom,30 years,Male,Shipped,No,44.39
CUST_100418,Sarah Wilson,sarah.97@outlook.com,990-632-9267,8/21/2022 0:00,575.12,Clothing,4,US,127,Male,,No,8.08
CUST_101698,Jennifer Smith,jennifer.58@company.com,,12/2/2018 0:00,652.84,Electronics,4,JP,24,,Cancelled,Yes,28.25
CUST_100391,Betty Jones,betty.75@outlook.com,296-365-7697,26-10-2019,296.1,Sports,4,Japan,30,Male,Cancelled,Yes,8.85
CUST_100592,Susan Thomas,susan.63@outlook.com,,10/30/2023 0:00,,Clothing,Excellent,AUS,,Female,Cancelled,TRUE,8.21 EUR
CUST_101522,William Williams,william.38@hotmail.com,751-129-4673,2/24/2022 0:00,29.79,Electronics,1,UK,74,Female,Pending,No,45.28
CUST_101162,M@ri@ And3rson,,179-619-8271,4/3/2018 0:00,118.46,Electronics,,UK,18,Female,Delivered,No,$38.40 
CUST_101086,Charles Gonzalez,user1086@invalid,369-768-1491,1/17/2024 0:00,413.38,H&G,5,JP,27,Female,Pending,No,9.8
CUST_101495,Betty Hernandez,betty.49@yahoo.com,750-709-6386,9/21/2021 0:00,251.11,Sports,4,JP,79,Female,Shped,No,19.15
CUST_100647,Steven Smith,steven.21@company.com,2899353885,6/21/2020 0:00,772.07,Home & Garden,1,United States,52,Female,Delivered,Yes,
CUST_101152,Jennifer Martinez,,664-421-2049,11-Mar-22,286.35,Toys,4.8,US,30 years,Male,Shipped,No,48.19
CUST_101367,Ruth Johnson,user1367@,139-478-1472,4/27/2023 0:00,527.07,Sports,1,CAN,57,Male,Shipped,No,48.35
CUST_100520,Michael Davis,michael.12@company.com,226-279-9625,7/7/2023 0:00,198.74,Automotive,2,DE,40,Male,Pending,No,46.15
CUST_101862,Daniel Lopez,,670-160-7113,3/29/2024 0:00,748.9,Home & Garden,5,FR,twenty-five,Female,Shipped,Yes,33.57
CUST_101880,Matthew Wilson,,602-292-7623,N/A,513.4,Clothing,5,JP,67,,Cancelled,No,23.6
CUST_100064,Richard Lopez,richard.72@gmail.com,616-751-8551,23-Aug-24,765.45,Electronics,3,DE,26,Female,Delivered,Yes,13.4
CUST_101836,Nancy Martinez,nancy.81@gmail.com,122-673-8347,7/9/2022 0:00,731.94,Clothing,1,Australia,60,Male,Pending,No,
CUST_100014,James Smith,,502-877-1607,9/25/2021 0:00,557.34,,2,Australia,26,Female,Delivered,No,25.56
CUST_101180,RUTH JOHNSON,,424-375-4195,5/22/2019 0:00,469.5,Home & Garden,4.2,JP,68,Female,Pending,No,10.98
CUST_101064,"  Richard Thomas  	",richard.86@company.com,428-210-8364,2/5/2024 0:00,254.37,Electronics,5,FR,53,Male,Shipped,Yes,15.23
CUST_100492,Matthew Johnson,matthew.54@yahoo.com,(362) 971-1573,N/A,58.4,Automotive,5,Japan,57,Female,Pending,Yes,11.62
CUST_100379,Thomas Hernandez,thomas.74@yahoo.com,851-521-2456,11/30/2022 0:00,$93.24 ,Clothing,2,,56,Female,Cancelled,No,15.25
CUST_100187,Helen Martinez,john.smith@gmail.com,266-207-8443,9/12/2018 0:00,$580.98 ,Clothing,4,Japan,65,Male,Shipped,No,22.54
CUST_100763,john rodriguez,john.62@outlook.com,397-484-3592,1/10/2020 0:00,130.85,Home & Garden,2,US,59,,pending,Yes,31.26
CUST_100216,Donald Rodriguez,donald.94@outlook.com,869-760-9342,12/2/2020 0:00,218.75,Automotive,2,,27,Female,,YES,9.67
CUST_101945,Carol Miller,carol.99@hotmail.com,676-159-7349,16-Oct-21,52.41,Sports,0,Australia,69,Male,Cancelled,Yes,21.98
CUST_100791,David Williams,john.smith@gmail.com,,1/10/2018 0:00,120.06,Home & Garden,2,JP,,Male,Cancelled,1,35.99
CUST_101076,Donald Anderson,donald.90@company.com,682-180-3083,8/11/2021,20117.42578,,3,US,66,Female,Pending,TRUE,27.64
CUST_100878,Sarah Smith,sarah.51@company.com,174-320-7089,5/19/2020 0:00,212.57,Automotive,5,USA,51,Male,Delivered,No,32.87
CUST_100337,Karen Davis,karen.65@,310-652-1885,8/10/2023 0:00,179.13,Clothing,5,JP,49,Female,Delivered,Yes,8.21
CUST_101772,Matthew Brown,matthew.40@hotmail.com,542-531-1928,12/16/2018 0:00,585.33 USD,Electronics,4,AUS,19,Male,Delivered,No,32.46
CUST_100719,Sarah Davis,,514-947-7233,N/A,509.62,Clothing,4,United Kingdom,54,Male,Pending,No,45.66
CUST_101748,Lisa Taylor,lisa.95@,,4/8/2022 0:00,614.3,Clothing,Good,US,62,Female,Pending,No,41.78
CUST_100295,Betty Hernandez,betty.23@hotmail.com,2276477403,11/7/2021 0:00,Free,Automotive,2,Germany,43,Female,Cancelled,yes,11.66
CUST_101725,David Martinez,david.17@company.com,626-445-6525,6/21/2018 0:00,356.33,Automotive,2,DE,38,Female,Cancelled,Yes,21.95
CUST_101016,MARK GARCIA,mark.15@yahoo.com,765-209-6463,1/1/2022 0:00,190.37,Home & Garden,2,France,39,Female,Pending,No,11.19
CUST_101275,charles anderson,charles.77@hotmail.com,,6/4/2024 0:00,42.5,Toys,4,USA,80,Male,PENDING,Yes,17.67
CUST_101750,Nancy Jackson,nancy.40@gmail.com,727-708-2094,1/6/2018 0:00,160.47,Electornics,1,CAN,62,Female,,Yes,24.79
CUST_101485,Thomas Martin,thomas.97@company.com,349-810-1800,6/15/2019 0:00,$32.71 ,Automotive,2,USA,39,Female,Delivered,No,45.89 EUR
CUST_100455,Jennifer Jackson,,584-456-7412,2/14/2021 0:00,633.01,Toys,1,Canada,,Female,Shipped,No,48.82
CUST_932920,Karen Smith,karen.32@,,3/12/2019 0:00,542.08,Books,4,FR,55,,Shipped,No,16.7
CUST_100815,Sarah Lopez,sarah.11@gmail.com,(976) 580-3038,N/A,509.82 USD,Toys,0,USA,48,Male,Delivered,No,30.21
CUST_101886,"  Thomas Thomas  	",,875-659-4292,2/14/2024,341.17,Automotive,2,AUS,42,Female,Cancelled,0,47.73
CUST_100269,Charles Brown,,801-569-5512,5/17/2023 0:00,,Home & Garden,5,DE,80,Male,Shped,Yes,6.24
CUST_100995,Thomas Martin,thomas.88@yahoo.com,301-542-2322,2/25/2024,703.86,Electronics,2.4,Germany,77,Male,Delivered,Yes,27.99
CUST_101981,Matthew Taylor,matthew.55@,187-121-1142,5/10/2018 0:00,($35.08),Home and Garden,N/A,United Kingdom,34,Female,Shipped,Yes,10.09
CUST_100201,Anthony Martinez,,121-951-3248,,226.76,,4,DE,57,MALE,Shipped,No,41.14
CUST_100161,Anthony Moore,anthony.84@gmail.com,163-921-8240,8/28/2019 0:00,184.98,Clothing,2,UK,20,Male,Delivered,Yes,45.39
CUST_101579,MARK SMITH,,,7/23/2021 0:00,175.05,Electronics,2,USA,27,,Pending,Yes,10.79
CUST_100729,Jennifer Thomas,jennifer.83@hotmail.com,,7/1/2022 0:00,526.59,Sports,1,JP,35,Male,Delivered,Yes,25.34
CUST_100401,Daniel Smith,daniel.83@,584-875-6521,,345.58,Home and Garden,4,FR,29,Male,,No,22.73
CUST_100702,Donald Garcia,donald.97@yahoo.com,180-350-2262,22-Oct-22,,Sports,4,Australia,47,Male,Cancelled,YES,30.93
CUST_101500,jennifer rodriguez,jennifer.78@outlook.com,133-776,1/4/2021 0:00,($45.08),Clothing,3,United Kingdom,74,Female,,Yes,32.72
CUST_101845,Mark Anderson,mark.45@,247-884-9841,2/6/2024 0:00,520.78,Home & Garden,5,FR,52,Female,Delivered,0,32.14
CUST_101795,James Thomas,  user304@gmail.com  ,354-383-8307,N/A,294.9,Sports,2,AUS,80,Female,Shipped,Yes,47.7
CUST_101129,Maria Lopez,maria.36@,493-607-1308,1/21/2018 0:00,750.63,Home & Garden,4,US,59,Male,shipped,Yes,24.46
CUST_100565,James Hernandez,james.30@yahoo.com,107-259-5098,11/12/2018 0:00,98.39,Books,,Japan,42,Female,cancelled,Yes,44.69
CUST_101413,Maria Martin,user1413@,4664133666,9/16/2022 0:00,235.69 USD,Electronics,3,CAN,36,Male,Shipped,No,43.68
CUST_101021,Donald Anderson,donald.48@outlook.com,791.755.3535,12/14/2026,282.69,SPORTS,3,UK,69,Male,Cancelled,No,7.22
CUST_101025,Richard Taylor,richard.67@gmail.com,353-309-2697,N/A,98.04,Electronics,1,,73,Male,Shipped,Yes,30
CUST_101411,Anthony Brown,anthony.19@hotmail.com,108-262-7904,1/18/2020 0:00,152.82,Sports,2.4,JP,55,Male,Shipped,No,8.56
CUST_101895,Karen Rodriguez,karen.35@hotmail.com,4218561785,8/4/2024 0:00,177.13,Electronics,3,AUS,70,Male,Delivered,Yes,22.53
CUST_101585,Maria Johnson,maria.99@gmail.com,649-900-1836,26-01-2018,75.41,Toys,3,Australia,,F,Cancelled,Yes,24.78
CUST_101955,Sandra Martin,sandra.88@,278-497-5214,6/18/2018 0:00,670.53,Sports,2,DE,76,Male,Delivered,Yes,46.76
CUST_101104,Betty Garcia,betty.62@,476-460-4172,1/12/2018 0:00,,Sports,1,AUS,33,Male,shipped,No,40.74
CUST_100205,Steven Jones,,918-738-8106,7/14/2024 0:00,,Sports,,,21,Male,PENDING,Yes,33.25
CUST_100034,Mark Martinez,mark.32@outlook.com,686-854-1085,12/27/2019 0:00,213.39,Toys,5,AUS,56,Male,Pending,Yes,36.49
CUST_101966,MICHAEL TAYLOR,michael.74@yahoo.com,661-983-7688,10/31/2019 0:00,216.58,Electronics,1,Japan,,Female,Delivered,No,23.09
CUST_100775,Sandra Williams,,470-908-8046,8/17/2024 0:00,68.52,Toys,4,Australia,50,Female,Pending,Yes,19.55
CUST_100508,MARK MILLER,mark.82@company.com,813-761-4156,12/12/2019 0:00,740.02,Home & Garden,2,,79,Female,Cancelled,No,24.51
CUST_101451,Daniel Williams,daniel.52@company.com,184-454-2661,12/29/2023 0:00,409.77,Toys,2,Japan,43,Male,Cancelled,No,38.48 USD
CUST_101478,James Miller,james.68@gmail.com,250-723-2656,9/18/2018 0:00,338.21,Sports,1,DE,45,Female,Pending,No,44.78
CUST_947196,Nancy Taylor,nancy.40@hotmail.com,414-563-8146,2/24/2018 0:00,28.13,Electronics,5,AUS,80,Male,Pending,Yes,13.6
CUST_101390,Carol Gonzalez,carol.89@outlook.com,797-757-4130,2/19/2020 0:00,661.95,Automotive,3,United States,25,Male,Cancelled,No,21.94
CUST_100091,Nancy Taylor,nancy.40@outlook.com,870-616-7308,4/11/2018 0:00,602.19,Clothing,2,UK,73,Female,Delivered,No,29.83
CUST_101363,Lisa Moore,lisa.97@company.com,821-359-5492,9/8/2024 0:00,395.89,Books,4,France,33,Male,Shipped,,19.98
CUST_100897,Thomas Lopez,thomas.37@,525-840-5931,10/11/2020 0:00,570.05,Toys,4,JP,35,Female,Cancelled,Yes,14.2
CUST_100564,Michael Hernandez,,257-520-3029,3/11/2020 0:00,15387.58529,Home and Garden,1,,18,Female,Cancelled,No,9.86
CUST_101369,Donna Thomas,donna.66@yahoo.com,234-184-7874,5/4/2024 0:00,677.51,Home & Garden,10,Canada,48,Female,Shipped,No,35.19
CUST_100776,Karen Anderson,karen.76@company.com,318-155-4465,1/16/2024 0:00,617.54,Clothing,5,,26,Female,Shipped,,37.53
CUST_100241,STEVEN WILSON,steven.47@hotmail.com,624-879-3445,5/8/2018 0:00,67.53,Clothing,,France,23,Female,Pending,No,33.03
CUST_100013,thomas jackson,thomas.51@yahoo.com,511-890-3692,2/20/2023 0:00,559.11,Automotive,2,AUS,31,Female,Pending,FALSE,20.96
CUST_100315,Lisa Jones,lisa.52@outlook.com,477-144-2103,2/2/2023 0:00,278.97,Automotive,2,FR,32,Male,Delivered,Yes,32.48 USD
CUST_100600,William Taylor,william.10@,-3618,5/7/2021 0:00,733.37,Automotive,4,US,48,Female,Cancelled,FALSE,12.15
CUST_100387,Mark Johnson,mark.87@,274-280-7138,N/A,613.16,Clothing,3,DE,60,Female,Cancelled,Yes,37.89
CUST_101297,Daniel Thomas,daniel.26@hotmail.com,557-478-8811,4/22/2023 0:00,Free,,3,,22,Female,Delivered,N,47.64
CUST_100166,Sandra Moore,sandra.32@outlook.com,713 906 1173,3/21/2020 0:00,,Books,5,CAN,36,Female,Cancelled,Yes,21.6
CUST_100840,John Garcia,john.56@company.com,564-749-6867,7/17/2020 0:00,705.33,Clothing,5,AUS,69,Male,Shipped,Yes,33.58
CUST_100020,Sarah Williams,sarah.27@gmail.com,556-759-4360,1/12/2021 0:00,331.58,,1.4,USA,,Female,Delivered,No,
CUST_100646,Anthony Martinez,,590-195-9125,4/22/2022,94.38,Toys,3,France,51,Male,Pending,yes,13.99
CUST_101842,MARK MOORE,user1842@invalid,320-777-8407,3/30/2023 0:00,,Home & Garden,3.4,USA,57,Female,DELIVERED,N,28.77
CUST_101508,William Wilson,william.95@outlook.com,390-669-9040,5/23/2022 0:00,$429.19 ,Sports,7,Canada,53,Female,Cancelled,No,8.92
CUST_101154,anthony garcia,anthony.85@,606-230,7/27/2020 0:00,249.9,Home & Garden,2,USA,77,Female,PENDING,No,18.05
CUST_101528,Richard Martin,richard.21@company.com,840-995-4920,4/7/2024 0:00,176.87,Home & Garden,1,Australia,122,Female,Pending,Yes,44.14
CUST_100831,Maria Brown,maria.34@company.com,201-827-3069,12/31/2023 0:00,721.4,Home & Garden,3,United Kingdom,53,Male,Delivered,Yes,25.59
CUST_101267,Nancy Lopez,nancy.91@yahoo.com,192-899-6460,7/14/2018 0:00,140.92,Toys,2,USA,53,Female,Pending,No,29.57
CUST_101590,Nancy Moore,nancy.86@company.com,981-214-8252,N/A,582.25,,1,DE,23,Male,Pending,Yes,27.97
CUST_101899,Daniel Thomas,daniel.57@company.com,797-815-1732,5/30/2021 0:00,673.23,Electronics,3,Germany,55,Female,Cancelled,Yes,14.52
CUST_100562,Donald Moore,donald.92@hotmail.com,,4/11/2023 0:00,304.66,Sports,2,US,79,Female,Cancelled,No,21.15
CUST_101951,LISA RODRIGUEZ,lisa.65@hotmail.com,343-799-9037,21-08-2023,775.13,CLOTHING,3,AUS,79,Male,Shipped,,
CUST_100686,"  BETTY LOPEZ  	",betty.71@company.com,769.351.7278,8/22/2018 0:00,652.67,Automotive,,United Kingdom,59,Female,Pending,Yes,25.31
CUST_100957,Michael Hernandez,USER957@GMAIL.COM,3701783797,,736.8,Electronics,10,FR,76,Female,Pending,No,25.33
CUST_100189,Ruth Williams,,754-328-4772,2/24/2024 0:00,198.96,Sports,3,France,28,Female,Delivered,,22.88
CUST_101806,Helen Jones,helen.16@hotmail.com,548-470-3608,8/30/2019 0:00,756.67,Sports,2.9,Australia,47,Female,Shipped,Yes,28
CUST_100975,John Lopez,john.97@yahoo.com,-7677,3/18/2024 0:00,646.84,Clothing,3,,29,Female,,Yes,17.84
CUST_100699,Steven Lopez,steven.57@outlook.com,818-208-2208,12/6/2018 0:00,767.89,Automotive,5,AUS,40,Male,Shipped,No,21.43
CUST_101499,Lisa Wilson,lisa.31@company.com,-8477,11/4/2021 0:00,448.63,Clothing,4,AUS,45,Male,PENDING,Yes,6.63
CUST_903597,William Lopez,,691-240-8239,1/20/2022 0:00,687.03,Clothng,2,Japan,47,Male,Delivered,Yes,13.15
CUST_101082,Robert Johnson,robert.90@hotmail.com,394-176-9755,11/7/2019,126.97,,2,USA,73,Female,Pending,yes,21
CUST_100474,"  Jennifer Davis  	",,768-555-7018,5/30/2022 0:00,35881.39707,Home & Garden,3,Germany,25,Female,Pending,No,6.1
CUST_100747,Nancy Lopez,nancy.20@gmail.com,680-742-9151,5/20/2022 0:00,$585.75 ,Toys,3,Germany,39,,Shipd,Yes,24.19
CUST_100021,Richard Brown,,739-907-8244,10/6/2021 0:00,104.98,Electronics,3,JP,28,Male,Delivered,Yes,
CUST_100459,SANDRA MOORE,,826-411-8496,4/23/2021 0:00,618,,2,Germany,70,Female,Shipped,No,36.87
CUST_101184,Emma Hernandez,emma.32@,519-470-2305,7/6/2019 0:00,318.63,Books,,USA,54,Female,delivered,Yes,18.65
CUST_100955,Helen Martin,helen.12@outlook.com,566-245-1208,5/22/2023 0:00,,Books,5,United States,46,Male,Cancelled,Yes,49.97
CUST_101215,Susan Thomas,susan.56@hotmail.com,598-549-4664,8/5/2020 0:00,783.1,Automotive,1,FR,41,Male,Pending,Yes,6.87
CUST_101515,Donna Anderson,donna.47@hotmail.com,745-208-6206,10/15/2021 0:00,49.59,Clothing,4,canada,60,Female,,Yes,
CUST_100769,Maria Davis,maria.65@outlook.com,4361666198,8/29/2019 0:00,346.85,Home & Garden,7,UK,41,Male,Delivered,Yes,36.95
CUST_101685,Emma Jones,emma.90@outlook.com,116-381-6296,,23.71,Sports,3,FR,39,Female,Cancelled,Yes,26.47
CUST_100130,DANIEL THOMAS,daniel.33@outlook.com,,11/1/2024 0:00,724.48,Sports,5,UK,71,Male,Pending,Yes,20.82
CUST_101482,Lisa Miller,lisa.99@yahoo.com,860-181-8101,11-Jun-24,739.44,Toys,3,France,73,Female,Cancelled,No,41.94
CUST_100330,Susan Moore,susan.24@hotmail.com,,7/9/2022 0:00,291.15,Automotive,1,FR,51,Male,Pending,TRUE,22.88
CUST_101238,Thomas Thomas,,291-851-9138,6/18/2022 0:00,"$4,886.00 ",Electronics,,United Kingdom,37,Female,Pending,No,9.75
CUST_100466,Sandra Moore,sandra.52@gmail.com,198-464-8763,10/13/2021 0:00,153.3,,4,US,32,Male,Pending,0,41.1
CUST_101638,Mark Jones,mark.11@,319-288-6263,2/29/2024 0:00,350.48,Electronics,4,,,Male,Shipped,No,27.07
CUST_101095,Susan Gonzalez,susan.24@,765-458-8069,8/29/2019 0:00,81.61,Electronics,4,United Kingdom,,Male,Shipped,No,20.28
CUST_101130,Thomas Williams,,493-554-1727,11/25/2020 0:00,561.75,Sports,3,Australia,52,Female,Cancelled,No,$21.68 
CUST_101294,James Jackson,james.17@company.com,117 608 7449,4/12/2024 0:00,344.56,Books,3,CAN,59,Male,Pending,Yes,11.39
CUST_100860,James Anderson,james.15@,879-256-4543,4/16/2021 0:00,380.73,Clothing,2,AUS,61,Female,Cancelled,Yes,
